PRT1
940
1691
4 0 191 (1792 1024 660 ) (1792 1024 508 ) (1808 1024 508 ) (1808 1024 660 ) 
4 0 2 (1792 1024 508 ) (1792 1024 660 ) (1792 1792 660 ) (1792 1792 508 ) 
4 0 1 (1792 1792 660 ) (1792 1808 660 ) (1792 1808 508 ) (1792 1792 508 ) 
4 1 43 (1024 1808 660 ) (1024 1808 508 ) (1024 1792 508 ) (1024 1792 660 ) 
4 1 2 (1792 1792 508 ) (1792 1792 660 ) (1024 1792 660 ) (1024 1792 508 ) 
4 2 191 (1024 1024 660 ) (1024 1024 508 ) (1792 1024 508 ) (1792 1024 660 ) 
4 2 44 (1024 1024 508 ) (1024 1024 660 ) (1024 1792 660 ) (1024 1792 508 ) 
4 3 192 (1024 1024 296 ) (1024 1024 176 ) (1784 1024 176 ) (1784 1024 296 ) 
4 3 45 (1024 1024 176 ) (1024 1024 296 ) (1024 1784 296 ) (1024 1784 176 ) 
4 4 30 (1784 2040 152 ) (1784 1808 152 ) (1648 1808 152 ) (1648 2040 152 ) 
4 4 6 (1648 2040 152 ) (1648 1808 152 ) (1648 1808 160 ) (1648 2040 160 ) 
4 5 196 (2040 1024 160 ) (1808 1024 160 ) (1808 1024 152 ) (2040 1024 152 ) 
4 5 31 (2040 1024 152 ) (1808 1024 152 ) (1808 1784 152 ) (2040 1784 152 ) 
4 6 30 (1648 2040 152 ) (1648 1808 152 ) (1568 1808 152 ) (1568 2040 152 ) 
4 6 13 (1568 2040 152 ) (1568 1808 152 ) (1568 1808 160 ) (1568 2040 160 ) 
4 7 32 (1648 1696 152 ) (1648 1664 152 ) (1568 1664 152 ) (1568 1696 152 ) 
4 8 32 (1648 1600 152 ) (1648 1568 152 ) (1568 1568 152 ) (1568 1600 152 ) 
4 9 32 (1648 1504 152 ) (1648 1472 152 ) (1568 1472 152 ) (1568 1504 152 ) 
4 10 32 (1648 1408 152 ) (1648 1376 152 ) (1568 1376 152 ) (1568 1408 152 ) 
4 11 34 (1648 1184 152 ) (1648 1152 152 ) (1568 1152 152 ) (1568 1184 152 ) 
4 12 34 (1648 1088 152 ) (1648 1056 152 ) (1568 1056 152 ) (1568 1088 152 ) 
4 13 30 (1568 2040 152 ) (1568 1808 152 ) (1504 1808 152 ) (1504 2040 152 ) 
4 13 14 (1504 2040 152 ) (1504 1808 152 ) (1504 1808 160 ) (1504 2040 160 ) 
4 14 30 (1504 2040 152 ) (1504 1808 152 ) (1424 1808 152 ) (1424 2040 152 ) 
4 14 21 (1424 2040 152 ) (1424 1808 152 ) (1424 1808 160 ) (1424 2040 160 ) 
4 15 32 (1504 1696 152 ) (1504 1664 152 ) (1424 1664 152 ) (1424 1696 152 ) 
4 16 32 (1504 1600 152 ) (1504 1568 152 ) (1424 1568 152 ) (1424 1600 152 ) 
4 17 32 (1504 1504 152 ) (1504 1472 152 ) (1424 1472 152 ) (1424 1504 152 ) 
4 18 32 (1504 1408 152 ) (1504 1376 152 ) (1424 1376 152 ) (1424 1408 152 ) 
4 19 34 (1504 1184 152 ) (1504 1152 152 ) (1424 1152 152 ) (1424 1184 152 ) 
4 20 34 (1504 1088 152 ) (1504 1056 152 ) (1424 1056 152 ) (1424 1088 152 ) 
4 21 30 (1424 2040 152 ) (1424 1808 152 ) (1136 1808 152 ) (1136 2040 152 ) 
4 21 22 (1136 2040 152 ) (1136 1808 152 ) (1136 1808 160 ) (1136 2040 160 ) 
4 22 30 (1136 2040 152 ) (1136 1808 152 ) (1056 1808 152 ) (1056 2040 152 ) 
4 22 29 (1056 2040 152 ) (1056 1808 152 ) (1056 1808 160 ) (1056 2040 160 ) 
4 23 39 (1080 1664 152 ) (1056 1664 152 ) (1056 1696 152 ) (1080 1696 152 ) 
4 23 37 (1136 1696 152 ) (1136 1664 152 ) (1080 1664 152 ) (1080 1696 152 ) 
4 24 39 (1080 1568 152 ) (1056 1568 152 ) (1056 1600 152 ) (1080 1600 152 ) 
4 24 37 (1136 1600 152 ) (1136 1568 152 ) (1080 1568 152 ) (1080 1600 152 ) 
4 25 39 (1080 1472 152 ) (1056 1472 152 ) (1056 1504 152 ) (1080 1504 152 ) 
4 25 37 (1136 1504 152 ) (1136 1472 152 ) (1080 1472 152 ) (1080 1504 152 ) 
4 26 39 (1080 1376 152 ) (1056 1376 152 ) (1056 1408 152 ) (1080 1408 152 ) 
4 26 37 (1136 1408 152 ) (1136 1376 152 ) (1080 1376 152 ) (1080 1408 152 ) 
4 27 41 (1080 1152 152 ) (1056 1152 152 ) (1056 1184 152 ) (1080 1184 152 ) 
4 27 38 (1136 1184 152 ) (1136 1152 152 ) (1080 1152 152 ) (1080 1184 152 ) 
4 28 41 (1080 1056 152 ) (1056 1056 152 ) (1056 1088 152 ) (1080 1088 152 ) 
4 28 38 (1136 1088 152 ) (1136 1056 152 ) (1080 1056 152 ) (1080 1088 152 ) 
4 29 47 (1024 1808 160 ) (1024 2040 160 ) (1024 2040 152 ) (1024 1808 152 ) 
4 29 30 (1024 1808 152 ) (1024 2040 152 ) (1056 2040 152 ) (1056 1808 152 ) 
4 30 80 (1024 1808 152 ) (1024 2040 152 ) (1024 2040 0 ) (1024 1808 0 ) 
4 31 221 (2040 1024 152 ) (1808 1024 152 ) (1808 1024 0 ) (2040 1024 0 ) 
4 32 35 (1288 1592 0 ) (1288 1480 0 ) (1288 1480 152 ) (1288 1592 152 ) 
4 32 33 (1480 1288 0 ) (1592 1288 0 ) (1592 1288 152 ) (1480 1288 152 ) 
4 33 34 (1480 1280 0 ) (1592 1280 0 ) (1592 1280 152 ) (1480 1280 152 ) 
4 34 230 (1480 1024 152 ) (1288 1024 152 ) (1288 1024 0 ) (1480 1024 0 ) 
4 34 225 (1592 1024 152 ) (1480 1024 152 ) (1480 1024 0 ) (1592 1024 0 ) 
4 34 222 (1792 1024 152 ) (1592 1024 152 ) (1592 1024 0 ) (1792 1024 0 ) 
4 34 36 (1288 1080 0 ) (1288 1024 0 ) (1288 1024 152 ) (1288 1080 152 ) 
4 35 37 (1280 1592 0 ) (1280 1480 0 ) (1280 1480 152 ) (1280 1592 152 ) 
4 36 231 (1288 1024 152 ) (1280 1024 152 ) (1280 1024 0 ) (1288 1024 0 ) 
4 36 38 (1280 1080 0 ) (1280 1024 0 ) (1280 1024 152 ) (1280 1080 152 ) 
4 37 39 (1080 1792 152 ) (1080 1792 0 ) (1080 1288 0 ) (1080 1288 152 ) 
4 38 240 (1280 1024 152 ) (1080 1024 152 ) (1080 1024 0 ) (1280 1024 0 ) 
4 38 41 (1080 1280 0 ) (1080 1024 0 ) (1080 1024 152 ) (1080 1280 152 ) 
4 39 89 (1024 1288 152 ) (1024 1480 152 ) (1024 1480 0 ) (1024 1288 0 ) 
4 39 84 (1024 1480 152 ) (1024 1592 152 ) (1024 1592 0 ) (1024 1480 0 ) 
4 39 81 (1024 1592 152 ) (1024 1792 152 ) (1024 1792 0 ) (1024 1592 0 ) 
4 39 40 (1024 1288 0 ) (1080 1288 0 ) (1080 1288 152 ) (1024 1288 152 ) 
4 40 92 (1024 1280 152 ) (1024 1288 152 ) (1024 1288 0 ) (1024 1280 0 ) 
4 40 41 (1024 1280 0 ) (1080 1280 0 ) (1080 1280 152 ) (1024 1280 152 ) 
4 41 243 (1080 1024 152 ) (1024 1024 152 ) (1024 1024 0 ) (1080 1024 0 ) 
4 41 98 (1024 1024 0 ) (1024 1024 152 ) (1024 1080 152 ) (1024 1080 0 ) 
4 41 95 (1024 1080 152 ) (1024 1280 152 ) (1024 1280 0 ) (1024 1080 0 ) 
4 42 248 (1784 1024 -16 ) (1024 1024 -16 ) (1024 1024 -136 ) (1784 1024 -136 ) 
4 42 103 (1024 1024 -136 ) (1024 1024 -16 ) (1024 1784 -16 ) (1024 1784 -136 ) 
4 43 106 (0 1808 660 ) (0 1808 508 ) (0 1792 508 ) (0 1792 660 ) 
4 43 44 (1024 1792 508 ) (1024 1792 660 ) (0 1792 660 ) (0 1792 508 ) 
4 44 371 (32 1024 660 ) (0 1024 660 ) (0 1024 508 ) (32 1024 508 ) 
4 44 363 (112 1024 660 ) (32 1024 660 ) (32 1024 508 ) (112 1024 508 ) 
4 44 360 (400 1024 660 ) (112 1024 660 ) (112 1024 508 ) (400 1024 508 ) 
4 44 352 (480 1024 660 ) (400 1024 660 ) (400 1024 508 ) (480 1024 508 ) 
4 44 350 (544 1024 660 ) (480 1024 660 ) (480 1024 508 ) (544 1024 508 ) 
4 44 342 (624 1024 660 ) (544 1024 660 ) (544 1024 508 ) (624 1024 508 ) 
4 44 340 (912 1024 660 ) (624 1024 660 ) (624 1024 508 ) (912 1024 508 ) 
4 44 332 (992 1024 660 ) (912 1024 660 ) (912 1024 508 ) (992 1024 508 ) 
4 44 330 (1024 1024 508 ) (1024 1024 660 ) (992 1024 660 ) (992 1024 508 ) 
4 44 107 (0 1024 508 ) (0 1024 660 ) (0 1792 660 ) (0 1792 508 ) 
4 45 361 (400 1024 296 ) (264 1024 296 ) (264 1024 176 ) (400 1024 176 ) 
4 45 353 (480 1024 296 ) (400 1024 296 ) (400 1024 176 ) (480 1024 176 ) 
4 45 351 (544 1024 296 ) (480 1024 296 ) (480 1024 176 ) (544 1024 176 ) 
4 45 343 (624 1024 296 ) (544 1024 296 ) (544 1024 176 ) (624 1024 176 ) 
4 45 341 (912 1024 296 ) (624 1024 296 ) (624 1024 176 ) (912 1024 176 ) 
4 45 333 (992 1024 296 ) (912 1024 296 ) (912 1024 176 ) (992 1024 176 ) 
4 45 331 (1024 1024 176 ) (1024 1024 296 ) (992 1024 296 ) (992 1024 176 ) 
4 46 372 (32 1024 296 ) (0 1024 296 ) (0 1024 176 ) (32 1024 176 ) 
4 46 364 (112 1024 296 ) (32 1024 296 ) (32 1024 176 ) (112 1024 176 ) 
4 46 362 (248 1024 296 ) (112 1024 296 ) (112 1024 176 ) (248 1024 176 ) 
4 46 108 (0 1024 176 ) (0 1024 296 ) (0 1784 296 ) (0 1784 176 ) 
4 47 80 (1024 2040 152 ) (1024 1808 152 ) (992 1808 152 ) (992 2040 152 ) 
4 47 48 (992 2040 152 ) (992 1808 152 ) (992 1808 160 ) (992 2040 160 ) 
4 48 80 (992 2040 152 ) (992 1808 152 ) (912 1808 152 ) (912 2040 152 ) 
4 48 55 (912 2040 152 ) (912 1808 152 ) (912 1808 160 ) (912 2040 160 ) 
4 49 81 (992 1696 152 ) (992 1664 152 ) (912 1664 152 ) (912 1696 152 ) 
4 50 84 (992 1592 152 ) (992 1568 152 ) (912 1568 152 ) (912 1592 152 ) 
4 50 81 (992 1600 152 ) (992 1592 152 ) (912 1592 152 ) (912 1600 152 ) 
4 51 89 (992 1480 152 ) (992 1472 152 ) (912 1472 152 ) (912 1480 152 ) 
4 51 84 (992 1504 152 ) (992 1480 152 ) (912 1480 152 ) (912 1504 152 ) 
4 52 89 (992 1408 152 ) (992 1376 152 ) (912 1376 152 ) (912 1408 152 ) 
4 53 95 (992 1184 152 ) (992 1152 152 ) (912 1152 152 ) (912 1184 152 ) 
4 54 98 (992 1080 152 ) (992 1056 152 ) (912 1056 152 ) (912 1080 152 ) 
4 54 95 (992 1088 152 ) (992 1080 152 ) (912 1080 152 ) (912 1088 152 ) 
4 55 80 (912 2040 152 ) (912 1808 152 ) (624 1808 152 ) (624 2040 152 ) 
4 55 56 (624 2040 152 ) (624 1808 152 ) (624 1808 160 ) (624 2040 160 ) 
4 56 80 (624 2040 152 ) (624 1808 152 ) (544 1808 152 ) (544 2040 152 ) 
4 56 63 (544 2040 152 ) (544 1808 152 ) (544 1808 160 ) (544 2040 160 ) 
4 57 82 (624 1696 152 ) (624 1664 152 ) (544 1664 152 ) (544 1696 152 ) 
4 58 86 (624 1592 152 ) (624 1568 152 ) (544 1568 152 ) (544 1592 152 ) 
4 58 82 (624 1600 152 ) (624 1592 152 ) (544 1592 152 ) (544 1600 152 ) 
4 59 90 (624 1480 152 ) (624 1472 152 ) (544 1472 152 ) (544 1480 152 ) 
4 59 86 (624 1504 152 ) (624 1480 152 ) (544 1480 152 ) (544 1504 152 ) 
4 60 90 (624 1408 152 ) (624 1376 152 ) (544 1376 152 ) (544 1408 152 ) 
4 61 96 (624 1184 152 ) (624 1152 152 ) (544 1152 152 ) (544 1184 152 ) 
4 62 100 (624 1080 152 ) (624 1056 152 ) (544 1056 152 ) (544 1080 152 ) 
4 62 96 (624 1088 152 ) (624 1080 152 ) (544 1080 152 ) (544 1088 152 ) 
4 63 80 (544 2040 152 ) (544 1808 152 ) (480 1808 152 ) (480 2040 152 ) 
4 63 64 (480 2040 152 ) (480 1808 152 ) (480 1808 160 ) (480 2040 160 ) 
4 64 80 (480 2040 152 ) (480 1808 152 ) (400 1808 152 ) (400 2040 152 ) 
4 64 71 (400 2040 152 ) (400 1808 152 ) (400 1808 160 ) (400 2040 160 ) 
4 65 82 (480 1696 152 ) (480 1664 152 ) (400 1664 152 ) (400 1696 152 ) 
4 66 86 (480 1592 152 ) (480 1568 152 ) (400 1568 152 ) (400 1592 152 ) 
4 66 82 (480 1600 152 ) (480 1592 152 ) (400 1592 152 ) (400 1600 152 ) 
4 67 90 (480 1480 152 ) (480 1472 152 ) (400 1472 152 ) (400 1480 152 ) 
4 67 86 (480 1504 152 ) (480 1480 152 ) (400 1480 152 ) (400 1504 152 ) 
4 68 90 (480 1408 152 ) (480 1376 152 ) (400 1376 152 ) (400 1408 152 ) 
4 69 96 (480 1184 152 ) (480 1152 152 ) (400 1152 152 ) (400 1184 152 ) 
4 70 100 (480 1080 152 ) (480 1056 152 ) (400 1056 152 ) (400 1080 152 ) 
4 70 96 (480 1088 152 ) (480 1080 152 ) (400 1080 152 ) (400 1088 152 ) 
4 71 80 (400 2040 152 ) (400 1808 152 ) (112 1808 152 ) (112 2040 152 ) 
4 71 72 (112 2040 152 ) (112 1808 152 ) (112 1808 160 ) (112 2040 160 ) 
4 72 80 (112 2040 152 ) (112 1808 152 ) (32 1808 152 ) (32 2040 152 ) 
4 72 79 (32 2040 152 ) (32 1808 152 ) (32 1808 160 ) (32 2040 160 ) 
4 73 83 (112 1696 152 ) (112 1664 152 ) (32 1664 152 ) (32 1696 152 ) 
4 74 88 (112 1592 152 ) (112 1568 152 ) (32 1568 152 ) (32 1592 152 ) 
4 74 83 (112 1600 152 ) (112 1592 152 ) (32 1592 152 ) (32 1600 152 ) 
4 75 91 (112 1480 152 ) (112 1472 152 ) (32 1472 152 ) (32 1480 152 ) 
4 75 88 (112 1504 152 ) (112 1480 152 ) (32 1480 152 ) (32 1504 152 ) 
4 76 91 (112 1408 152 ) (112 1376 152 ) (32 1376 152 ) (32 1408 152 ) 
4 77 97 (112 1184 152 ) (112 1152 152 ) (32 1152 152 ) (32 1184 152 ) 
4 78 102 (112 1080 152 ) (112 1056 152 ) (32 1056 152 ) (32 1080 152 ) 
4 78 97 (112 1088 152 ) (112 1080 152 ) (32 1080 152 ) (32 1088 152 ) 
4 79 109 (0 1808 160 ) (0 2040 160 ) (0 2040 152 ) (0 1808 152 ) 
4 79 80 (32 2040 152 ) (32 1808 152 ) (0 1808 152 ) (0 2040 152 ) 
4 80 142 (0 1808 152 ) (0 2040 152 ) (0 2040 0 ) (0 1808 0 ) 
4 81 84 (776 1592 0 ) (1024 1592 0 ) (1024 1592 152 ) (776 1592 152 ) 
4 82 86 (264 1592 0 ) (768 1592 0 ) (768 1592 152 ) (264 1592 152 ) 
4 83 143 (0 1592 152 ) (0 1792 152 ) (0 1792 0 ) (0 1592 0 ) 
4 83 88 (0 1592 0 ) (256 1592 0 ) (256 1592 152 ) (0 1592 152 ) 
4 84 89 (776 1480 0 ) (1024 1480 0 ) (1024 1480 152 ) (776 1480 152 ) 
4 84 85 (776 1592 152 ) (776 1592 0 ) (776 1480 0 ) (776 1480 152 ) 
4 85 86 (768 1592 152 ) (768 1592 0 ) (768 1480 0 ) (768 1480 152 ) 
4 86 90 (264 1480 0 ) (768 1480 0 ) (768 1480 152 ) (264 1480 152 ) 
4 86 87 (264 1592 152 ) (264 1592 0 ) (264 1480 0 ) (264 1480 152 ) 
4 87 88 (256 1592 152 ) (256 1592 0 ) (256 1480 0 ) (256 1480 152 ) 
4 88 146 (0 1480 152 ) (0 1592 152 ) (0 1592 0 ) (0 1480 0 ) 
4 88 91 (0 1480 0 ) (256 1480 0 ) (256 1480 152 ) (0 1480 152 ) 
4 89 92 (968 1288 0 ) (1024 1288 0 ) (1024 1288 152 ) (968 1288 152 ) 
4 90 93 (456 1288 0 ) (568 1288 0 ) (568 1288 152 ) (456 1288 152 ) 
4 91 151 (0 1288 152 ) (0 1480 152 ) (0 1480 0 ) (0 1288 0 ) 
4 91 94 (0 1288 0 ) (56 1288 0 ) (56 1288 152 ) (0 1288 152 ) 
4 92 95 (968 1280 0 ) (1024 1280 0 ) (1024 1280 152 ) (968 1280 152 ) 
4 93 96 (456 1280 0 ) (568 1280 0 ) (568 1280 152 ) (456 1280 152 ) 
4 94 154 (0 1280 152 ) (0 1288 152 ) (0 1288 0 ) (0 1280 0 ) 
4 94 97 (0 1280 0 ) (56 1280 0 ) (56 1280 152 ) (0 1280 152 ) 
4 95 98 (776 1080 0 ) (1024 1080 0 ) (1024 1080 152 ) (776 1080 152 ) 
4 96 100 (264 1080 0 ) (768 1080 0 ) (768 1080 152 ) (264 1080 152 ) 
4 97 157 (0 1080 152 ) (0 1280 152 ) (0 1280 0 ) (0 1080 0 ) 
4 97 102 (0 1080 0 ) (256 1080 0 ) (256 1080 152 ) (0 1080 152 ) 
4 98 387 (1024 1024 0 ) (1024 1024 152 ) (776 1024 152 ) (776 1024 0 ) 
4 98 99 (776 1080 152 ) (776 1080 0 ) (776 1024 0 ) (776 1024 152 ) 
4 99 388 (776 1024 152 ) (768 1024 152 ) (768 1024 0 ) (776 1024 0 ) 
4 99 100 (768 1080 152 ) (768 1080 0 ) (768 1024 0 ) (768 1024 152 ) 
4 100 389 (768 1024 152 ) (264 1024 152 ) (264 1024 0 ) (768 1024 0 ) 
4 100 101 (264 1080 152 ) (264 1080 0 ) (264 1024 0 ) (264 1024 152 ) 
4 101 390 (264 1024 152 ) (256 1024 152 ) (256 1024 0 ) (264 1024 0 ) 
4 101 102 (256 1080 152 ) (256 1080 0 ) (256 1024 0 ) (256 1024 152 ) 
4 102 391 (256 1024 152 ) (0 1024 152 ) (0 1024 0 ) (256 1024 0 ) 
4 102 160 (0 1024 0 ) (0 1024 152 ) (0 1080 152 ) (0 1080 0 ) 
4 103 414 (1024 1024 -136 ) (1024 1024 -16 ) (264 1024 -16 ) (264 1024 -136 ) 
4 104 417 (248 1024 -16 ) (0 1024 -16 ) (0 1024 -136 ) (248 1024 -136 ) 
4 104 166 (0 1024 -136 ) (0 1024 -16 ) (0 1288 -16 ) (0 1288 -136 ) 
4 104 165 (0 1288 -16 ) (0 1784 -16 ) (0 1784 -136 ) (0 1288 -136 ) 
4 105 418 (56 1024 -360 ) (56 1024 -208 ) (0 1024 -208 ) (0 1024 -360 ) 
4 105 167 (0 1024 -360 ) (0 1024 -208 ) (0 1288 -208 ) (0 1288 -360 ) 
4 106 169 (-1024 1808 660 ) (-1024 1808 508 ) (-1024 1792 508 ) (-1024 1792 660 ) 
4 106 107 (-1024 1792 660 ) (-1024 1792 508 ) (0 1792 508 ) (0 1792 660 ) 
4 107 465 (-992 1024 660 ) (-1024 1024 660 ) (-1024 1024 508 ) (-992 1024 508 ) 
4 107 457 (-912 1024 660 ) (-992 1024 660 ) (-992 1024 508 ) (-912 1024 508 ) 
4 107 455 (-624 1024 660 ) (-912 1024 660 ) (-912 1024 508 ) (-624 1024 508 ) 
4 107 447 (-544 1024 660 ) (-624 1024 660 ) (-624 1024 508 ) (-544 1024 508 ) 
4 107 445 (-480 1024 660 ) (-544 1024 660 ) (-544 1024 508 ) (-480 1024 508 ) 
4 107 437 (-400 1024 660 ) (-480 1024 660 ) (-480 1024 508 ) (-400 1024 508 ) 
4 107 435 (-112 1024 660 ) (-400 1024 660 ) (-400 1024 508 ) (-112 1024 508 ) 
4 107 427 (-32 1024 660 ) (-112 1024 660 ) (-112 1024 508 ) (-32 1024 508 ) 
4 107 425 (0 1024 508 ) (0 1024 660 ) (-32 1024 660 ) (-32 1024 508 ) 
4 107 170 (-1024 1024 508 ) (-1024 1024 660 ) (-1024 1792 660 ) (-1024 1792 508 ) 
4 108 466 (-992 1024 296 ) (-1024 1024 296 ) (-1024 1024 176 ) (-992 1024 176 ) 
4 108 458 (-912 1024 296 ) (-992 1024 296 ) (-992 1024 176 ) (-912 1024 176 ) 
4 108 456 (-624 1024 296 ) (-912 1024 296 ) (-912 1024 176 ) (-624 1024 176 ) 
4 108 448 (-544 1024 296 ) (-624 1024 296 ) (-624 1024 176 ) (-544 1024 176 ) 
4 108 446 (-480 1024 296 ) (-544 1024 296 ) (-544 1024 176 ) (-480 1024 176 ) 
4 108 438 (-400 1024 296 ) (-480 1024 296 ) (-480 1024 176 ) (-400 1024 176 ) 
4 108 436 (-112 1024 296 ) (-400 1024 296 ) (-400 1024 176 ) (-112 1024 176 ) 
4 108 428 (-32 1024 296 ) (-112 1024 296 ) (-112 1024 176 ) (-32 1024 176 ) 
4 108 426 (0 1024 176 ) (0 1024 296 ) (-32 1024 296 ) (-32 1024 176 ) 
4 108 171 (-1024 1024 176 ) (-1024 1024 296 ) (-1024 1784 296 ) (-1024 1784 176 ) 
4 109 142 (0 2040 152 ) (0 1808 152 ) (-32 1808 152 ) (-32 2040 152 ) 
4 109 110 (-32 2040 152 ) (-32 1808 152 ) (-32 1808 160 ) (-32 2040 160 ) 
4 110 142 (-32 2040 152 ) (-32 1808 152 ) (-112 1808 152 ) (-112 2040 152 ) 
4 110 117 (-112 2040 152 ) (-112 1808 152 ) (-112 1808 160 ) (-112 2040 160 ) 
4 111 143 (-32 1696 152 ) (-32 1664 152 ) (-112 1664 152 ) (-112 1696 152 ) 
4 112 146 (-32 1592 152 ) (-32 1568 152 ) (-112 1568 152 ) (-112 1592 152 ) 
4 112 143 (-32 1600 152 ) (-32 1592 152 ) (-112 1592 152 ) (-112 1600 152 ) 
4 113 151 (-32 1480 152 ) (-32 1472 152 ) (-112 1472 152 ) (-112 1480 152 ) 
4 113 146 (-32 1504 152 ) (-32 1480 152 ) (-112 1480 152 ) (-112 1504 152 ) 
4 114 151 (-32 1408 152 ) (-32 1376 152 ) (-112 1376 152 ) (-112 1408 152 ) 
4 115 157 (-32 1184 152 ) (-32 1152 152 ) (-112 1152 152 ) (-112 1184 152 ) 
4 116 160 (-32 1080 152 ) (-32 1056 152 ) (-112 1056 152 ) (-112 1080 152 ) 
4 116 157 (-32 1088 152 ) (-32 1080 152 ) (-112 1080 152 ) (-112 1088 152 ) 
4 117 142 (-112 2040 152 ) (-112 1808 152 ) (-400 1808 152 ) (-400 2040 152 ) 
4 117 118 (-400 2040 152 ) (-400 1808 152 ) (-400 1808 160 ) (-400 2040 160 ) 
4 118 142 (-400 2040 152 ) (-400 1808 152 ) (-480 1808 152 ) (-480 2040 152 ) 
4 118 125 (-480 2040 152 ) (-480 1808 152 ) (-480 1808 160 ) (-480 2040 160 ) 
4 119 144 (-400 1696 152 ) (-400 1664 152 ) (-480 1664 152 ) (-480 1696 152 ) 
4 120 148 (-400 1592 152 ) (-400 1568 152 ) (-480 1568 152 ) (-480 1592 152 ) 
4 120 144 (-400 1600 152 ) (-400 1592 152 ) (-480 1592 152 ) (-480 1600 152 ) 
4 121 152 (-400 1480 152 ) (-400 1472 152 ) (-480 1472 152 ) (-480 1480 152 ) 
4 121 148 (-400 1504 152 ) (-400 1480 152 ) (-480 1480 152 ) (-480 1504 152 ) 
4 122 152 (-400 1408 152 ) (-400 1376 152 ) (-480 1376 152 ) (-480 1408 152 ) 
4 123 158 (-400 1184 152 ) (-400 1152 152 ) (-480 1152 152 ) (-480 1184 152 ) 
4 124 162 (-400 1080 152 ) (-400 1056 152 ) (-480 1056 152 ) (-480 1080 152 ) 
4 124 158 (-400 1088 152 ) (-400 1080 152 ) (-480 1080 152 ) (-480 1088 152 ) 
4 125 142 (-480 2040 152 ) (-480 1808 152 ) (-544 1808 152 ) (-544 2040 152 ) 
4 125 126 (-544 2040 152 ) (-544 1808 152 ) (-544 1808 160 ) (-544 2040 160 ) 
4 126 142 (-544 2040 152 ) (-544 1808 152 ) (-624 1808 152 ) (-624 2040 152 ) 
4 126 133 (-624 2040 152 ) (-624 1808 152 ) (-624 1808 160 ) (-624 2040 160 ) 
4 127 144 (-544 1696 152 ) (-544 1664 152 ) (-624 1664 152 ) (-624 1696 152 ) 
4 128 148 (-544 1592 152 ) (-544 1568 152 ) (-624 1568 152 ) (-624 1592 152 ) 
4 128 144 (-544 1600 152 ) (-544 1592 152 ) (-624 1592 152 ) (-624 1600 152 ) 
4 129 152 (-544 1480 152 ) (-544 1472 152 ) (-624 1472 152 ) (-624 1480 152 ) 
4 129 148 (-544 1504 152 ) (-544 1480 152 ) (-624 1480 152 ) (-624 1504 152 ) 
4 130 152 (-544 1408 152 ) (-544 1376 152 ) (-624 1376 152 ) (-624 1408 152 ) 
4 131 158 (-544 1184 152 ) (-544 1152 152 ) (-624 1152 152 ) (-624 1184 152 ) 
4 132 162 (-544 1080 152 ) (-544 1056 152 ) (-624 1056 152 ) (-624 1080 152 ) 
4 132 158 (-544 1088 152 ) (-544 1080 152 ) (-624 1080 152 ) (-624 1088 152 ) 
4 133 142 (-624 2040 152 ) (-624 1808 152 ) (-912 1808 152 ) (-912 2040 152 ) 
4 133 134 (-912 2040 152 ) (-912 1808 152 ) (-912 1808 160 ) (-912 2040 160 ) 
4 134 142 (-912 2040 152 ) (-912 1808 152 ) (-992 1808 152 ) (-992 2040 152 ) 
4 134 141 (-992 2040 152 ) (-992 1808 152 ) (-992 1808 160 ) (-992 2040 160 ) 
4 135 145 (-912 1696 152 ) (-912 1664 152 ) (-992 1664 152 ) (-992 1696 152 ) 
4 136 150 (-912 1592 152 ) (-912 1568 152 ) (-992 1568 152 ) (-992 1592 152 ) 
4 136 145 (-912 1600 152 ) (-912 1592 152 ) (-992 1592 152 ) (-992 1600 152 ) 
4 137 153 (-912 1480 152 ) (-912 1472 152 ) (-992 1472 152 ) (-992 1480 152 ) 
4 137 150 (-912 1504 152 ) (-912 1480 152 ) (-992 1480 152 ) (-992 1504 152 ) 
4 138 153 (-912 1408 152 ) (-912 1376 152 ) (-992 1376 152 ) (-992 1408 152 ) 
4 139 159 (-912 1184 152 ) (-912 1152 152 ) (-992 1152 152 ) (-992 1184 152 ) 
4 140 164 (-912 1080 152 ) (-912 1056 152 ) (-992 1056 152 ) (-992 1080 152 ) 
4 140 159 (-912 1088 152 ) (-912 1080 152 ) (-992 1080 152 ) (-992 1088 152 ) 
4 141 173 (-1024 1808 160 ) (-1024 2040 160 ) (-1024 2040 152 ) (-1024 1808 152 ) 
4 141 142 (-1024 1808 152 ) (-1024 2040 152 ) (-992 2040 152 ) (-992 1808 152 ) 
4 142 182 (-1024 1808 152 ) (-1024 2040 152 ) (-1024 2040 0 ) (-1024 1808 0 ) 
4 143 146 (-248 1592 0 ) (0 1592 0 ) (0 1592 152 ) (-248 1592 152 ) 
4 144 148 (-760 1592 0 ) (-256 1592 0 ) (-256 1592 152 ) (-760 1592 152 ) 
4 145 183 (-1024 1592 152 ) (-1024 1792 152 ) (-1024 1792 0 ) (-1024 1592 0 ) 
4 145 150 (-1024 1592 0 ) (-768 1592 0 ) (-768 1592 152 ) (-1024 1592 152 ) 
4 146 151 (-248 1480 0 ) (0 1480 0 ) (0 1480 152 ) (-248 1480 152 ) 
4 146 147 (-248 1592 152 ) (-248 1592 0 ) (-248 1480 0 ) (-248 1480 152 ) 
4 147 148 (-256 1592 152 ) (-256 1592 0 ) (-256 1480 0 ) (-256 1480 152 ) 
4 148 152 (-760 1480 0 ) (-256 1480 0 ) (-256 1480 152 ) (-760 1480 152 ) 
4 148 149 (-760 1592 152 ) (-760 1592 0 ) (-760 1480 0 ) (-760 1480 152 ) 
4 149 150 (-768 1592 152 ) (-768 1592 0 ) (-768 1480 0 ) (-768 1480 152 ) 
4 150 183 (-1024 1480 152 ) (-1024 1592 152 ) (-1024 1592 0 ) (-1024 1480 0 ) 
4 150 153 (-1024 1480 0 ) (-768 1480 0 ) (-768 1480 152 ) (-1024 1480 152 ) 
4 151 154 (-56 1288 0 ) (0 1288 0 ) (0 1288 152 ) (-56 1288 152 ) 
4 152 155 (-568 1288 0 ) (-456 1288 0 ) (-456 1288 152 ) (-568 1288 152 ) 
4 153 183 (-1024 1288 152 ) (-1024 1480 152 ) (-1024 1480 0 ) (-1024 1288 0 ) 
4 153 156 (-1024 1288 0 ) (-968 1288 0 ) (-968 1288 152 ) (-1024 1288 152 ) 
4 154 157 (-56 1280 0 ) (0 1280 0 ) (0 1280 152 ) (-56 1280 152 ) 
4 155 158 (-568 1280 0 ) (-456 1280 0 ) (-456 1280 152 ) (-568 1280 152 ) 
4 156 184 (-1024 1280 152 ) (-1024 1288 152 ) (-1024 1288 0 ) (-1024 1280 0 ) 
4 156 159 (-1024 1280 0 ) (-968 1280 0 ) (-968 1280 152 ) (-1024 1280 152 ) 
4 157 160 (-248 1080 0 ) (0 1080 0 ) (0 1080 152 ) (-248 1080 152 ) 
4 158 162 (-760 1080 0 ) (-256 1080 0 ) (-256 1080 152 ) (-760 1080 152 ) 
4 159 185 (-1024 1080 152 ) (-1024 1280 152 ) (-1024 1280 0 ) (-1024 1080 0 ) 
4 159 164 (-1024 1080 0 ) (-768 1080 0 ) (-768 1080 152 ) (-1024 1080 152 ) 
4 160 486 (-56 1024 152 ) (-248 1024 152 ) (-248 1024 0 ) (-56 1024 0 ) 
4 160 481 (0 1024 0 ) (0 1024 152 ) (-56 1024 152 ) (-56 1024 0 ) 
4 160 161 (-248 1080 152 ) (-248 1080 0 ) (-248 1024 0 ) (-248 1024 152 ) 
4 161 487 (-248 1024 152 ) (-256 1024 152 ) (-256 1024 0 ) (-248 1024 0 ) 
4 161 162 (-256 1080 152 ) (-256 1080 0 ) (-256 1024 0 ) (-256 1024 152 ) 
4 162 496 (-256 1024 152 ) (-760 1024 152 ) (-760 1024 0 ) (-256 1024 0 ) 
4 162 163 (-760 1080 152 ) (-760 1080 0 ) (-760 1024 0 ) (-760 1024 152 ) 
4 163 497 (-760 1024 152 ) (-768 1024 152 ) (-768 1024 0 ) (-760 1024 0 ) 
4 163 164 (-768 1080 152 ) (-768 1080 0 ) (-768 1024 0 ) (-768 1024 152 ) 
4 164 509 (-968 1024 152 ) (-1024 1024 152 ) (-1024 1024 0 ) (-968 1024 0 ) 
4 164 506 (-768 1024 152 ) (-968 1024 152 ) (-968 1024 0 ) (-768 1024 0 ) 
4 164 185 (-1024 1024 0 ) (-1024 1024 152 ) (-1024 1080 152 ) (-1024 1080 0 ) 
4 165 189 (-1024 1288 -136 ) (-1024 1288 -16 ) (-1024 1784 -16 ) (-1024 1784 -136 ) 
4 165 168 (-56 1288 -16 ) (-1024 1288 -16 ) (-1024 1288 -136 ) (-56 1288 -136 ) 
4 165 166 (0 1288 -136 ) (0 1288 -16 ) (-56 1288 -16 ) (-56 1288 -136 ) 
4 166 514 (0 1024 -136 ) (0 1024 -16 ) (-56 1024 -16 ) (-56 1024 -136 ) 
4 166 168 (-56 1288 -16 ) (-56 1288 -136 ) (-56 1024 -136 ) (-56 1024 -16 ) 
4 167 515 (0 1024 -360 ) (0 1024 -208 ) (-56 1024 -208 ) (-56 1024 -360 ) 
4 168 514 (-56 1024 -136 ) (-56 1024 -16 ) (-1024 1024 -16 ) (-1024 1024 -136 ) 
4 168 189 (-1024 1024 -136 ) (-1024 1024 -16 ) (-1024 1288 -16 ) (-1024 1288 -136 ) 
4 169 172 (-1280 1792 508 ) (-1280 1792 660 ) (-1280 1808 660 ) (-1280 1808 508 ) 
4 169 170 (-1280 1792 660 ) (-1280 1792 508 ) (-1024 1792 508 ) (-1024 1792 660 ) 
4 170 829 (-1136 1024 660 ) (-1280 1024 660 ) (-1280 1024 508 ) (-1136 1024 508 ) 
4 170 821 (-1056 1024 660 ) (-1136 1024 660 ) (-1136 1024 508 ) (-1056 1024 508 ) 
4 170 819 (-1024 1024 508 ) (-1024 1024 660 ) (-1056 1024 660 ) (-1056 1024 508 ) 
4 170 172 (-1280 1024 508 ) (-1280 1024 660 ) (-1280 1792 660 ) (-1280 1792 508 ) 
4 171 830 (-1136 1024 296 ) (-1272 1024 296 ) (-1272 1024 176 ) (-1136 1024 176 ) 
4 171 822 (-1056 1024 296 ) (-1136 1024 296 ) (-1136 1024 176 ) (-1056 1024 176 ) 
4 171 820 (-1024 1024 176 ) (-1024 1024 296 ) (-1056 1024 296 ) (-1056 1024 176 ) 
4 172 848 (-1296 1024 660 ) (-1296 1024 508 ) (-1280 1024 508 ) (-1280 1024 660 ) 
4 173 182 (-1056 1808 152 ) (-1056 2040 152 ) (-1024 2040 152 ) (-1024 1808 152 ) 
4 173 174 (-1056 2040 152 ) (-1056 1808 152 ) (-1056 1808 160 ) (-1056 2040 160 ) 
4 174 182 (-1136 1808 152 ) (-1136 2040 152 ) (-1056 2040 152 ) (-1056 1808 152 ) 
4 174 181 (-1136 2040 152 ) (-1136 1808 152 ) (-1136 1808 160 ) (-1136 2040 160 ) 
4 175 183 (-1136 1664 152 ) (-1136 1696 152 ) (-1056 1696 152 ) (-1056 1664 152 ) 
4 176 183 (-1136 1568 152 ) (-1136 1600 152 ) (-1056 1600 152 ) (-1056 1568 152 ) 
4 177 183 (-1136 1472 152 ) (-1136 1504 152 ) (-1056 1504 152 ) (-1056 1472 152 ) 
4 178 183 (-1136 1376 152 ) (-1136 1408 152 ) (-1056 1408 152 ) (-1056 1376 152 ) 
4 179 186 (-1136 1152 152 ) (-1136 1184 152 ) (-1080 1184 152 ) (-1080 1152 152 ) 
4 179 185 (-1080 1184 152 ) (-1056 1184 152 ) (-1056 1152 152 ) (-1080 1152 152 ) 
4 180 186 (-1136 1056 152 ) (-1136 1088 152 ) (-1080 1088 152 ) (-1080 1056 152 ) 
4 180 185 (-1080 1088 152 ) (-1056 1088 152 ) (-1056 1056 152 ) (-1080 1056 152 ) 
4 181 182 (-1272 1808 152 ) (-1272 2040 152 ) (-1136 2040 152 ) (-1136 1808 152 ) 
4 183 187 (-1272 1592 0 ) (-1272 1480 0 ) (-1272 1480 152 ) (-1272 1592 152 ) 
4 183 184 (-1080 1288 0 ) (-1024 1288 0 ) (-1024 1288 152 ) (-1080 1288 152 ) 
4 184 185 (-1080 1280 152 ) (-1080 1280 0 ) (-1024 1280 0 ) (-1024 1280 152 ) 
4 185 835 (-1024 1024 0 ) (-1024 1024 152 ) (-1080 1024 152 ) (-1080 1024 0 ) 
4 185 186 (-1080 1280 0 ) (-1080 1024 0 ) (-1080 1024 152 ) (-1080 1280 152 ) 
4 186 839 (-1080 1024 152 ) (-1272 1024 152 ) (-1272 1024 0 ) (-1080 1024 0 ) 
4 186 188 (-1272 1080 0 ) (-1272 1024 0 ) (-1272 1024 152 ) (-1272 1080 152 ) 
4 188 840 (-1272 1024 152 ) (-1280 1024 152 ) (-1280 1024 0 ) (-1272 1024 0 ) 
4 189 843 (-1024 1024 -136 ) (-1024 1024 -16 ) (-1272 1024 -16 ) (-1272 1024 -136 ) 
4 190 849 (-1296 1024 160 ) (-1528 1024 160 ) (-1528 1024 0 ) (-1296 1024 0 ) 
4 191 330 (1024 1024 660 ) (1024 1024 508 ) (1024 256 508 ) (1024 256 660 ) 
4 191 194 (1024 256 660 ) (1024 256 508 ) (1792 256 508 ) (1792 256 660 ) 
4 191 193 (1792 256 508 ) (1808 256 508 ) (1808 256 660 ) (1792 256 660 ) 
4 192 331 (1024 1024 296 ) (1024 1024 176 ) (1024 264 176 ) (1024 264 296 ) 
4 193 251 (1792 0 660 ) (1792 0 508 ) (1808 0 508 ) (1808 0 660 ) 
4 193 194 (1792 256 660 ) (1792 256 508 ) (1792 0 508 ) (1792 0 660 ) 
4 194 373 (1024 0 508 ) (1024 0 660 ) (1024 256 660 ) (1024 256 508 ) 
4 194 251 (1024 0 660 ) (1024 0 508 ) (1792 0 508 ) (1792 0 660 ) 
4 195 374 (1024 0 176 ) (1024 0 296 ) (1024 248 296 ) (1024 248 176 ) 
4 195 253 (1024 0 296 ) (1024 0 176 ) (1784 0 176 ) (1784 0 296 ) 
4 196 254 (2040 0 160 ) (1808 0 160 ) (1808 0 152 ) (2040 0 152 ) 
4 196 221 (2040 0 152 ) (1808 0 152 ) (1808 1024 152 ) (2040 1024 152 ) 
4 197 225 (1568 960 152 ) (1568 992 152 ) (1592 992 152 ) (1592 960 152 ) 
4 197 222 (1592 992 152 ) (1648 992 152 ) (1648 960 152 ) (1592 960 152 ) 
4 198 225 (1568 864 152 ) (1568 896 152 ) (1592 896 152 ) (1592 864 152 ) 
4 198 222 (1592 896 152 ) (1648 896 152 ) (1648 864 152 ) (1592 864 152 ) 
4 199 227 (1568 640 152 ) (1568 672 152 ) (1592 672 152 ) (1592 640 152 ) 
4 199 223 (1592 672 152 ) (1648 672 152 ) (1648 640 152 ) (1592 640 152 ) 
4 200 227 (1568 544 152 ) (1568 576 152 ) (1592 576 152 ) (1592 544 152 ) 
4 200 223 (1592 576 152 ) (1648 576 152 ) (1648 544 152 ) (1592 544 152 ) 
4 201 227 (1568 448 152 ) (1568 480 152 ) (1592 480 152 ) (1592 448 152 ) 
4 201 223 (1592 480 152 ) (1648 480 152 ) (1648 448 152 ) (1592 448 152 ) 
4 202 227 (1568 352 152 ) (1568 384 152 ) (1592 384 152 ) (1592 352 152 ) 
4 202 223 (1592 384 152 ) (1648 384 152 ) (1648 352 152 ) (1592 352 152 ) 
4 203 229 (1568 128 152 ) (1568 160 152 ) (1592 160 152 ) (1592 128 152 ) 
4 203 224 (1592 160 152 ) (1648 160 152 ) (1648 128 152 ) (1592 128 152 ) 
4 204 229 (1568 32 152 ) (1568 64 152 ) (1592 64 152 ) (1592 32 152 ) 
4 204 224 (1592 64 152 ) (1648 64 152 ) (1648 32 152 ) (1592 32 152 ) 
4 205 232 (1424 960 152 ) (1424 968 152 ) (1480 968 152 ) (1480 960 152 ) 
4 205 230 (1424 968 152 ) (1424 992 152 ) (1480 992 152 ) (1480 968 152 ) 
4 205 225 (1480 992 152 ) (1504 992 152 ) (1504 960 152 ) (1480 960 152 ) 
4 206 232 (1424 864 152 ) (1424 896 152 ) (1480 896 152 ) (1480 864 152 ) 
4 206 225 (1480 896 152 ) (1504 896 152 ) (1504 864 152 ) (1480 864 152 ) 
4 207 233 (1424 640 152 ) (1424 672 152 ) (1480 672 152 ) (1480 640 152 ) 
4 207 227 (1480 672 152 ) (1504 672 152 ) (1504 640 152 ) (1480 640 152 ) 
4 208 234 (1424 544 152 ) (1424 568 152 ) (1480 568 152 ) (1480 544 152 ) 
4 208 233 (1424 568 152 ) (1424 576 152 ) (1480 576 152 ) (1480 568 152 ) 
4 208 227 (1480 576 152 ) (1504 576 152 ) (1504 544 152 ) (1480 544 152 ) 
4 209 236 (1424 448 152 ) (1424 456 152 ) (1480 456 152 ) (1480 448 152 ) 
4 209 234 (1424 456 152 ) (1424 480 152 ) (1480 480 152 ) (1480 456 152 ) 
4 209 227 (1480 480 152 ) (1504 480 152 ) (1504 448 152 ) (1480 448 152 ) 
4 210 236 (1424 352 152 ) (1424 384 152 ) (1480 384 152 ) (1480 352 152 ) 
4 210 227 (1480 384 152 ) (1504 384 152 ) (1504 352 152 ) (1480 352 152 ) 
4 211 237 (1424 128 152 ) (1424 160 152 ) (1480 160 152 ) (1480 128 152 ) 
4 211 229 (1480 160 152 ) (1504 160 152 ) (1504 128 152 ) (1480 128 152 ) 
4 212 238 (1424 32 152 ) (1424 56 152 ) (1480 56 152 ) (1480 32 152 ) 
4 212 237 (1424 56 152 ) (1424 64 152 ) (1480 64 152 ) (1480 56 152 ) 
4 212 229 (1480 64 152 ) (1504 64 152 ) (1504 32 152 ) (1480 32 152 ) 
4 213 243 (1056 960 152 ) (1056 992 152 ) (1080 992 152 ) (1080 960 152 ) 
4 213 240 (1080 992 152 ) (1136 992 152 ) (1136 960 152 ) (1080 960 152 ) 
4 214 243 (1056 864 152 ) (1056 896 152 ) (1080 896 152 ) (1080 864 152 ) 
4 214 240 (1080 896 152 ) (1136 896 152 ) (1136 864 152 ) (1080 864 152 ) 
4 215 245 (1056 640 152 ) (1056 672 152 ) (1080 672 152 ) (1080 640 152 ) 
4 215 241 (1080 672 152 ) (1136 672 152 ) (1136 640 152 ) (1080 640 152 ) 
4 216 245 (1056 544 152 ) (1056 576 152 ) (1080 576 152 ) (1080 544 152 ) 
4 216 241 (1080 576 152 ) (1136 576 152 ) (1136 544 152 ) (1080 544 152 ) 
4 217 245 (1056 448 152 ) (1056 480 152 ) (1080 480 152 ) (1080 448 152 ) 
4 217 241 (1080 480 152 ) (1136 480 152 ) (1136 448 152 ) (1080 448 152 ) 
4 218 245 (1056 352 152 ) (1056 384 152 ) (1080 384 152 ) (1080 352 152 ) 
4 218 241 (1080 384 152 ) (1136 384 152 ) (1136 352 152 ) (1080 352 152 ) 
4 219 247 (1056 128 152 ) (1056 160 152 ) (1080 160 152 ) (1080 128 152 ) 
4 219 242 (1080 160 152 ) (1136 160 152 ) (1136 128 152 ) (1080 128 152 ) 
4 220 247 (1056 32 152 ) (1056 64 152 ) (1080 64 152 ) (1080 32 152 ) 
4 220 242 (1080 64 152 ) (1136 64 152 ) (1136 32 152 ) (1080 32 152 ) 
4 221 279 (2040 0 152 ) (1808 0 152 ) (1808 0 0 ) (2040 0 0 ) 
4 222 225 (1592 1024 0 ) (1592 776 0 ) (1592 776 152 ) (1592 1024 152 ) 
4 223 227 (1592 768 0 ) (1592 264 0 ) (1592 264 152 ) (1592 768 152 ) 
4 224 280 (1792 0 152 ) (1592 0 152 ) (1592 0 0 ) (1792 0 0 ) 
4 224 229 (1592 256 0 ) (1592 0 0 ) (1592 0 152 ) (1592 256 152 ) 
4 225 232 (1480 968 0 ) (1480 776 0 ) (1480 776 152 ) (1480 968 152 ) 
4 225 230 (1480 1024 0 ) (1480 968 0 ) (1480 968 152 ) (1480 1024 152 ) 
4 225 226 (1480 776 152 ) (1480 776 0 ) (1592 776 0 ) (1592 776 152 ) 
4 226 227 (1480 768 152 ) (1480 768 0 ) (1592 768 0 ) (1592 768 152 ) 
4 227 236 (1480 456 0 ) (1480 264 0 ) (1480 264 152 ) (1480 456 152 ) 
4 227 234 (1480 568 0 ) (1480 456 0 ) (1480 456 152 ) (1480 568 152 ) 
4 227 233 (1480 768 0 ) (1480 568 0 ) (1480 568 152 ) (1480 768 152 ) 
4 227 228 (1480 264 152 ) (1480 264 0 ) (1592 264 0 ) (1592 264 152 ) 
4 228 229 (1480 256 152 ) (1480 256 0 ) (1592 256 0 ) (1592 256 152 ) 
4 229 283 (1592 0 152 ) (1480 0 152 ) (1480 0 0 ) (1592 0 0 ) 
4 229 238 (1480 56 0 ) (1480 0 0 ) (1480 0 152 ) (1480 56 152 ) 
4 229 237 (1480 256 0 ) (1480 56 0 ) (1480 56 152 ) (1480 256 152 ) 
4 230 232 (1288 968 0 ) (1480 968 0 ) (1480 968 152 ) (1288 968 152 ) 
4 230 231 (1288 1024 0 ) (1288 968 0 ) (1288 968 152 ) (1288 1024 152 ) 
4 231 240 (1280 1024 0 ) (1280 968 0 ) (1280 968 152 ) (1280 1024 152 ) 
4 233 234 (1288 568 0 ) (1480 568 0 ) (1480 568 152 ) (1288 568 152 ) 
4 234 236 (1288 456 0 ) (1480 456 0 ) (1480 456 152 ) (1288 456 152 ) 
4 234 235 (1288 568 152 ) (1288 568 0 ) (1288 456 0 ) (1288 456 152 ) 
4 235 241 (1280 568 0 ) (1280 456 0 ) (1280 456 152 ) (1280 568 152 ) 
4 237 238 (1288 56 0 ) (1480 56 0 ) (1480 56 152 ) (1288 56 152 ) 
4 238 288 (1480 0 152 ) (1288 0 152 ) (1288 0 0 ) (1480 0 0 ) 
4 238 239 (1288 56 152 ) (1288 56 0 ) (1288 0 0 ) (1288 0 152 ) 
4 239 289 (1288 0 152 ) (1280 0 152 ) (1280 0 0 ) (1288 0 0 ) 
4 239 242 (1280 56 0 ) (1280 0 0 ) (1280 0 152 ) (1280 56 152 ) 
4 240 243 (1080 1024 0 ) (1080 776 0 ) (1080 776 152 ) (1080 1024 152 ) 
4 241 245 (1080 768 0 ) (1080 264 0 ) (1080 264 152 ) (1080 768 152 ) 
4 242 298 (1280 0 152 ) (1080 0 152 ) (1080 0 0 ) (1280 0 0 ) 
4 242 247 (1080 256 0 ) (1080 0 0 ) (1080 0 152 ) (1080 256 152 ) 
4 243 392 (1024 968 0 ) (1024 776 0 ) (1024 776 152 ) (1024 968 152 ) 
4 243 387 (1024 1024 152 ) (1024 1024 0 ) (1024 968 0 ) (1024 968 152 ) 
4 243 244 (1024 776 0 ) (1080 776 0 ) (1080 776 152 ) (1024 776 152 ) 
4 244 395 (1024 776 0 ) (1024 768 0 ) (1024 768 152 ) (1024 776 152 ) 
4 244 245 (1024 768 0 ) (1080 768 0 ) (1080 768 152 ) (1024 768 152 ) 
4 245 398 (1024 768 0 ) (1024 264 0 ) (1024 264 152 ) (1024 768 152 ) 
4 245 246 (1024 264 0 ) (1080 264 0 ) (1080 264 152 ) (1024 264 152 ) 
4 246 403 (1024 264 0 ) (1024 256 0 ) (1024 256 152 ) (1024 264 152 ) 
4 246 247 (1024 256 0 ) (1080 256 0 ) (1080 256 152 ) (1024 256 152 ) 
4 247 409 (1024 56 0 ) (1024 0 0 ) (1024 0 152 ) (1024 56 152 ) 
4 247 406 (1024 256 0 ) (1024 56 0 ) (1024 56 152 ) (1024 256 152 ) 
4 247 301 (1080 0 152 ) (1024 0 152 ) (1024 0 0 ) (1080 0 0 ) 
4 248 414 (1024 1024 -16 ) (1024 1024 -136 ) (1024 264 -136 ) (1024 264 -16 ) 
4 249 415 (1024 248 -136 ) (1024 0 -136 ) (1024 0 -16 ) (1024 248 -16 ) 
4 249 307 (1288 0 -16 ) (1024 0 -16 ) (1024 0 -136 ) (1288 0 -136 ) 
4 249 306 (1784 0 -16 ) (1288 0 -16 ) (1288 0 -136 ) (1784 0 -136 ) 
4 250 416 (1024 0 -360 ) (1024 0 -208 ) (1024 56 -208 ) (1024 56 -360 ) 
4 250 308 (1288 0 -360 ) (1288 0 -208 ) (1024 0 -208 ) (1024 0 -360 ) 
4 251 523 (1024 0 660 ) (1024 0 508 ) (1024 -256 508 ) (1024 -256 660 ) 
4 251 252 (1808 -256 508 ) (1808 -256 660 ) (1024 -256 660 ) (1024 -256 508 ) 
4 252 525 (1024 -1024 508 ) (1024 -1024 660 ) (1024 -256 660 ) (1024 -256 508 ) 
4 252 311 (1024 -1024 660 ) (1024 -1024 508 ) (1792 -1024 508 ) (1792 -1024 660 ) 
4 252 310 (1792 -1024 508 ) (1808 -1024 508 ) (1808 -1024 660 ) (1792 -1024 660 ) 
4 253 526 (1024 -1024 176 ) (1024 -1024 296 ) (1024 -256 296 ) (1024 -256 176 ) 
4 253 524 (1024 -256 296 ) (1024 0 296 ) (1024 0 176 ) (1024 -256 176 ) 
4 253 312 (1024 -1024 296 ) (1024 -1024 176 ) (1784 -1024 176 ) (1784 -1024 296 ) 
4 254 314 (2040 -1024 160 ) (1808 -1024 160 ) (1808 -1024 152 ) (2040 -1024 152 ) 
4 254 279 (2040 -1024 152 ) (1808 -1024 152 ) (1808 0 152 ) (2040 0 152 ) 
4 255 283 (1568 -64 152 ) (1568 -32 152 ) (1592 -32 152 ) (1592 -64 152 ) 
4 255 280 (1592 -32 152 ) (1648 -32 152 ) (1648 -64 152 ) (1592 -64 152 ) 
4 256 283 (1568 -160 152 ) (1568 -128 152 ) (1592 -128 152 ) (1592 -160 152 ) 
4 256 280 (1592 -128 152 ) (1648 -128 152 ) (1648 -160 152 ) (1592 -160 152 ) 
4 257 285 (1568 -384 152 ) (1568 -352 152 ) (1592 -352 152 ) (1592 -384 152 ) 
4 257 281 (1592 -352 152 ) (1648 -352 152 ) (1648 -384 152 ) (1592 -384 152 ) 
4 258 285 (1568 -480 152 ) (1568 -448 152 ) (1592 -448 152 ) (1592 -480 152 ) 
4 258 281 (1592 -448 152 ) (1648 -448 152 ) (1648 -480 152 ) (1592 -480 152 ) 
4 259 285 (1568 -576 152 ) (1568 -544 152 ) (1592 -544 152 ) (1592 -576 152 ) 
4 259 281 (1592 -544 152 ) (1648 -544 152 ) (1648 -576 152 ) (1592 -576 152 ) 
4 260 285 (1568 -672 152 ) (1568 -640 152 ) (1592 -640 152 ) (1592 -672 152 ) 
4 260 281 (1592 -640 152 ) (1648 -640 152 ) (1648 -672 152 ) (1592 -672 152 ) 
4 261 287 (1568 -896 152 ) (1568 -864 152 ) (1592 -864 152 ) (1592 -896 152 ) 
4 261 282 (1592 -864 152 ) (1648 -864 152 ) (1648 -896 152 ) (1592 -896 152 ) 
4 262 287 (1568 -992 152 ) (1568 -960 152 ) (1592 -960 152 ) (1592 -992 152 ) 
4 262 282 (1592 -960 152 ) (1648 -960 152 ) (1648 -992 152 ) (1592 -992 152 ) 
4 263 290 (1424 -64 152 ) (1424 -56 152 ) (1480 -56 152 ) (1480 -64 152 ) 
4 263 288 (1424 -56 152 ) (1424 -32 152 ) (1480 -32 152 ) (1480 -56 152 ) 
4 263 283 (1480 -32 152 ) (1504 -32 152 ) (1504 -64 152 ) (1480 -64 152 ) 
4 264 290 (1424 -160 152 ) (1424 -128 152 ) (1480 -128 152 ) (1480 -160 152 ) 
4 264 283 (1480 -128 152 ) (1504 -128 152 ) (1504 -160 152 ) (1480 -160 152 ) 
4 265 291 (1424 -384 152 ) (1424 -352 152 ) (1480 -352 152 ) (1480 -384 152 ) 
4 265 285 (1480 -352 152 ) (1504 -352 152 ) (1504 -384 152 ) (1480 -384 152 ) 
4 266 292 (1424 -480 152 ) (1424 -456 152 ) (1480 -456 152 ) (1480 -480 152 ) 
4 266 291 (1424 -456 152 ) (1424 -448 152 ) (1480 -448 152 ) (1480 -456 152 ) 
4 266 285 (1480 -448 152 ) (1504 -448 152 ) (1504 -480 152 ) (1480 -480 152 ) 
4 267 294 (1424 -576 152 ) (1424 -568 152 ) (1480 -568 152 ) (1480 -576 152 ) 
4 267 292 (1424 -568 152 ) (1424 -544 152 ) (1480 -544 152 ) (1480 -568 152 ) 
4 267 285 (1480 -544 152 ) (1504 -544 152 ) (1504 -576 152 ) (1480 -576 152 ) 
4 268 294 (1424 -672 152 ) (1424 -640 152 ) (1480 -640 152 ) (1480 -672 152 ) 
4 268 285 (1480 -640 152 ) (1504 -640 152 ) (1504 -672 152 ) (1480 -672 152 ) 
4 269 295 (1424 -896 152 ) (1424 -864 152 ) (1480 -864 152 ) (1480 -896 152 ) 
4 269 287 (1480 -864 152 ) (1504 -864 152 ) (1504 -896 152 ) (1480 -896 152 ) 
4 270 296 (1424 -992 152 ) (1424 -968 152 ) (1480 -968 152 ) (1480 -992 152 ) 
4 270 295 (1424 -968 152 ) (1424 -960 152 ) (1480 -960 152 ) (1480 -968 152 ) 
4 270 287 (1480 -960 152 ) (1504 -960 152 ) (1504 -992 152 ) (1480 -992 152 ) 
4 271 301 (1056 -64 152 ) (1056 -32 152 ) (1080 -32 152 ) (1080 -64 152 ) 
4 271 298 (1080 -32 152 ) (1136 -32 152 ) (1136 -64 152 ) (1080 -64 152 ) 
4 272 301 (1056 -160 152 ) (1056 -128 152 ) (1080 -128 152 ) (1080 -160 152 ) 
4 272 298 (1080 -128 152 ) (1136 -128 152 ) (1136 -160 152 ) (1080 -160 152 ) 
4 273 303 (1056 -384 152 ) (1056 -352 152 ) (1080 -352 152 ) (1080 -384 152 ) 
4 273 299 (1080 -352 152 ) (1136 -352 152 ) (1136 -384 152 ) (1080 -384 152 ) 
4 274 303 (1056 -480 152 ) (1056 -448 152 ) (1080 -448 152 ) (1080 -480 152 ) 
4 274 299 (1080 -448 152 ) (1136 -448 152 ) (1136 -480 152 ) (1080 -480 152 ) 
4 275 303 (1056 -576 152 ) (1056 -544 152 ) (1080 -544 152 ) (1080 -576 152 ) 
4 275 299 (1080 -544 152 ) (1136 -544 152 ) (1136 -576 152 ) (1080 -576 152 ) 
4 276 303 (1056 -672 152 ) (1056 -640 152 ) (1080 -640 152 ) (1080 -672 152 ) 
4 276 299 (1080 -640 152 ) (1136 -640 152 ) (1136 -672 152 ) (1080 -672 152 ) 
4 277 305 (1056 -896 152 ) (1056 -864 152 ) (1080 -864 152 ) (1080 -896 152 ) 
4 277 300 (1080 -864 152 ) (1136 -864 152 ) (1136 -896 152 ) (1080 -896 152 ) 
4 278 305 (1056 -992 152 ) (1056 -960 152 ) (1080 -960 152 ) (1080 -992 152 ) 
4 278 300 (1080 -960 152 ) (1136 -960 152 ) (1136 -992 152 ) (1080 -992 152 ) 
4 279 321 (2040 -1024 152 ) (1808 -1024 152 ) (1808 -1024 0 ) (2040 -1024 0 ) 
4 280 283 (1592 0 0 ) (1592 -248 0 ) (1592 -248 152 ) (1592 0 152 ) 
4 281 285 (1592 -256 0 ) (1592 -760 0 ) (1592 -760 152 ) (1592 -256 152 ) 
4 282 322 (1792 -1024 152 ) (1592 -1024 152 ) (1592 -1024 0 ) (1792 -1024 0 ) 
4 282 287 (1592 -768 0 ) (1592 -1024 0 ) (1592 -1024 152 ) (1592 -768 152 ) 
4 283 290 (1480 -56 0 ) (1480 -248 0 ) (1480 -248 152 ) (1480 -56 152 ) 
4 283 288 (1480 0 0 ) (1480 -56 0 ) (1480 -56 152 ) (1480 0 152 ) 
4 283 284 (1480 -248 152 ) (1480 -248 0 ) (1592 -248 0 ) (1592 -248 152 ) 
4 284 285 (1480 -256 152 ) (1480 -256 0 ) (1592 -256 0 ) (1592 -256 152 ) 
4 285 294 (1480 -568 0 ) (1480 -760 0 ) (1480 -760 152 ) (1480 -568 152 ) 
4 285 292 (1480 -456 0 ) (1480 -568 0 ) (1480 -568 152 ) (1480 -456 152 ) 
4 285 291 (1480 -256 0 ) (1480 -456 0 ) (1480 -456 152 ) (1480 -256 152 ) 
4 285 286 (1480 -760 152 ) (1480 -760 0 ) (1592 -760 0 ) (1592 -760 152 ) 
4 286 287 (1480 -768 152 ) (1480 -768 0 ) (1592 -768 0 ) (1592 -768 152 ) 
4 287 322 (1592 -1024 152 ) (1480 -1024 152 ) (1480 -1024 0 ) (1592 -1024 0 ) 
4 287 296 (1480 -968 0 ) (1480 -1024 0 ) (1480 -1024 152 ) (1480 -968 152 ) 
4 287 295 (1480 -768 0 ) (1480 -968 0 ) (1480 -968 152 ) (1480 -768 152 ) 
4 288 290 (1288 -56 0 ) (1480 -56 0 ) (1480 -56 152 ) (1288 -56 152 ) 
4 288 289 (1288 0 0 ) (1288 -56 0 ) (1288 -56 152 ) (1288 0 152 ) 
4 289 298 (1280 0 0 ) (1280 -56 0 ) (1280 -56 152 ) (1280 0 152 ) 
4 291 292 (1288 -456 0 ) (1480 -456 0 ) (1480 -456 152 ) (1288 -456 152 ) 
4 292 294 (1288 -568 0 ) (1480 -568 0 ) (1480 -568 152 ) (1288 -568 152 ) 
4 292 293 (1288 -456 152 ) (1288 -456 0 ) (1288 -568 0 ) (1288 -568 152 ) 
4 293 299 (1280 -456 0 ) (1280 -568 0 ) (1280 -568 152 ) (1280 -456 152 ) 
4 295 296 (1288 -968 0 ) (1480 -968 0 ) (1480 -968 152 ) (1288 -968 152 ) 
4 296 322 (1480 -1024 152 ) (1288 -1024 152 ) (1288 -1024 0 ) (1480 -1024 0 ) 
4 296 297 (1288 -968 152 ) (1288 -968 0 ) (1288 -1024 0 ) (1288 -1024 152 ) 
4 297 323 (1288 -1024 152 ) (1280 -1024 152 ) (1280 -1024 0 ) (1288 -1024 0 ) 
4 297 300 (1280 -968 0 ) (1280 -1024 0 ) (1280 -1024 152 ) (1280 -968 152 ) 
4 298 301 (1080 0 0 ) (1080 -248 0 ) (1080 -248 152 ) (1080 0 152 ) 
4 299 303 (1080 -256 0 ) (1080 -760 0 ) (1080 -760 152 ) (1080 -256 152 ) 
4 300 326 (1280 -1024 152 ) (1080 -1024 152 ) (1080 -1024 0 ) (1280 -1024 0 ) 
4 300 305 (1080 -768 0 ) (1080 -1024 0 ) (1080 -1024 152 ) (1080 -768 152 ) 
4 301 631 (1024 -248 152 ) (1024 0 152 ) (1024 0 0 ) (1024 -248 0 ) 
4 301 302 (1024 -248 0 ) (1080 -248 0 ) (1080 -248 152 ) (1024 -248 152 ) 
4 302 632 (1024 -256 152 ) (1024 -248 152 ) (1024 -248 0 ) (1024 -256 0 ) 
4 302 303 (1024 -256 0 ) (1080 -256 0 ) (1080 -256 152 ) (1024 -256 152 ) 
4 303 633 (1024 -760 152 ) (1024 -256 152 ) (1024 -256 0 ) (1024 -760 0 ) 
4 303 304 (1024 -760 0 ) (1080 -760 0 ) (1080 -760 152 ) (1024 -760 152 ) 
4 304 634 (1024 -768 152 ) (1024 -760 152 ) (1024 -760 0 ) (1024 -768 0 ) 
4 304 305 (1024 -768 0 ) (1080 -768 0 ) (1080 -768 152 ) (1024 -768 152 ) 
4 305 635 (1024 -1024 0 ) (1024 -1024 152 ) (1024 -768 152 ) (1024 -768 0 ) 
4 305 327 (1080 -1024 152 ) (1024 -1024 152 ) (1024 -1024 0 ) (1080 -1024 0 ) 
4 306 328 (1784 -1024 -16 ) (1288 -1024 -16 ) (1288 -1024 -136 ) (1784 -1024 -136 ) 
4 306 309 (1288 -56 -136 ) (1288 -1024 -136 ) (1288 -1024 -16 ) (1288 -56 -16 ) 
4 306 307 (1288 0 -16 ) (1288 0 -136 ) (1288 -56 -136 ) (1288 -56 -16 ) 
4 307 663 (1024 -56 -136 ) (1024 -56 -16 ) (1024 0 -16 ) (1024 0 -136 ) 
4 307 309 (1288 -56 -136 ) (1288 -56 -16 ) (1024 -56 -16 ) (1024 -56 -136 ) 
4 308 664 (1024 -56 -360 ) (1024 -56 -208 ) (1024 0 -208 ) (1024 0 -360 ) 
4 309 663 (1024 -1024 -136 ) (1024 -1024 -16 ) (1024 -56 -16 ) (1024 -56 -136 ) 
4 309 328 (1288 -1024 -136 ) (1288 -1024 -16 ) (1024 -1024 -16 ) (1024 -1024 -136 ) 
4 310 313 (1792 -1280 508 ) (1792 -1296 508 ) (1792 -1296 660 ) (1792 -1280 660 ) 
4 310 311 (1792 -1024 660 ) (1792 -1024 508 ) (1792 -1280 508 ) (1792 -1280 660 ) 
4 311 876 (1024 -1024 660 ) (1024 -1024 508 ) (1024 -1280 508 ) (1024 -1280 660 ) 
4 311 313 (1792 -1280 508 ) (1792 -1280 660 ) (1024 -1280 660 ) (1024 -1280 508 ) 
4 312 877 (1024 -1024 296 ) (1024 -1024 176 ) (1024 -1272 176 ) (1024 -1272 296 ) 
4 313 900 (1024 -1280 660 ) (1024 -1280 508 ) (1024 -1296 508 ) (1024 -1296 660 ) 
4 314 321 (1808 -1272 152 ) (1808 -1024 152 ) (2040 -1024 152 ) (2040 -1272 152 ) 
4 315 324 (1568 -1088 152 ) (1568 -1080 152 ) (1648 -1080 152 ) (1648 -1088 152 ) 
4 315 322 (1568 -1080 152 ) (1568 -1056 152 ) (1648 -1056 152 ) (1648 -1080 152 ) 
4 316 324 (1568 -1184 152 ) (1568 -1152 152 ) (1648 -1152 152 ) (1648 -1184 152 ) 
4 317 324 (1424 -1088 152 ) (1424 -1080 152 ) (1504 -1080 152 ) (1504 -1088 152 ) 
4 317 322 (1424 -1080 152 ) (1424 -1056 152 ) (1504 -1056 152 ) (1504 -1080 152 ) 
4 318 324 (1424 -1184 152 ) (1424 -1152 152 ) (1504 -1152 152 ) (1504 -1184 152 ) 
4 319 326 (1080 -1056 152 ) (1136 -1056 152 ) (1136 -1088 152 ) (1080 -1088 152 ) 
4 319 327 (1056 -1088 152 ) (1056 -1056 152 ) (1080 -1056 152 ) (1080 -1088 152 ) 
4 320 326 (1080 -1152 152 ) (1136 -1152 152 ) (1136 -1184 152 ) (1080 -1184 152 ) 
4 320 327 (1056 -1184 152 ) (1056 -1152 152 ) (1080 -1152 152 ) (1080 -1184 152 ) 
4 322 324 (1288 -1080 0 ) (1792 -1080 0 ) (1792 -1080 152 ) (1288 -1080 152 ) 
4 322 323 (1288 -1024 0 ) (1288 -1080 0 ) (1288 -1080 152 ) (1288 -1024 152 ) 
4 323 326 (1280 -1024 0 ) (1280 -1080 0 ) (1280 -1080 152 ) (1280 -1024 152 ) 
4 324 325 (1480 -1272 0 ) (1592 -1272 0 ) (1592 -1272 152 ) (1480 -1272 152 ) 
4 326 327 (1080 -1024 0 ) (1080 -1272 0 ) (1080 -1272 152 ) (1080 -1024 152 ) 
4 327 893 (1024 -1280 0 ) (1024 -1280 152 ) (1024 -1272 152 ) (1024 -1272 0 ) 
4 327 891 (1024 -1272 152 ) (1024 -1080 152 ) (1024 -1080 0 ) (1024 -1272 0 ) 
4 327 887 (1024 -1080 152 ) (1024 -1024 152 ) (1024 -1024 0 ) (1024 -1080 0 ) 
4 328 895 (1024 -1272 -16 ) (1024 -1024 -16 ) (1024 -1024 -136 ) (1024 -1272 -136 ) 
4 329 901 (1024 -1528 160 ) (1024 -1296 160 ) (1024 -1296 0 ) (1024 -1528 0 ) 
4 330 373 (1024 256 508 ) (1024 256 660 ) (992 256 660 ) (992 256 508 ) 
4 330 332 (992 1024 660 ) (992 1024 508 ) (992 256 508 ) (992 256 660 ) 
4 331 333 (992 1024 296 ) (992 1024 176 ) (992 264 176 ) (992 264 296 ) 
4 332 373 (992 256 508 ) (992 256 660 ) (912 256 660 ) (912 256 508 ) 
4 332 340 (912 256 508 ) (912 256 660 ) (912 1024 660 ) (912 1024 508 ) 
4 333 341 (912 1024 296 ) (912 1024 176 ) (912 264 176 ) (912 264 296 ) 
4 334 392 (992 968 152 ) (992 960 152 ) (912 960 152 ) (912 968 152 ) 
4 334 387 (992 992 152 ) (992 968 152 ) (912 968 152 ) (912 992 152 ) 
4 335 392 (992 896 152 ) (992 864 152 ) (912 864 152 ) (912 896 152 ) 
4 336 398 (992 672 152 ) (992 640 152 ) (912 640 152 ) (912 672 152 ) 
4 337 398 (992 576 152 ) (992 544 152 ) (912 544 152 ) (912 576 152 ) 
4 338 398 (992 480 152 ) (992 448 152 ) (912 448 152 ) (912 480 152 ) 
4 339 398 (992 384 152 ) (992 352 152 ) (912 352 152 ) (912 384 152 ) 
4 340 373 (912 256 508 ) (912 256 660 ) (624 256 660 ) (624 256 508 ) 
4 340 342 (624 1024 660 ) (624 1024 508 ) (624 256 508 ) (624 256 660 ) 
4 341 343 (624 1024 296 ) (624 1024 176 ) (624 264 176 ) (624 264 296 ) 
4 342 377 (624 256 508 ) (624 256 660 ) (544 256 660 ) (544 256 508 ) 
4 342 350 (544 1024 660 ) (544 1024 508 ) (544 256 508 ) (544 256 660 ) 
4 343 351 (544 1024 296 ) (544 1024 176 ) (544 264 176 ) (544 264 296 ) 
4 344 393 (624 968 152 ) (624 960 152 ) (544 960 152 ) (544 968 152 ) 
4 344 389 (624 992 152 ) (624 968 152 ) (544 968 152 ) (544 992 152 ) 
4 345 393 (624 896 152 ) (624 864 152 ) (544 864 152 ) (544 896 152 ) 
4 346 400 (624 672 152 ) (624 640 152 ) (544 640 152 ) (544 672 152 ) 
4 347 400 (624 576 152 ) (624 544 152 ) (544 544 152 ) (544 576 152 ) 
4 348 400 (624 480 152 ) (624 448 152 ) (544 448 152 ) (544 480 152 ) 
4 349 400 (624 384 152 ) (624 352 152 ) (544 352 152 ) (544 384 152 ) 
4 350 377 (544 256 508 ) (544 256 660 ) (480 256 660 ) (480 256 508 ) 
4 350 352 (480 256 508 ) (480 256 660 ) (480 1024 660 ) (480 1024 508 ) 
4 351 353 (480 1024 296 ) (480 1024 176 ) (480 264 176 ) (480 264 296 ) 
4 352 377 (480 256 508 ) (480 256 660 ) (400 256 660 ) (400 256 508 ) 
4 352 360 (400 256 508 ) (400 256 660 ) (400 1024 660 ) (400 1024 508 ) 
4 353 361 (400 264 296 ) (400 1024 296 ) (400 1024 176 ) (400 264 176 ) 
4 354 393 (480 968 152 ) (480 960 152 ) (400 960 152 ) (400 968 152 ) 
4 354 389 (480 992 152 ) (480 968 152 ) (400 968 152 ) (400 992 152 ) 
4 355 393 (480 896 152 ) (480 864 152 ) (400 864 152 ) (400 896 152 ) 
4 356 400 (480 672 152 ) (480 640 152 ) (400 640 152 ) (400 672 152 ) 
4 357 400 (480 576 152 ) (480 544 152 ) (400 544 152 ) (400 576 152 ) 
4 358 400 (480 480 152 ) (480 448 152 ) (400 448 152 ) (400 480 152 ) 
4 359 400 (480 384 152 ) (480 352 152 ) (400 352 152 ) (400 384 152 ) 
4 360 383 (256 256 660 ) (112 256 660 ) (112 256 508 ) (256 256 508 ) 
4 360 377 (400 256 508 ) (400 256 660 ) (256 256 660 ) (256 256 508 ) 
4 360 363 (112 1024 660 ) (112 1024 508 ) (112 256 508 ) (112 256 660 ) 
4 362 364 (112 1024 296 ) (112 1024 176 ) (112 264 176 ) (112 264 296 ) 
4 363 383 (112 256 508 ) (112 256 660 ) (32 256 660 ) (32 256 508 ) 
4 363 371 (32 256 508 ) (32 256 660 ) (32 1024 660 ) (32 1024 508 ) 
4 364 372 (32 264 296 ) (32 1024 296 ) (32 1024 176 ) (32 264 176 ) 
4 365 394 (112 968 152 ) (112 960 152 ) (32 960 152 ) (32 968 152 ) 
4 365 391 (112 992 152 ) (112 968 152 ) (32 968 152 ) (32 992 152 ) 
4 366 394 (112 896 152 ) (112 864 152 ) (32 864 152 ) (32 896 152 ) 
4 367 402 (112 672 152 ) (112 640 152 ) (32 640 152 ) (32 672 152 ) 
4 368 402 (112 576 152 ) (112 544 152 ) (32 544 152 ) (32 576 152 ) 
4 369 402 (112 480 152 ) (112 448 152 ) (32 448 152 ) (32 480 152 ) 
4 370 402 (112 384 152 ) (112 352 152 ) (32 352 152 ) (32 384 152 ) 
4 371 425 (0 1024 660 ) (0 1024 508 ) (0 256 508 ) (0 256 660 ) 
4 371 383 (0 256 660 ) (0 256 508 ) (32 256 508 ) (32 256 660 ) 
4 372 426 (0 1024 296 ) (0 1024 176 ) (0 264 176 ) (0 264 296 ) 
4 373 539 (912 0 660 ) (624 0 660 ) (624 0 508 ) (912 0 508 ) 
4 373 527 (992 0 660 ) (912 0 660 ) (912 0 508 ) (992 0 508 ) 
4 373 523 (1024 0 508 ) (1024 0 660 ) (992 0 660 ) (992 0 508 ) 
4 373 377 (624 256 660 ) (624 256 508 ) (624 0 508 ) (624 0 660 ) 
4 374 540 (912 0 296 ) (624 0 296 ) (624 0 176 ) (912 0 176 ) 
4 374 528 (992 0 296 ) (912 0 296 ) (912 0 176 ) (992 0 176 ) 
4 374 524 (1024 0 176 ) (1024 0 296 ) (992 0 296 ) (992 0 176 ) 
4 374 378 (624 248 176 ) (624 0 176 ) (624 0 296 ) (624 248 296 ) 
4 375 406 (912 128 152 ) (912 160 152 ) (992 160 152 ) (992 128 152 ) 
4 376 409 (912 32 152 ) (912 56 152 ) (992 56 152 ) (992 32 152 ) 
4 376 406 (912 56 152 ) (912 64 152 ) (992 64 152 ) (992 56 152 ) 
4 377 587 (256 0 660 ) (256 0 508 ) (400 0 508 ) (400 0 660 ) 
4 377 559 (400 0 508 ) (480 0 508 ) (480 0 660 ) (400 0 660 ) 
4 377 555 (480 0 508 ) (544 0 508 ) (544 0 660 ) (480 0 660 ) 
4 377 543 (544 0 508 ) (624 0 508 ) (624 0 660 ) (544 0 660 ) 
4 377 383 (256 256 660 ) (256 256 508 ) (256 0 508 ) (256 0 660 ) 
4 378 588 (264 0 176 ) (400 0 176 ) (400 0 296 ) (264 0 296 ) 
4 378 560 (400 0 176 ) (480 0 176 ) (480 0 296 ) (400 0 296 ) 
4 378 556 (480 0 176 ) (544 0 176 ) (544 0 296 ) (480 0 296 ) 
4 378 544 (544 0 176 ) (624 0 176 ) (624 0 296 ) (544 0 296 ) 
4 379 407 (544 128 152 ) (544 160 152 ) (624 160 152 ) (624 128 152 ) 
4 380 411 (544 32 152 ) (544 56 152 ) (624 56 152 ) (624 32 152 ) 
4 380 407 (544 56 152 ) (544 64 152 ) (624 64 152 ) (624 56 152 ) 
4 381 407 (400 128 152 ) (400 160 152 ) (480 160 152 ) (480 128 152 ) 
4 382 411 (400 32 152 ) (400 56 152 ) (480 56 152 ) (480 32 152 ) 
4 382 407 (400 56 152 ) (400 64 152 ) (480 64 152 ) (480 56 152 ) 
4 383 623 (0 0 662 ) (0 0 508 ) (32 0 508 ) (32 0 662 ) 
4 383 595 (32 0 508 ) (112 0 508 ) (112 0 662 ) (32 0 662 ) 
4 383 591 (112 0 508 ) (256 0 508 ) (256 0 662 ) (112 0 662 ) 
4 383 467 (0 0 508 ) (0 0 662 ) (0 256 662 ) (0 256 508 ) 
4 384 624 (0 0 296 ) (0 0 176 ) (32 0 176 ) (32 0 296 ) 
4 384 596 (32 0 176 ) (112 0 176 ) (112 0 296 ) (32 0 296 ) 
4 384 592 (112 0 176 ) (248 0 176 ) (248 0 296 ) (112 0 296 ) 
4 384 468 (0 0 176 ) (0 0 296 ) (0 248 296 ) (0 248 176 ) 
4 385 408 (32 128 152 ) (32 160 152 ) (112 160 152 ) (112 128 152 ) 
4 386 413 (32 32 152 ) (32 56 152 ) (112 56 152 ) (112 32 152 ) 
4 386 408 (32 56 152 ) (32 64 152 ) (112 64 152 ) (112 56 152 ) 
4 387 392 (776 968 0 ) (1024 968 0 ) (1024 968 152 ) (776 968 152 ) 
4 387 388 (776 1024 0 ) (776 968 0 ) (776 968 152 ) (776 1024 152 ) 
4 388 389 (768 1024 0 ) (768 968 0 ) (768 968 152 ) (768 1024 152 ) 
4 389 393 (264 968 0 ) (768 968 0 ) (768 968 152 ) (264 968 152 ) 
4 389 390 (264 1024 0 ) (264 968 0 ) (264 968 152 ) (264 1024 152 ) 
4 390 391 (256 1024 0 ) (256 968 0 ) (256 968 152 ) (256 1024 152 ) 
4 391 481 (0 1024 152 ) (0 1024 0 ) (0 968 0 ) (0 968 152 ) 
4 391 394 (0 968 0 ) (256 968 0 ) (256 968 152 ) (0 968 152 ) 
4 392 395 (968 776 0 ) (1024 776 0 ) (1024 776 152 ) (968 776 152 ) 
4 393 396 (456 776 0 ) (568 776 0 ) (568 776 152 ) (456 776 152 ) 
4 394 481 (0 968 0 ) (0 776 0 ) (0 776 152 ) (0 968 152 ) 
4 394 397 (0 776 0 ) (56 776 0 ) (56 776 152 ) (0 776 152 ) 
4 395 398 (968 768 0 ) (1024 768 0 ) (1024 768 152 ) (968 768 152 ) 
4 396 400 (456 768 0 ) (568 768 0 ) (568 768 152 ) (456 768 152 ) 
4 397 482 (0 776 0 ) (0 768 0 ) (0 768 152 ) (0 776 152 ) 
4 397 402 (0 768 0 ) (56 768 0 ) (56 768 152 ) (0 768 152 ) 
4 398 403 (968 264 0 ) (1024 264 0 ) (1024 264 152 ) (968 264 152 ) 
4 398 399 (776 568 0 ) (776 456 0 ) (776 456 152 ) (776 568 152 ) 
4 399 400 (768 568 0 ) (768 456 0 ) (768 456 152 ) (768 568 152 ) 
4 400 404 (456 264 0 ) (568 264 0 ) (568 264 152 ) (456 264 152 ) 
4 400 401 (264 568 0 ) (264 456 0 ) (264 456 152 ) (264 568 152 ) 
4 401 402 (256 568 0 ) (256 456 0 ) (256 456 152 ) (256 568 152 ) 
4 402 483 (0 768 0 ) (0 264 0 ) (0 264 152 ) (0 768 152 ) 
4 402 405 (0 264 0 ) (56 264 0 ) (56 264 152 ) (0 264 152 ) 
4 403 406 (968 256 0 ) (1024 256 0 ) (1024 256 152 ) (968 256 152 ) 
4 404 407 (456 256 0 ) (568 256 0 ) (568 256 152 ) (456 256 152 ) 
4 405 484 (0 264 0 ) (0 256 0 ) (0 256 152 ) (0 264 152 ) 
4 405 408 (0 256 0 ) (56 256 0 ) (56 256 152 ) (0 256 152 ) 
4 406 409 (776 56 0 ) (1024 56 0 ) (1024 56 152 ) (776 56 152 ) 
4 407 411 (264 56 0 ) (768 56 0 ) (768 56 152 ) (264 56 152 ) 
4 408 485 (0 256 0 ) (0 56 0 ) (0 56 152 ) (0 256 152 ) 
4 408 413 (0 56 0 ) (256 56 0 ) (256 56 152 ) (0 56 152 ) 
4 409 636 (968 0 152 ) (776 0 152 ) (776 0 0 ) (968 0 0 ) 
4 409 631 (1024 0 0 ) (1024 0 152 ) (968 0 152 ) (968 0 0 ) 
4 409 410 (776 56 152 ) (776 56 0 ) (776 0 0 ) (776 0 152 ) 
4 410 637 (776 0 152 ) (768 0 152 ) (768 0 0 ) (776 0 0 ) 
4 410 411 (768 56 152 ) (768 56 0 ) (768 0 0 ) (768 0 152 ) 
4 411 646 (768 0 152 ) (264 0 152 ) (264 0 0 ) (768 0 0 ) 
4 411 412 (264 56 152 ) (264 56 0 ) (264 0 0 ) (264 0 152 ) 
4 412 647 (264 0 152 ) (256 0 152 ) (256 0 0 ) (264 0 0 ) 
4 412 413 (256 56 152 ) (256 56 0 ) (256 0 0 ) (256 0 152 ) 
4 413 658 (56 0 152 ) (0 0 152 ) (0 0 0 ) (56 0 0 ) 
4 413 655 (256 0 152 ) (56 0 152 ) (56 0 0 ) (256 0 0 ) 
4 413 485 (0 56 0 ) (0 0 0 ) (0 0 152 ) (0 56 152 ) 
4 415 663 (1024 0 -136 ) (1024 0 -16 ) (264 0 -16 ) (264 0 -136 ) 
4 416 664 (1024 0 -360 ) (1024 0 -208 ) (256 0 -208 ) (256 0 -360 ) 
4 416 423 (256 0 -360 ) (256 0 -208 ) (256 56 -208 ) (256 56 -360 ) 
4 417 514 (0 1024 -16 ) (0 1024 -136 ) (0 264 -136 ) (0 264 -16 ) 
4 418 515 (0 1024 -208 ) (0 1024 -360 ) (0 256 -360 ) (0 256 -208 ) 
4 418 423 (0 256 -208 ) (0 256 -360 ) (56 256 -360 ) (56 256 -208 ) 
4 419 665 (248 0 -16 ) (112 0 -16 ) (112 0 -136 ) (248 0 -136 ) 
4 419 420 (112 248 -136 ) (112 0 -136 ) (112 0 -16 ) (112 248 -16 ) 
4 420 674 (0 0 -16 ) (0 0 -136 ) (32 0 -136 ) (32 0 -16 ) 
4 420 666 (32 0 -136 ) (112 0 -136 ) (112 0 -16 ) (32 0 -16 ) 
4 420 516 (0 0 -136 ) (0 0 -16 ) (0 248 -16 ) (0 248 -136 ) 
4 421 423 (112 160 -208 ) (112 128 -208 ) (32 128 -208 ) (32 160 -208 ) 
4 422 423 (112 64 -208 ) (112 32 -208 ) (32 32 -208 ) (32 64 -208 ) 
4 423 676 (56 0 -208 ) (0 0 -208 ) (0 0 -360 ) (56 0 -360 ) 
4 423 675 (256 0 -360 ) (256 0 -208 ) (56 0 -208 ) (56 0 -360 ) 
4 423 521 (0 0 -360 ) (0 0 -208 ) (0 56 -208 ) (0 56 -360 ) 
4 423 520 (0 56 -208 ) (0 256 -208 ) (0 256 -360 ) (0 56 -360 ) 
4 424 677 (168 0 -440 ) (0 0 -440 ) (0 0 -744 ) (168 0 -744 ) 
4 424 522 (0 0 -744 ) (0 0 -440 ) (0 176 -440 ) (0 176 -744 ) 
4 425 467 (0 256 508 ) (0 256 660 ) (-32 256 660 ) (-32 256 508 ) 
4 425 427 (-32 256 508 ) (-32 256 660 ) (-32 1024 660 ) (-32 1024 508 ) 
4 426 428 (-32 1024 296 ) (-32 1024 176 ) (-32 264 176 ) (-32 264 296 ) 
4 427 467 (-32 256 508 ) (-32 256 660 ) (-112 256 660 ) (-112 256 508 ) 
4 427 435 (-112 1024 660 ) (-112 1024 508 ) (-112 256 508 ) (-112 256 660 ) 
4 428 436 (-112 1024 296 ) (-112 1024 176 ) (-112 264 176 ) (-112 264 296 ) 
4 429 488 (-56 960 152 ) (-112 960 152 ) (-112 968 152 ) (-56 968 152 ) 
4 429 486 (-112 968 152 ) (-112 992 152 ) (-56 992 152 ) (-56 968 152 ) 
4 429 481 (-32 992 152 ) (-32 960 152 ) (-56 960 152 ) (-56 992 152 ) 
4 430 488 (-56 864 152 ) (-112 864 152 ) (-112 896 152 ) (-56 896 152 ) 
4 430 481 (-32 896 152 ) (-32 864 152 ) (-56 864 152 ) (-56 896 152 ) 
4 431 489 (-56 640 152 ) (-112 640 152 ) (-112 672 152 ) (-56 672 152 ) 
4 431 483 (-32 672 152 ) (-32 640 152 ) (-56 640 152 ) (-56 672 152 ) 
4 432 490 (-56 544 152 ) (-112 544 152 ) (-112 568 152 ) (-56 568 152 ) 
4 432 489 (-112 568 152 ) (-112 576 152 ) (-56 576 152 ) (-56 568 152 ) 
4 432 483 (-32 576 152 ) (-32 544 152 ) (-56 544 152 ) (-56 576 152 ) 
4 433 492 (-56 448 152 ) (-112 448 152 ) (-112 456 152 ) (-56 456 152 ) 
4 433 490 (-112 456 152 ) (-112 480 152 ) (-56 480 152 ) (-56 456 152 ) 
4 433 483 (-32 480 152 ) (-32 448 152 ) (-56 448 152 ) (-56 480 152 ) 
4 434 492 (-56 352 152 ) (-112 352 152 ) (-112 384 152 ) (-56 384 152 ) 
4 434 483 (-32 384 152 ) (-32 352 152 ) (-56 352 152 ) (-56 384 152 ) 
4 435 471 (-256 256 660 ) (-400 256 660 ) (-400 256 508 ) (-256 256 508 ) 
4 435 467 (-112 256 508 ) (-112 256 660 ) (-256 256 660 ) (-256 256 508 ) 
4 435 437 (-400 256 508 ) (-400 256 660 ) (-400 1024 660 ) (-400 1024 508 ) 
4 436 438 (-400 1024 296 ) (-400 1024 176 ) (-400 264 176 ) (-400 264 296 ) 
4 437 471 (-400 256 508 ) (-400 256 660 ) (-480 256 660 ) (-480 256 508 ) 
4 437 445 (-480 1024 660 ) (-480 1024 508 ) (-480 256 508 ) (-480 256 660 ) 
4 438 446 (-480 1024 296 ) (-480 1024 176 ) (-480 264 176 ) (-480 264 296 ) 
4 439 498 (-400 968 152 ) (-400 960 152 ) (-480 960 152 ) (-480 968 152 ) 
4 439 496 (-400 992 152 ) (-400 968 152 ) (-480 968 152 ) (-480 992 152 ) 
4 440 498 (-400 896 152 ) (-400 864 152 ) (-480 864 152 ) (-480 896 152 ) 
4 441 500 (-400 672 152 ) (-400 640 152 ) (-480 640 152 ) (-480 672 152 ) 
4 442 500 (-400 576 152 ) (-400 544 152 ) (-480 544 152 ) (-480 576 152 ) 
4 443 500 (-400 480 152 ) (-400 448 152 ) (-480 448 152 ) (-480 480 152 ) 
4 444 500 (-400 384 152 ) (-400 352 152 ) (-480 352 152 ) (-480 384 152 ) 
4 445 471 (-480 256 508 ) (-480 256 660 ) (-544 256 660 ) (-544 256 508 ) 
4 445 447 (-544 256 508 ) (-544 256 660 ) (-544 1024 660 ) (-544 1024 508 ) 
4 446 448 (-544 264 296 ) (-544 1024 296 ) (-544 1024 176 ) (-544 264 176 ) 
4 447 471 (-544 256 508 ) (-544 256 660 ) (-624 256 660 ) (-624 256 508 ) 
4 447 455 (-624 1024 660 ) (-624 1024 508 ) (-624 256 508 ) (-624 256 660 ) 
4 448 456 (-624 1024 296 ) (-624 1024 176 ) (-624 264 176 ) (-624 264 296 ) 
4 449 498 (-544 968 152 ) (-544 960 152 ) (-624 960 152 ) (-624 968 152 ) 
4 449 496 (-544 992 152 ) (-544 968 152 ) (-624 968 152 ) (-624 992 152 ) 
4 450 498 (-544 896 152 ) (-544 864 152 ) (-624 864 152 ) (-624 896 152 ) 
4 451 500 (-544 672 152 ) (-544 640 152 ) (-624 640 152 ) (-624 672 152 ) 
4 452 500 (-544 576 152 ) (-544 544 152 ) (-624 544 152 ) (-624 576 152 ) 
4 453 500 (-544 480 152 ) (-544 448 152 ) (-624 448 152 ) (-624 480 152 ) 
4 454 500 (-544 384 152 ) (-544 352 152 ) (-624 352 152 ) (-624 384 152 ) 
4 455 477 (-624 256 508 ) (-624 256 660 ) (-912 256 660 ) (-912 256 508 ) 
4 455 457 (-912 256 508 ) (-912 256 660 ) (-912 1024 660 ) (-912 1024 508 ) 
4 456 458 (-912 1024 296 ) (-912 1024 176 ) (-912 264 176 ) (-912 264 296 ) 
4 457 477 (-912 256 508 ) (-912 256 660 ) (-992 256 660 ) (-992 256 508 ) 
4 457 465 (-992 1024 660 ) (-992 1024 508 ) (-992 256 508 ) (-992 256 660 ) 
4 458 466 (-992 1024 296 ) (-992 1024 176 ) (-992 264 176 ) (-992 264 296 ) 
4 459 509 (-968 960 152 ) (-992 960 152 ) (-992 992 152 ) (-968 992 152 ) 
4 459 506 (-912 992 152 ) (-912 960 152 ) (-968 960 152 ) (-968 992 152 ) 
4 460 509 (-968 864 152 ) (-992 864 152 ) (-992 896 152 ) (-968 896 152 ) 
4 460 506 (-912 896 152 ) (-912 864 152 ) (-968 864 152 ) (-968 896 152 ) 
4 461 511 (-968 640 152 ) (-992 640 152 ) (-992 672 152 ) (-968 672 152 ) 
4 461 507 (-912 672 152 ) (-912 640 152 ) (-968 640 152 ) (-968 672 152 ) 
4 462 511 (-968 544 152 ) (-992 544 152 ) (-992 576 152 ) (-968 576 152 ) 
4 462 507 (-912 576 152 ) (-912 544 152 ) (-968 544 152 ) (-968 576 152 ) 
4 463 511 (-968 448 152 ) (-992 448 152 ) (-992 480 152 ) (-968 480 152 ) 
4 463 507 (-912 480 152 ) (-912 448 152 ) (-968 448 152 ) (-968 480 152 ) 
4 464 511 (-968 352 152 ) (-992 352 152 ) (-992 384 152 ) (-968 384 152 ) 
4 464 507 (-912 384 152 ) (-912 352 152 ) (-968 352 152 ) (-968 384 152 ) 
4 465 819 (-1024 1024 660 ) (-1024 1024 508 ) (-1024 256 508 ) (-1024 256 660 ) 
4 465 477 (-1024 256 660 ) (-1024 256 508 ) (-992 256 508 ) (-992 256 660 ) 
4 466 820 (-1024 1024 296 ) (-1024 1024 176 ) (-1024 264 176 ) (-1024 264 296 ) 
4 467 682 (-112 0 662 ) (-256 0 662 ) (-256 0 508 ) (-112 0 508 ) 
4 467 678 (0 0 508 ) (0 0 662 ) (-112 0 662 ) (-112 0 508 ) 
4 467 471 (-256 256 660 ) (-256 256 508 ) (-256 0 508 ) (-256 0 660 ) 
4 468 683 (-112 0 296 ) (-256 0 296 ) (-256 0 176 ) (-112 0 176 ) 
4 468 679 (0 0 176 ) (0 0 296 ) (-112 0 296 ) (-112 0 176 ) 
4 468 472 (-256 248 176 ) (-256 0 176 ) (-256 0 296 ) (-256 248 296 ) 
4 469 493 (-112 128 152 ) (-112 160 152 ) (-56 160 152 ) (-56 128 152 ) 
4 469 485 (-56 160 152 ) (-32 160 152 ) (-32 128 152 ) (-56 128 152 ) 
4 470 494 (-112 32 152 ) (-112 56 152 ) (-56 56 152 ) (-56 32 152 ) 
4 470 493 (-112 56 152 ) (-112 64 152 ) (-56 64 152 ) (-56 56 152 ) 
4 470 485 (-56 64 152 ) (-32 64 152 ) (-32 32 152 ) (-56 32 152 ) 
4 471 690 (-624 0 660 ) (-624 0 508 ) (-544 0 508 ) (-544 0 660 ) 
4 471 686 (-544 0 508 ) (-400 0 508 ) (-400 0 660 ) (-544 0 660 ) 
4 471 684 (-400 0 508 ) (-256 0 508 ) (-256 0 660 ) (-400 0 660 ) 
4 471 477 (-624 256 660 ) (-624 256 508 ) (-624 0 508 ) (-624 0 660 ) 
4 472 691 (-624 0 296 ) (-624 0 176 ) (-544 0 176 ) (-544 0 296 ) 
4 472 687 (-544 0 176 ) (-400 0 176 ) (-400 0 296 ) (-544 0 296 ) 
4 472 685 (-400 0 176 ) (-256 0 176 ) (-256 0 296 ) (-400 0 296 ) 
4 472 478 (-624 248 176 ) (-624 0 176 ) (-624 0 296 ) (-624 248 296 ) 
4 473 503 (-480 128 152 ) (-480 160 152 ) (-400 160 152 ) (-400 128 152 ) 
4 474 504 (-480 32 152 ) (-480 56 152 ) (-400 56 152 ) (-400 32 152 ) 
4 474 503 (-480 56 152 ) (-480 64 152 ) (-400 64 152 ) (-400 56 152 ) 
4 475 503 (-624 128 152 ) (-624 160 152 ) (-544 160 152 ) (-544 128 152 ) 
4 476 504 (-624 32 152 ) (-624 56 152 ) (-544 56 152 ) (-544 32 152 ) 
4 476 503 (-624 56 152 ) (-624 64 152 ) (-544 64 152 ) (-544 56 152 ) 
4 477 831 (-1024 0 508 ) (-1024 0 660 ) (-1024 256 660 ) (-1024 256 508 ) 
4 477 696 (-1024 0 660 ) (-1024 0 508 ) (-912 0 508 ) (-912 0 660 ) 
4 477 694 (-912 0 508 ) (-624 0 508 ) (-624 0 660 ) (-912 0 660 ) 
4 478 832 (-1024 0 176 ) (-1024 0 296 ) (-1024 248 296 ) (-1024 248 176 ) 
4 478 704 (-1024 0 296 ) (-1024 0 176 ) (-992 0 176 ) (-992 0 296 ) 
4 478 697 (-992 0 176 ) (-912 0 176 ) (-912 0 296 ) (-992 0 296 ) 
4 478 695 (-912 0 176 ) (-624 0 176 ) (-624 0 296 ) (-912 0 296 ) 
4 479 513 (-992 128 152 ) (-992 160 152 ) (-968 160 152 ) (-968 128 152 ) 
4 479 508 (-968 160 152 ) (-912 160 152 ) (-912 128 152 ) (-968 128 152 ) 
4 480 513 (-992 32 152 ) (-992 64 152 ) (-968 64 152 ) (-968 32 152 ) 
4 480 508 (-968 64 152 ) (-912 64 152 ) (-912 32 152 ) (-968 32 152 ) 
4 481 488 (-56 968 0 ) (-56 776 0 ) (-56 776 152 ) (-56 968 152 ) 
4 481 486 (-56 1024 0 ) (-56 968 0 ) (-56 968 152 ) (-56 1024 152 ) 
4 481 482 (-56 776 152 ) (-56 776 0 ) (0 776 0 ) (0 776 152 ) 
4 482 483 (-56 768 152 ) (-56 768 0 ) (0 768 0 ) (0 768 152 ) 
4 483 492 (-56 456 0 ) (-56 264 0 ) (-56 264 152 ) (-56 456 152 ) 
4 483 490 (-56 568 0 ) (-56 456 0 ) (-56 456 152 ) (-56 568 152 ) 
4 483 489 (-56 768 0 ) (-56 568 0 ) (-56 568 152 ) (-56 768 152 ) 
4 483 484 (-56 264 152 ) (-56 264 0 ) (0 264 0 ) (0 264 152 ) 
4 484 485 (-56 256 152 ) (-56 256 0 ) (0 256 0 ) (0 256 152 ) 
4 485 775 (0 0 0 ) (0 0 152 ) (-56 0 152 ) (-56 0 0 ) 
4 485 494 (-56 56 0 ) (-56 0 0 ) (-56 0 152 ) (-56 56 152 ) 
4 485 493 (-56 256 0 ) (-56 56 0 ) (-56 56 152 ) (-56 256 152 ) 
4 486 488 (-248 968 0 ) (-56 968 0 ) (-56 968 152 ) (-248 968 152 ) 
4 486 487 (-248 1024 0 ) (-248 968 0 ) (-248 968 152 ) (-248 1024 152 ) 
4 487 496 (-256 1024 0 ) (-256 968 0 ) (-256 968 152 ) (-256 1024 152 ) 
4 489 490 (-248 568 0 ) (-56 568 0 ) (-56 568 152 ) (-248 568 152 ) 
4 490 492 (-248 456 0 ) (-56 456 0 ) (-56 456 152 ) (-248 456 152 ) 
4 490 491 (-248 568 152 ) (-248 568 0 ) (-248 456 0 ) (-248 456 152 ) 
4 491 500 (-256 568 0 ) (-256 456 0 ) (-256 456 152 ) (-256 568 152 ) 
4 493 494 (-248 56 0 ) (-56 56 0 ) (-56 56 152 ) (-248 56 152 ) 
4 494 780 (-56 0 152 ) (-248 0 152 ) (-248 0 0 ) (-56 0 0 ) 
4 494 495 (-248 56 152 ) (-248 56 0 ) (-248 0 0 ) (-248 0 152 ) 
4 495 781 (-248 0 152 ) (-256 0 152 ) (-256 0 0 ) (-248 0 0 ) 
4 495 504 (-256 56 0 ) (-256 0 0 ) (-256 0 152 ) (-256 56 152 ) 
4 496 498 (-760 968 0 ) (-256 968 0 ) (-256 968 152 ) (-760 968 152 ) 
4 496 497 (-760 1024 0 ) (-760 968 0 ) (-760 968 152 ) (-760 1024 152 ) 
4 497 506 (-768 1024 0 ) (-768 968 0 ) (-768 968 152 ) (-768 1024 152 ) 
4 498 499 (-568 776 0 ) (-456 776 0 ) (-456 776 152 ) (-568 776 152 ) 
4 499 500 (-568 768 0 ) (-456 768 0 ) (-456 768 152 ) (-568 768 152 ) 
4 500 502 (-568 264 0 ) (-456 264 0 ) (-456 264 152 ) (-568 264 152 ) 
4 500 501 (-760 568 0 ) (-760 456 0 ) (-760 456 152 ) (-760 568 152 ) 
4 501 507 (-768 568 0 ) (-768 456 0 ) (-768 456 152 ) (-768 568 152 ) 
4 502 503 (-568 256 0 ) (-456 256 0 ) (-456 256 152 ) (-568 256 152 ) 
4 503 504 (-760 56 0 ) (-256 56 0 ) (-256 56 152 ) (-760 56 152 ) 
4 504 790 (-256 0 152 ) (-760 0 152 ) (-760 0 0 ) (-256 0 0 ) 
4 504 505 (-760 56 152 ) (-760 56 0 ) (-760 0 0 ) (-760 0 152 ) 
4 505 791 (-760 0 152 ) (-768 0 152 ) (-768 0 0 ) (-760 0 0 ) 
4 505 508 (-768 56 0 ) (-768 0 0 ) (-768 0 152 ) (-768 56 152 ) 
4 506 509 (-968 1024 0 ) (-968 776 0 ) (-968 776 152 ) (-968 1024 152 ) 
4 507 511 (-968 768 0 ) (-968 264 0 ) (-968 264 152 ) (-968 768 152 ) 
4 508 800 (-768 0 152 ) (-968 0 152 ) (-968 0 0 ) (-768 0 0 ) 
4 508 513 (-968 256 0 ) (-968 0 0 ) (-968 0 152 ) (-968 256 152 ) 
4 509 835 (-1024 1024 152 ) (-1024 1024 0 ) (-1024 776 0 ) (-1024 776 152 ) 
4 509 510 (-1024 776 0 ) (-968 776 0 ) (-968 776 152 ) (-1024 776 152 ) 
4 510 836 (-1024 776 0 ) (-1024 768 0 ) (-1024 768 152 ) (-1024 776 152 ) 
4 510 511 (-1024 768 0 ) (-968 768 0 ) (-968 768 152 ) (-1024 768 152 ) 
4 511 837 (-1024 768 0 ) (-1024 264 0 ) (-1024 264 152 ) (-1024 768 152 ) 
4 511 512 (-1024 264 0 ) (-968 264 0 ) (-968 264 152 ) (-1024 264 152 ) 
4 512 838 (-1024 264 0 ) (-1024 256 0 ) (-1024 256 152 ) (-1024 264 152 ) 
4 512 513 (-1024 256 0 ) (-968 256 0 ) (-968 256 152 ) (-1024 256 152 ) 
4 513 844 (-1024 256 0 ) (-1024 0 0 ) (-1024 0 152 ) (-1024 256 152 ) 
4 513 803 (-968 0 152 ) (-1024 0 152 ) (-1024 0 0 ) (-968 0 0 ) 
4 514 843 (-1024 1024 -16 ) (-1024 1024 -136 ) (-1024 264 -136 ) (-1024 264 -16 ) 
4 515 520 (0 256 -360 ) (0 256 -208 ) (-56 256 -208 ) (-56 256 -360 ) 
4 516 810 (-32 0 -16 ) (-112 0 -16 ) (-112 0 -136 ) (-32 0 -136 ) 
4 516 808 (0 0 -136 ) (0 0 -16 ) (-32 0 -16 ) (-32 0 -136 ) 
4 516 519 (-112 248 -136 ) (-112 0 -136 ) (-112 0 -16 ) (-112 248 -16 ) 
4 517 520 (-112 128 -208 ) (-112 160 -208 ) (-32 160 -208 ) (-32 128 -208 ) 
4 518 521 (-112 32 -208 ) (-112 56 -208 ) (-32 56 -208 ) (-32 32 -208 ) 
4 518 520 (-112 56 -208 ) (-112 64 -208 ) (-32 64 -208 ) (-32 56 -208 ) 
4 519 846 (-1024 0 -136 ) (-1024 0 -16 ) (-1024 248 -16 ) (-1024 248 -136 ) 
4 519 814 (-1024 0 -16 ) (-1024 0 -136 ) (-112 0 -136 ) (-112 0 -16 ) 
4 520 521 (0 56 -360 ) (0 56 -208 ) (-248 56 -208 ) (-248 56 -360 ) 
4 521 847 (-1024 0 -360 ) (-1024 0 -208 ) (-1024 56 -208 ) (-1024 56 -360 ) 
4 521 815 (0 0 -360 ) (0 0 -208 ) (-1024 0 -208 ) (-1024 0 -360 ) 
4 522 818 (0 0 -744 ) (0 0 -440 ) (-136 0 -440 ) (-136 0 -744 ) 
4 523 527 (992 -256 508 ) (992 -256 660 ) (992 0 660 ) (992 0 508 ) 
4 523 525 (992 -256 660 ) (992 -256 508 ) (1024 -256 508 ) (1024 -256 660 ) 
4 524 528 (992 -256 176 ) (992 -256 296 ) (992 0 296 ) (992 0 176 ) 
4 524 526 (992 -256 296 ) (992 -256 176 ) (1024 -256 176 ) (1024 -256 296 ) 
4 525 876 (1024 -1024 508 ) (1024 -1024 660 ) (992 -1024 660 ) (992 -1024 508 ) 
4 525 531 (992 -1024 508 ) (992 -1024 660 ) (992 -256 660 ) (992 -256 508 ) 
4 526 877 (1024 -1024 176 ) (1024 -1024 296 ) (992 -1024 296 ) (992 -1024 176 ) 
4 526 532 (992 -1024 176 ) (992 -1024 296 ) (992 -256 296 ) (992 -256 176 ) 
4 527 539 (912 0 660 ) (912 0 508 ) (912 -256 508 ) (912 -256 660 ) 
4 527 531 (912 -256 660 ) (912 -256 508 ) (992 -256 508 ) (992 -256 660 ) 
4 528 540 (912 0 296 ) (912 0 176 ) (912 -256 176 ) (912 -256 296 ) 
4 528 532 (912 -256 296 ) (912 -256 176 ) (992 -256 176 ) (992 -256 296 ) 
4 529 638 (912 -64 152 ) (912 -56 152 ) (968 -56 152 ) (968 -64 152 ) 
4 529 636 (912 -56 152 ) (912 -32 152 ) (968 -32 152 ) (968 -56 152 ) 
4 529 631 (968 -32 152 ) (992 -32 152 ) (992 -64 152 ) (968 -64 152 ) 
4 530 638 (912 -160 152 ) (912 -128 152 ) (968 -128 152 ) (968 -160 152 ) 
4 530 631 (968 -128 152 ) (992 -128 152 ) (992 -160 152 ) (968 -160 152 ) 
4 531 876 (912 -1024 660 ) (912 -1024 508 ) (992 -1024 508 ) (992 -1024 660 ) 
4 531 541 (912 -1024 508 ) (912 -1024 660 ) (912 -256 660 ) (912 -256 508 ) 
4 532 877 (912 -1024 296 ) (912 -1024 176 ) (992 -1024 176 ) (992 -1024 296 ) 
4 532 542 (912 -1024 176 ) (912 -1024 296 ) (912 -256 296 ) (912 -256 176 ) 
4 533 639 (912 -384 152 ) (912 -352 152 ) (968 -352 152 ) (968 -384 152 ) 
4 533 633 (968 -352 152 ) (992 -352 152 ) (992 -384 152 ) (968 -384 152 ) 
4 534 640 (912 -480 152 ) (912 -456 152 ) (968 -456 152 ) (968 -480 152 ) 
4 534 639 (912 -456 152 ) (912 -448 152 ) (968 -448 152 ) (968 -456 152 ) 
4 534 633 (968 -448 152 ) (992 -448 152 ) (992 -480 152 ) (968 -480 152 ) 
4 535 642 (912 -576 152 ) (912 -568 152 ) (968 -568 152 ) (968 -576 152 ) 
4 535 640 (912 -568 152 ) (912 -544 152 ) (968 -544 152 ) (968 -568 152 ) 
4 535 633 (968 -544 152 ) (992 -544 152 ) (992 -576 152 ) (968 -576 152 ) 
4 536 642 (912 -672 152 ) (912 -640 152 ) (968 -640 152 ) (968 -672 152 ) 
4 536 633 (968 -640 152 ) (992 -640 152 ) (992 -672 152 ) (968 -672 152 ) 
4 537 643 (912 -896 152 ) (912 -864 152 ) (968 -864 152 ) (968 -896 152 ) 
4 537 635 (968 -864 152 ) (992 -864 152 ) (992 -896 152 ) (968 -896 152 ) 
4 538 644 (912 -992 152 ) (912 -968 152 ) (968 -968 152 ) (968 -992 152 ) 
4 538 643 (912 -968 152 ) (912 -960 152 ) (968 -960 152 ) (968 -968 152 ) 
4 538 635 (968 -960 152 ) (992 -960 152 ) (992 -992 152 ) (968 -992 152 ) 
4 539 543 (624 -256 508 ) (624 -256 660 ) (624 0 660 ) (624 0 508 ) 
4 539 541 (624 -256 660 ) (624 -256 508 ) (912 -256 508 ) (912 -256 660 ) 
4 540 544 (624 -256 176 ) (624 -256 296 ) (624 0 296 ) (624 0 176 ) 
4 540 542 (624 -256 296 ) (624 -256 176 ) (912 -256 176 ) (912 -256 296 ) 
4 541 876 (624 -1024 660 ) (624 -1024 508 ) (912 -1024 508 ) (912 -1024 660 ) 
4 541 547 (624 -1024 508 ) (624 -1024 660 ) (624 -256 660 ) (624 -256 508 ) 
4 542 877 (624 -1024 296 ) (624 -1024 176 ) (912 -1024 176 ) (912 -1024 296 ) 
4 542 548 (624 -1024 176 ) (624 -1024 296 ) (624 -256 296 ) (624 -256 176 ) 
4 543 555 (544 -256 508 ) (544 -256 660 ) (544 0 660 ) (544 0 508 ) 
4 543 547 (544 -256 660 ) (544 -256 508 ) (624 -256 508 ) (624 -256 660 ) 
4 544 556 (544 -256 176 ) (544 -256 296 ) (544 0 296 ) (544 0 176 ) 
4 544 548 (544 -256 296 ) (544 -256 176 ) (624 -256 176 ) (624 -256 296 ) 
4 545 646 (544 -64 152 ) (544 -32 152 ) (624 -32 152 ) (624 -64 152 ) 
4 546 646 (544 -160 152 ) (544 -128 152 ) (624 -128 152 ) (624 -160 152 ) 
4 547 876 (544 -1024 660 ) (544 -1024 508 ) (624 -1024 508 ) (624 -1024 660 ) 
4 547 557 (544 -1024 508 ) (544 -1024 660 ) (544 -256 660 ) (544 -256 508 ) 
4 548 877 (544 -1024 296 ) (544 -1024 176 ) (624 -1024 176 ) (624 -1024 296 ) 
4 548 558 (544 -1024 176 ) (544 -1024 296 ) (544 -256 296 ) (544 -256 176 ) 
4 549 649 (544 -384 152 ) (544 -352 152 ) (624 -352 152 ) (624 -384 152 ) 
4 550 649 (544 -480 152 ) (544 -448 152 ) (624 -448 152 ) (624 -480 152 ) 
4 551 649 (544 -576 152 ) (544 -544 152 ) (624 -544 152 ) (624 -576 152 ) 
4 552 649 (544 -672 152 ) (544 -640 152 ) (624 -640 152 ) (624 -672 152 ) 
4 553 652 (544 -896 152 ) (544 -864 152 ) (624 -864 152 ) (624 -896 152 ) 
4 554 653 (544 -992 152 ) (544 -968 152 ) (624 -968 152 ) (624 -992 152 ) 
4 554 652 (544 -968 152 ) (544 -960 152 ) (624 -960 152 ) (624 -968 152 ) 
4 555 559 (480 0 660 ) (480 0 508 ) (480 -256 508 ) (480 -256 660 ) 
4 555 557 (480 -256 660 ) (480 -256 508 ) (544 -256 508 ) (544 -256 660 ) 
4 556 566 (480 -160 176 ) (480 -256 176 ) (480 -256 296 ) (480 -160 296 ) 
4 556 564 (480 -128 176 ) (480 -160 176 ) (480 -160 296 ) (480 -128 296 ) 
4 556 563 (480 -64 176 ) (480 -128 176 ) (480 -128 296 ) (480 -64 296 ) 
4 556 561 (480 -32 176 ) (480 -64 176 ) (480 -64 296 ) (480 -32 296 ) 
4 556 560 (480 0 296 ) (480 0 176 ) (480 -32 176 ) (480 -32 296 ) 
4 556 558 (480 -256 296 ) (480 -256 176 ) (544 -256 176 ) (544 -256 296 ) 
4 557 876 (480 -1024 660 ) (480 -1024 508 ) (544 -1024 508 ) (544 -1024 660 ) 
4 557 567 (480 -1024 508 ) (480 -1024 660 ) (480 -256 660 ) (480 -256 508 ) 
4 558 877 (480 -1024 296 ) (480 -1024 176 ) (544 -1024 176 ) (544 -1024 296 ) 
4 558 586 (480 -1024 176 ) (480 -1024 296 ) (480 -992 296 ) (480 -992 176 ) 
4 558 584 (480 -992 296 ) (480 -960 296 ) (480 -960 176 ) (480 -992 176 ) 
4 558 583 (480 -960 296 ) (480 -896 296 ) (480 -896 176 ) (480 -960 176 ) 
4 558 581 (480 -896 296 ) (480 -864 296 ) (480 -864 176 ) (480 -896 176 ) 
4 558 580 (480 -864 296 ) (480 -672 296 ) (480 -672 176 ) (480 -864 176 ) 
4 558 578 (480 -672 296 ) (480 -640 296 ) (480 -640 176 ) (480 -672 176 ) 
4 558 577 (480 -640 296 ) (480 -576 296 ) (480 -576 176 ) (480 -640 176 ) 
4 558 575 (480 -576 296 ) (480 -544 296 ) (480 -544 176 ) (480 -576 176 ) 
4 558 574 (480 -544 296 ) (480 -480 296 ) (480 -480 176 ) (480 -544 176 ) 
4 558 572 (480 -480 296 ) (480 -448 296 ) (480 -448 176 ) (480 -480 176 ) 
4 558 571 (480 -448 296 ) (480 -384 296 ) (480 -384 176 ) (480 -448 176 ) 
4 558 569 (480 -384 296 ) (480 -352 296 ) (480 -352 176 ) (480 -384 176 ) 
4 558 568 (480 -352 296 ) (480 -256 296 ) (480 -256 176 ) (480 -352 176 ) 
4 559 587 (400 0 660 ) (400 0 508 ) (400 -256 508 ) (400 -256 660 ) 
4 559 567 (400 -256 660 ) (400 -256 508 ) (480 -256 508 ) (480 -256 660 ) 
4 560 588 (400 0 296 ) (400 0 176 ) (400 -32 176 ) (400 -32 296 ) 
4 560 561 (480 -32 176 ) (480 -32 296 ) (400 -32 296 ) (400 -32 176 ) 
4 561 588 (400 -64 176 ) (400 -64 296 ) (400 -32 296 ) (400 -32 176 ) 
4 561 563 (480 -64 176 ) (480 -64 296 ) (400 -64 296 ) (400 -64 176 ) 
4 562 646 (400 -64 152 ) (400 -32 152 ) (480 -32 152 ) (480 -64 152 ) 
4 563 588 (400 -128 176 ) (400 -128 296 ) (400 -64 296 ) (400 -64 176 ) 
4 563 564 (480 -128 176 ) (480 -128 296 ) (400 -128 296 ) (400 -128 176 ) 
4 564 588 (400 -160 176 ) (400 -160 296 ) (400 -128 296 ) (400 -128 176 ) 
4 564 566 (480 -160 176 ) (480 -160 296 ) (400 -160 296 ) (400 -160 176 ) 
4 565 646 (400 -160 152 ) (400 -128 152 ) (480 -128 152 ) (480 -160 152 ) 
4 566 588 (400 -256 176 ) (400 -256 296 ) (400 -160 296 ) (400 -160 176 ) 
4 566 568 (400 -256 296 ) (400 -256 176 ) (480 -256 176 ) (480 -256 296 ) 
4 567 876 (400 -1024 660 ) (400 -1024 508 ) (480 -1024 508 ) (480 -1024 660 ) 
4 567 589 (400 -1024 508 ) (400 -1024 660 ) (400 -256 660 ) (400 -256 508 ) 
4 568 590 (400 -352 176 ) (400 -352 296 ) (400 -256 296 ) (400 -256 176 ) 
4 568 569 (480 -352 176 ) (480 -352 296 ) (400 -352 296 ) (400 -352 176 ) 
4 569 590 (400 -384 176 ) (400 -384 296 ) (400 -352 296 ) (400 -352 176 ) 
4 569 571 (480 -384 176 ) (480 -384 296 ) (400 -384 296 ) (400 -384 176 ) 
4 570 649 (400 -384 152 ) (400 -352 152 ) (480 -352 152 ) (480 -384 152 ) 
4 571 590 (400 -448 176 ) (400 -448 296 ) (400 -384 296 ) (400 -384 176 ) 
4 571 572 (480 -448 176 ) (480 -448 296 ) (400 -448 296 ) (400 -448 176 ) 
4 572 590 (400 -480 176 ) (400 -480 296 ) (400 -448 296 ) (400 -448 176 ) 
4 572 574 (480 -480 176 ) (480 -480 296 ) (400 -480 296 ) (400 -480 176 ) 
4 573 649 (400 -480 152 ) (400 -448 152 ) (480 -448 152 ) (480 -480 152 ) 
4 574 590 (400 -544 176 ) (400 -544 296 ) (400 -480 296 ) (400 -480 176 ) 
4 574 575 (480 -544 176 ) (480 -544 296 ) (400 -544 296 ) (400 -544 176 ) 
4 575 590 (400 -576 176 ) (400 -576 296 ) (400 -544 296 ) (400 -544 176 ) 
4 575 577 (480 -576 176 ) (480 -576 296 ) (400 -576 296 ) (400 -576 176 ) 
4 576 649 (400 -576 152 ) (400 -544 152 ) (480 -544 152 ) (480 -576 152 ) 
4 577 590 (400 -640 176 ) (400 -640 296 ) (400 -576 296 ) (400 -576 176 ) 
4 577 578 (480 -640 176 ) (480 -640 296 ) (400 -640 296 ) (400 -640 176 ) 
4 578 590 (400 -672 176 ) (400 -672 296 ) (400 -640 296 ) (400 -640 176 ) 
4 578 580 (480 -672 176 ) (480 -672 296 ) (400 -672 296 ) (400 -672 176 ) 
4 579 649 (400 -672 152 ) (400 -640 152 ) (480 -640 152 ) (480 -672 152 ) 
4 580 590 (400 -864 176 ) (400 -864 296 ) (400 -672 296 ) (400 -672 176 ) 
4 580 581 (480 -864 176 ) (480 -864 296 ) (400 -864 296 ) (400 -864 176 ) 
4 581 590 (400 -896 176 ) (400 -896 296 ) (400 -864 296 ) (400 -864 176 ) 
4 581 583 (480 -896 176 ) (480 -896 296 ) (400 -896 296 ) (400 -896 176 ) 
4 582 652 (400 -896 152 ) (400 -864 152 ) (480 -864 152 ) (480 -896 152 ) 
4 583 590 (400 -960 176 ) (400 -960 296 ) (400 -896 296 ) (400 -896 176 ) 
4 583 584 (480 -960 176 ) (480 -960 296 ) (400 -960 296 ) (400 -960 176 ) 
4 584 590 (400 -992 176 ) (400 -992 296 ) (400 -960 296 ) (400 -960 176 ) 
4 584 586 (480 -992 176 ) (480 -992 296 ) (400 -992 296 ) (400 -992 176 ) 
4 585 653 (400 -992 152 ) (400 -968 152 ) (480 -968 152 ) (480 -992 152 ) 
4 585 652 (400 -968 152 ) (400 -960 152 ) (480 -960 152 ) (480 -968 152 ) 
4 586 877 (400 -1024 296 ) (400 -1024 176 ) (480 -1024 176 ) (480 -1024 296 ) 
4 586 590 (400 -1024 176 ) (400 -1024 296 ) (400 -992 296 ) (400 -992 176 ) 
4 587 591 (256 0 660 ) (256 0 508 ) (256 -256 508 ) (256 -256 660 ) 
4 587 589 (256 -256 660 ) (256 -256 508 ) (400 -256 508 ) (400 -256 660 ) 
4 588 590 (264 -256 176 ) (400 -256 176 ) (400 -256 296 ) (264 -256 296 ) 
4 589 876 (256 -1024 660 ) (256 -1024 508 ) (400 -1024 508 ) (400 -1024 660 ) 
4 589 593 (256 -1024 508 ) (256 -1024 660 ) (256 -256 660 ) (256 -256 508 ) 
4 590 877 (264 -1024 176 ) (400 -1024 176 ) (400 -1024 296 ) (264 -1024 296 ) 
4 591 595 (112 -256 508 ) (112 -256 662 ) (112 0 662 ) (112 0 508 ) 
4 591 593 (112 -256 660 ) (112 -256 508 ) (256 -256 508 ) (256 -256 660 ) 
4 592 602 (112 -256 176 ) (112 -256 296 ) (112 -160 296 ) (112 -160 176 ) 
4 592 600 (112 -160 296 ) (112 -128 296 ) (112 -128 176 ) (112 -160 176 ) 
4 592 599 (112 -128 296 ) (112 -64 296 ) (112 -64 176 ) (112 -128 176 ) 
4 592 597 (112 -64 296 ) (112 -32 296 ) (112 -32 176 ) (112 -64 176 ) 
4 592 596 (112 -32 296 ) (112 0 296 ) (112 0 176 ) (112 -32 176 ) 
4 592 594 (112 -256 296 ) (112 -256 176 ) (248 -256 176 ) (248 -256 296 ) 
4 593 876 (112 -1024 660 ) (112 -1024 508 ) (256 -1024 508 ) (256 -1024 660 ) 
4 593 603 (112 -1024 508 ) (112 -1024 660 ) (112 -256 660 ) (112 -256 508 ) 
4 594 878 (112 -1024 296 ) (112 -1024 176 ) (248 -1024 176 ) (248 -1024 296 ) 
4 594 622 (112 -1024 176 ) (112 -1024 296 ) (112 -992 296 ) (112 -992 176 ) 
4 594 620 (112 -992 296 ) (112 -960 296 ) (112 -960 176 ) (112 -992 176 ) 
4 594 619 (112 -960 296 ) (112 -896 296 ) (112 -896 176 ) (112 -960 176 ) 
4 594 617 (112 -896 296 ) (112 -864 296 ) (112 -864 176 ) (112 -896 176 ) 
4 594 616 (112 -864 296 ) (112 -672 296 ) (112 -672 176 ) (112 -864 176 ) 
4 594 614 (112 -672 296 ) (112 -640 296 ) (112 -640 176 ) (112 -672 176 ) 
4 594 613 (112 -640 296 ) (112 -576 296 ) (112 -576 176 ) (112 -640 176 ) 
4 594 611 (112 -576 296 ) (112 -544 296 ) (112 -544 176 ) (112 -576 176 ) 
4 594 610 (112 -544 296 ) (112 -480 296 ) (112 -480 176 ) (112 -544 176 ) 
4 594 608 (112 -480 296 ) (112 -448 296 ) (112 -448 176 ) (112 -480 176 ) 
4 594 607 (112 -448 296 ) (112 -384 296 ) (112 -384 176 ) (112 -448 176 ) 
4 594 605 (112 -384 296 ) (112 -352 296 ) (112 -352 176 ) (112 -384 176 ) 
4 594 604 (112 -352 296 ) (112 -256 296 ) (112 -256 176 ) (112 -352 176 ) 
4 595 623 (32 0 662 ) (32 0 508 ) (32 -256 508 ) (32 -256 662 ) 
4 595 603 (32 -256 660 ) (32 -256 508 ) (112 -256 508 ) (112 -256 660 ) 
4 596 624 (32 0 296 ) (32 0 176 ) (32 -32 176 ) (32 -32 296 ) 
4 596 597 (112 -32 176 ) (112 -32 296 ) (32 -32 296 ) (32 -32 176 ) 
4 597 624 (32 -64 176 ) (32 -64 296 ) (32 -32 296 ) (32 -32 176 ) 
4 597 599 (112 -64 176 ) (112 -64 296 ) (32 -64 296 ) (32 -64 176 ) 
4 598 658 (32 -64 152 ) (32 -32 152 ) (56 -32 152 ) (56 -64 152 ) 
4 598 655 (56 -32 152 ) (112 -32 152 ) (112 -64 152 ) (56 -64 152 ) 
4 599 624 (32 -128 176 ) (32 -128 296 ) (32 -64 296 ) (32 -64 176 ) 
4 599 600 (112 -128 176 ) (112 -128 296 ) (32 -128 296 ) (32 -128 176 ) 
4 600 624 (32 -160 176 ) (32 -160 296 ) (32 -128 296 ) (32 -128 176 ) 
4 600 602 (112 -160 176 ) (112 -160 296 ) (32 -160 296 ) (32 -160 176 ) 
4 601 658 (32 -160 152 ) (32 -128 152 ) (56 -128 152 ) (56 -160 152 ) 
4 601 655 (56 -128 152 ) (112 -128 152 ) (112 -160 152 ) (56 -160 152 ) 
4 602 625 (32 -256 176 ) (32 -256 296 ) (32 -160 296 ) (32 -160 176 ) 
4 602 604 (32 -256 296 ) (32 -256 176 ) (112 -256 176 ) (112 -256 296 ) 
4 603 876 (32 -1024 660 ) (32 -1024 508 ) (112 -1024 508 ) (112 -1024 660 ) 
4 603 626 (32 -1024 508 ) (32 -1024 660 ) (32 -256 660 ) (32 -256 508 ) 
4 604 627 (32 -352 176 ) (32 -352 296 ) (32 -256 296 ) (32 -256 176 ) 
4 604 605 (112 -352 176 ) (112 -352 296 ) (32 -352 296 ) (32 -352 176 ) 
4 605 628 (32 -384 176 ) (32 -384 296 ) (32 -352 296 ) (32 -352 176 ) 
4 605 607 (112 -384 176 ) (112 -384 296 ) (32 -384 296 ) (32 -384 176 ) 
4 606 660 (32 -384 152 ) (32 -352 152 ) (56 -352 152 ) (56 -384 152 ) 
4 606 656 (56 -352 152 ) (112 -352 152 ) (112 -384 152 ) (56 -384 152 ) 
4 607 628 (32 -448 176 ) (32 -448 296 ) (32 -384 296 ) (32 -384 176 ) 
4 607 608 (112 -448 176 ) (112 -448 296 ) (32 -448 296 ) (32 -448 176 ) 
4 608 628 (32 -480 176 ) (32 -480 296 ) (32 -448 296 ) (32 -448 176 ) 
4 608 610 (112 -480 176 ) (112 -480 296 ) (32 -480 296 ) (32 -480 176 ) 
4 609 660 (32 -480 152 ) (32 -448 152 ) (56 -448 152 ) (56 -480 152 ) 
4 609 656 (56 -448 152 ) (112 -448 152 ) (112 -480 152 ) (56 -480 152 ) 
4 610 628 (32 -544 176 ) (32 -544 296 ) (32 -480 296 ) (32 -480 176 ) 
4 610 611 (112 -544 176 ) (112 -544 296 ) (32 -544 296 ) (32 -544 176 ) 
4 611 628 (32 -576 176 ) (32 -576 296 ) (32 -544 296 ) (32 -544 176 ) 
4 611 613 (112 -576 176 ) (112 -576 296 ) (32 -576 296 ) (32 -576 176 ) 
4 612 660 (32 -576 152 ) (32 -544 152 ) (56 -544 152 ) (56 -576 152 ) 
4 612 656 (56 -544 152 ) (112 -544 152 ) (112 -576 152 ) (56 -576 152 ) 
4 613 628 (32 -640 176 ) (32 -640 296 ) (32 -576 296 ) (32 -576 176 ) 
4 613 614 (112 -640 176 ) (112 -640 296 ) (32 -640 296 ) (32 -640 176 ) 
4 614 628 (32 -672 176 ) (32 -672 296 ) (32 -640 296 ) (32 -640 176 ) 
4 614 616 (112 -672 176 ) (112 -672 296 ) (32 -672 296 ) (32 -672 176 ) 
4 615 660 (32 -672 152 ) (32 -640 152 ) (56 -640 152 ) (56 -672 152 ) 
4 615 656 (56 -640 152 ) (112 -640 152 ) (112 -672 152 ) (56 -672 152 ) 
4 616 629 (32 -864 176 ) (32 -864 296 ) (32 -672 296 ) (32 -672 176 ) 
4 616 617 (112 -864 176 ) (112 -864 296 ) (32 -864 296 ) (32 -864 176 ) 
4 617 630 (32 -896 176 ) (32 -896 296 ) (32 -864 296 ) (32 -864 176 ) 
4 617 619 (112 -896 176 ) (112 -896 296 ) (32 -896 296 ) (32 -896 176 ) 
4 618 662 (32 -896 152 ) (32 -864 152 ) (56 -864 152 ) (56 -896 152 ) 
4 618 657 (56 -864 152 ) (112 -864 152 ) (112 -896 152 ) (56 -896 152 ) 
4 619 630 (32 -960 176 ) (32 -960 296 ) (32 -896 296 ) (32 -896 176 ) 
4 619 620 (112 -960 176 ) (112 -960 296 ) (32 -960 296 ) (32 -960 176 ) 
4 620 630 (32 -992 176 ) (32 -992 296 ) (32 -960 296 ) (32 -960 176 ) 
4 620 622 (112 -992 176 ) (112 -992 296 ) (32 -992 296 ) (32 -992 176 ) 
4 621 662 (32 -992 152 ) (32 -960 152 ) (56 -960 152 ) (56 -992 152 ) 
4 621 657 (56 -960 152 ) (112 -960 152 ) (112 -992 152 ) (56 -992 152 ) 
4 622 878 (32 -1024 296 ) (32 -1024 176 ) (112 -1024 176 ) (112 -1024 296 ) 
4 622 630 (32 -1024 176 ) (32 -1024 296 ) (32 -992 296 ) (32 -992 176 ) 
4 623 678 (0 0 662 ) (0 0 508 ) (0 -256 508 ) (0 -256 662 ) 
4 623 626 (32 -256 508 ) (32 -256 660 ) (0 -256 660 ) (0 -256 508 ) 
4 624 679 (0 0 296 ) (0 0 176 ) (0 -160 176 ) (0 -160 296 ) 
4 624 625 (32 -160 176 ) (32 -160 296 ) (0 -160 296 ) (0 -160 176 ) 
4 625 679 (0 -256 176 ) (0 -256 296 ) (0 -160 296 ) (0 -160 176 ) 
4 625 627 (32 -256 176 ) (32 -256 296 ) (0 -256 296 ) (0 -256 176 ) 
4 626 876 (0 -1024 660 ) (0 -1024 508 ) (32 -1024 508 ) (32 -1024 660 ) 
4 626 706 (0 -1024 508 ) (0 -1024 660 ) (0 -256 660 ) (0 -256 508 ) 
4 627 707 (0 -352 176 ) (0 -352 296 ) (0 -256 296 ) (0 -256 176 ) 
4 627 628 (32 -352 176 ) (32 -352 296 ) (0 -352 296 ) (0 -352 176 ) 
4 628 707 (0 -672 176 ) (0 -672 296 ) (0 -352 296 ) (0 -352 176 ) 
4 628 629 (32 -672 176 ) (32 -672 296 ) (0 -672 296 ) (0 -672 176 ) 
4 629 707 (0 -864 176 ) (0 -864 296 ) (0 -672 296 ) (0 -672 176 ) 
4 629 630 (32 -864 176 ) (32 -864 296 ) (0 -864 296 ) (0 -864 176 ) 
4 630 878 (0 -1024 296 ) (0 -1024 176 ) (32 -1024 176 ) (32 -1024 296 ) 
4 630 707 (0 -1024 176 ) (0 -1024 296 ) (0 -864 296 ) (0 -864 176 ) 
4 631 638 (968 -56 0 ) (968 -248 0 ) (968 -248 152 ) (968 -56 152 ) 
4 631 636 (968 0 0 ) (968 -56 0 ) (968 -56 152 ) (968 0 152 ) 
4 631 632 (968 -248 152 ) (968 -248 0 ) (1024 -248 0 ) (1024 -248 152 ) 
4 632 633 (968 -256 152 ) (968 -256 0 ) (1024 -256 0 ) (1024 -256 152 ) 
4 633 642 (968 -568 0 ) (968 -760 0 ) (968 -760 152 ) (968 -568 152 ) 
4 633 640 (968 -456 0 ) (968 -568 0 ) (968 -568 152 ) (968 -456 152 ) 
4 633 639 (968 -256 0 ) (968 -456 0 ) (968 -456 152 ) (968 -256 152 ) 
4 633 634 (968 -760 152 ) (968 -760 0 ) (1024 -760 0 ) (1024 -760 152 ) 
4 634 635 (968 -768 152 ) (968 -768 0 ) (1024 -768 0 ) (1024 -768 152 ) 
4 635 887 (1024 -1024 0 ) (1024 -1024 152 ) (968 -1024 152 ) (968 -1024 0 ) 
4 635 644 (968 -968 0 ) (968 -1024 0 ) (968 -1024 152 ) (968 -968 152 ) 
4 635 643 (968 -768 0 ) (968 -968 0 ) (968 -968 152 ) (968 -768 152 ) 
4 636 638 (776 -56 0 ) (968 -56 0 ) (968 -56 152 ) (776 -56 152 ) 
4 636 637 (776 0 0 ) (776 -56 0 ) (776 -56 152 ) (776 0 152 ) 
4 637 646 (768 0 0 ) (768 -56 0 ) (768 -56 152 ) (768 0 152 ) 
4 639 640 (776 -456 0 ) (968 -456 0 ) (968 -456 152 ) (776 -456 152 ) 
4 640 642 (776 -568 0 ) (968 -568 0 ) (968 -568 152 ) (776 -568 152 ) 
4 640 641 (776 -456 152 ) (776 -456 0 ) (776 -568 0 ) (776 -568 152 ) 
4 641 649 (768 -456 0 ) (768 -568 0 ) (768 -568 152 ) (768 -456 152 ) 
4 643 644 (776 -968 0 ) (968 -968 0 ) (968 -968 152 ) (776 -968 152 ) 
4 644 887 (968 -1024 152 ) (776 -1024 152 ) (776 -1024 0 ) (968 -1024 0 ) 
4 644 645 (776 -968 152 ) (776 -968 0 ) (776 -1024 0 ) (776 -1024 152 ) 
4 645 888 (776 -1024 152 ) (768 -1024 152 ) (768 -1024 0 ) (776 -1024 0 ) 
4 645 653 (768 -968 0 ) (768 -1024 0 ) (768 -1024 152 ) (768 -968 152 ) 
4 646 648 (456 -248 0 ) (568 -248 0 ) (568 -248 152 ) (456 -248 152 ) 
4 646 647 (264 0 0 ) (264 -56 0 ) (264 -56 152 ) (264 0 152 ) 
4 647 655 (256 0 0 ) (256 -56 0 ) (256 -56 152 ) (256 0 152 ) 
4 648 649 (456 -256 0 ) (568 -256 0 ) (568 -256 152 ) (456 -256 152 ) 
4 649 651 (456 -760 0 ) (568 -760 0 ) (568 -760 152 ) (456 -760 152 ) 
4 649 650 (264 -456 0 ) (264 -568 0 ) (264 -568 152 ) (264 -456 152 ) 
4 650 656 (256 -456 0 ) (256 -568 0 ) (256 -568 152 ) (256 -456 152 ) 
4 651 652 (456 -768 0 ) (568 -768 0 ) (568 -768 152 ) (456 -768 152 ) 
4 652 653 (264 -968 0 ) (768 -968 0 ) (768 -968 152 ) (264 -968 152 ) 
4 653 889 (768 -1024 152 ) (264 -1024 152 ) (264 -1024 0 ) (768 -1024 0 ) 
4 653 654 (264 -968 152 ) (264 -968 0 ) (264 -1024 0 ) (264 -1024 152 ) 
4 654 890 (264 -1024 152 ) (256 -1024 152 ) (256 -1024 0 ) (264 -1024 0 ) 
4 654 657 (256 -968 0 ) (256 -1024 0 ) (256 -1024 152 ) (256 -968 152 ) 
4 655 658 (56 0 0 ) (56 -248 0 ) (56 -248 152 ) (56 0 152 ) 
4 656 660 (56 -256 0 ) (56 -760 0 ) (56 -760 152 ) (56 -256 152 ) 
4 657 896 (256 -1024 152 ) (56 -1024 152 ) (56 -1024 0 ) (256 -1024 0 ) 
4 657 662 (56 -768 0 ) (56 -1024 0 ) (56 -1024 152 ) (56 -768 152 ) 
4 658 775 (0 0 152 ) (0 0 0 ) (0 -248 0 ) (0 -248 152 ) 
4 658 659 (0 -248 0 ) (56 -248 0 ) (56 -248 152 ) (0 -248 152 ) 
4 659 776 (0 -248 0 ) (0 -256 0 ) (0 -256 152 ) (0 -248 152 ) 
4 659 660 (0 -256 0 ) (56 -256 0 ) (56 -256 152 ) (0 -256 152 ) 
4 660 777 (0 -256 0 ) (0 -760 0 ) (0 -760 152 ) (0 -256 152 ) 
4 660 661 (0 -760 0 ) (56 -760 0 ) (56 -760 152 ) (0 -760 152 ) 
4 661 778 (0 -760 0 ) (0 -768 0 ) (0 -768 152 ) (0 -760 152 ) 
4 661 662 (0 -768 0 ) (56 -768 0 ) (56 -768 152 ) (0 -768 152 ) 
4 662 897 (56 -1024 152 ) (0 -1024 152 ) (0 -1024 0 ) (56 -1024 0 ) 
4 662 779 (0 -768 0 ) (0 -1024 0 ) (0 -1024 152 ) (0 -768 152 ) 
4 663 895 (1024 -1024 -136 ) (1024 -1024 -16 ) (264 -1024 -16 ) (264 -1024 -136 ) 
4 664 675 (256 -56 -360 ) (256 -56 -208 ) (256 0 -208 ) (256 0 -360 ) 
4 665 898 (248 -1024 -16 ) (112 -1024 -16 ) (112 -1024 -136 ) (248 -1024 -136 ) 
4 665 672 (112 -1024 -136 ) (112 -1024 -16 ) (112 -160 -16 ) (112 -160 -136 ) 
4 665 670 (112 -160 -16 ) (112 -128 -16 ) (112 -128 -136 ) (112 -160 -136 ) 
4 665 669 (112 -128 -16 ) (112 -64 -16 ) (112 -64 -136 ) (112 -128 -136 ) 
4 665 667 (112 -64 -16 ) (112 -32 -16 ) (112 -32 -136 ) (112 -64 -136 ) 
4 665 666 (112 -32 -16 ) (112 0 -16 ) (112 0 -136 ) (112 -32 -136 ) 
4 666 674 (32 -32 -136 ) (32 -32 -16 ) (32 0 -16 ) (32 0 -136 ) 
4 666 667 (112 -32 -136 ) (112 -32 -16 ) (32 -32 -16 ) (32 -32 -136 ) 
4 667 674 (32 -64 -136 ) (32 -64 -16 ) (32 -32 -16 ) (32 -32 -136 ) 
4 667 669 (112 -64 -136 ) (112 -64 -16 ) (32 -64 -16 ) (32 -64 -136 ) 
4 668 676 (56 -64 -208 ) (32 -64 -208 ) (32 -32 -208 ) (56 -32 -208 ) 
4 668 675 (112 -32 -208 ) (112 -64 -208 ) (56 -64 -208 ) (56 -32 -208 ) 
4 669 674 (32 -128 -136 ) (32 -128 -16 ) (32 -64 -16 ) (32 -64 -136 ) 
4 669 670 (112 -128 -136 ) (112 -128 -16 ) (32 -128 -16 ) (32 -128 -136 ) 
4 670 674 (32 -160 -136 ) (32 -160 -16 ) (32 -128 -16 ) (32 -128 -136 ) 
4 670 673 (32 -160 -16 ) (32 -160 -136 ) (56 -160 -136 ) (56 -160 -16 ) 
4 670 672 (56 -160 -136 ) (112 -160 -136 ) (112 -160 -16 ) (56 -160 -16 ) 
4 671 676 (56 -160 -208 ) (32 -160 -208 ) (32 -128 -208 ) (56 -128 -208 ) 
4 671 675 (112 -128 -208 ) (112 -160 -208 ) (56 -160 -208 ) (56 -128 -208 ) 
4 672 898 (112 -1024 -136 ) (112 -1024 -16 ) (56 -1024 -16 ) (56 -1024 -136 ) 
4 672 673 (56 -1024 -16 ) (56 -160 -16 ) (56 -160 -136 ) (56 -1024 -136 ) 
4 673 898 (32 -1024 -16 ) (32 -1024 -136 ) (56 -1024 -136 ) (56 -1024 -16 ) 
4 673 674 (32 -1024 -136 ) (32 -1024 -16 ) (32 -160 -16 ) (32 -160 -136 ) 
4 674 898 (0 -1024 -16 ) (0 -1024 -136 ) (32 -1024 -136 ) (32 -1024 -16 ) 
4 674 809 (0 -160 -136 ) (0 -1024 -136 ) (0 -1024 -16 ) (0 -160 -16 ) 
4 674 808 (0 0 -16 ) (0 0 -136 ) (0 -160 -136 ) (0 -160 -16 ) 
4 675 676 (56 -248 -208 ) (56 0 -208 ) (56 0 -360 ) (56 -248 -360 ) 
4 676 899 (56 -1024 -208 ) (0 -1024 -208 ) (0 -1024 -360 ) (56 -1024 -360 ) 
4 676 817 (0 -248 -360 ) (0 -1024 -360 ) (0 -1024 -208 ) (0 -248 -208 ) 
4 676 816 (0 -56 -360 ) (0 -248 -360 ) (0 -248 -208 ) (0 -56 -208 ) 
4 676 815 (0 0 -208 ) (0 0 -360 ) (0 -56 -360 ) (0 -56 -208 ) 
4 677 818 (0 0 -440 ) (0 0 -744 ) (0 -128 -744 ) (0 -128 -440 ) 
4 678 708 (-112 -256 660 ) (-112 -256 508 ) (-32 -256 508 ) (-32 -256 660 ) 
4 678 706 (0 -256 508 ) (0 -256 660 ) (-32 -256 660 ) (-32 -256 508 ) 
4 678 682 (-112 0 662 ) (-112 0 508 ) (-112 -256 508 ) (-112 -256 662 ) 
4 679 709 (-32 -256 296 ) (-112 -256 296 ) (-112 -256 176 ) (-32 -256 176 ) 
4 679 707 (0 -256 176 ) (0 -256 296 ) (-32 -256 296 ) (-32 -256 176 ) 
4 679 683 (-112 0 296 ) (-112 0 176 ) (-112 -256 176 ) (-112 -256 296 ) 
4 680 782 (-112 -64 152 ) (-112 -56 152 ) (-56 -56 152 ) (-56 -64 152 ) 
4 680 780 (-112 -56 152 ) (-112 -32 152 ) (-56 -32 152 ) (-56 -56 152 ) 
4 680 775 (-56 -32 152 ) (-32 -32 152 ) (-32 -64 152 ) (-56 -64 152 ) 
4 681 782 (-112 -160 152 ) (-112 -128 152 ) (-56 -128 152 ) (-56 -160 152 ) 
4 681 775 (-56 -128 152 ) (-32 -128 152 ) (-32 -160 152 ) (-56 -160 152 ) 
4 682 716 (-112 -256 508 ) (-112 -256 660 ) (-256 -256 660 ) (-256 -256 508 ) 
4 682 684 (-256 -256 508 ) (-256 -256 660 ) (-256 0 660 ) (-256 0 508 ) 
4 683 717 (-112 -256 176 ) (-112 -256 296 ) (-256 -256 296 ) (-256 -256 176 ) 
4 683 685 (-256 -256 176 ) (-256 -256 296 ) (-256 0 296 ) (-256 0 176 ) 
4 684 716 (-256 -256 508 ) (-256 -256 660 ) (-400 -256 660 ) (-400 -256 508 ) 
4 684 686 (-400 -256 508 ) (-400 -256 660 ) (-400 0 660 ) (-400 0 508 ) 
4 685 717 (-256 -256 176 ) (-256 -256 296 ) (-400 -256 296 ) (-400 -256 176 ) 
4 685 687 (-400 -256 176 ) (-400 -256 296 ) (-400 0 296 ) (-400 0 176 ) 
4 686 726 (-480 -256 660 ) (-544 -256 660 ) (-544 -256 508 ) (-480 -256 508 ) 
4 686 718 (-400 -256 508 ) (-400 -256 660 ) (-480 -256 660 ) (-480 -256 508 ) 
4 686 690 (-544 0 660 ) (-544 0 508 ) (-544 -256 508 ) (-544 -256 660 ) 
4 687 727 (-480 -256 296 ) (-544 -256 296 ) (-544 -256 176 ) (-480 -256 176 ) 
4 687 719 (-400 -256 176 ) (-400 -256 296 ) (-480 -256 296 ) (-480 -256 176 ) 
4 687 691 (-544 0 296 ) (-544 0 176 ) (-544 -256 176 ) (-544 -256 296 ) 
4 688 792 (-480 -64 152 ) (-480 -56 152 ) (-400 -56 152 ) (-400 -64 152 ) 
4 688 790 (-480 -56 152 ) (-480 -32 152 ) (-400 -32 152 ) (-400 -56 152 ) 
4 689 792 (-480 -160 152 ) (-480 -128 152 ) (-400 -128 152 ) (-400 -160 152 ) 
4 690 728 (-544 -256 508 ) (-544 -256 660 ) (-624 -256 660 ) (-624 -256 508 ) 
4 690 694 (-624 0 660 ) (-624 0 508 ) (-624 -256 508 ) (-624 -256 660 ) 
4 691 729 (-544 -256 176 ) (-544 -256 296 ) (-624 -256 296 ) (-624 -256 176 ) 
4 691 695 (-624 0 296 ) (-624 0 176 ) (-624 -256 176 ) (-624 -256 296 ) 
4 692 792 (-624 -64 152 ) (-624 -56 152 ) (-544 -56 152 ) (-544 -64 152 ) 
4 692 790 (-624 -56 152 ) (-624 -32 152 ) (-544 -32 152 ) (-544 -56 152 ) 
4 693 792 (-624 -160 152 ) (-624 -128 152 ) (-544 -128 152 ) (-544 -160 152 ) 
4 694 748 (-624 -256 508 ) (-624 -256 660 ) (-912 -256 660 ) (-912 -256 508 ) 
4 694 696 (-912 -256 508 ) (-912 -256 660 ) (-912 0 660 ) (-912 0 508 ) 
4 695 749 (-624 -256 176 ) (-624 -256 296 ) (-912 -256 296 ) (-912 -256 176 ) 
4 695 703 (-912 -256 176 ) (-912 -256 296 ) (-912 -160 296 ) (-912 -160 176 ) 
4 695 701 (-912 -160 296 ) (-912 -128 296 ) (-912 -128 176 ) (-912 -160 176 ) 
4 695 700 (-912 -128 296 ) (-912 -64 296 ) (-912 -64 176 ) (-912 -128 176 ) 
4 695 698 (-912 -64 296 ) (-912 -32 296 ) (-912 -32 176 ) (-912 -64 176 ) 
4 695 697 (-912 -32 296 ) (-912 0 296 ) (-912 0 176 ) (-912 -32 176 ) 
4 696 850 (-1024 0 660 ) (-1024 0 508 ) (-1024 -256 508 ) (-1024 -256 660 ) 
4 696 770 (-1024 -256 660 ) (-1024 -256 508 ) (-992 -256 508 ) (-992 -256 660 ) 
4 696 750 (-992 -256 508 ) (-912 -256 508 ) (-912 -256 660 ) (-992 -256 660 ) 
4 697 704 (-992 -32 176 ) (-992 -32 296 ) (-992 0 296 ) (-992 0 176 ) 
4 697 698 (-992 -32 296 ) (-992 -32 176 ) (-912 -32 176 ) (-912 -32 296 ) 
4 698 704 (-992 -64 176 ) (-992 -64 296 ) (-992 -32 296 ) (-992 -32 176 ) 
4 698 700 (-992 -64 296 ) (-992 -64 176 ) (-912 -64 176 ) (-912 -64 296 ) 
4 699 803 (-992 -64 152 ) (-992 -32 152 ) (-968 -32 152 ) (-968 -64 152 ) 
4 699 800 (-968 -32 152 ) (-912 -32 152 ) (-912 -64 152 ) (-968 -64 152 ) 
4 700 704 (-992 -128 176 ) (-992 -128 296 ) (-992 -64 296 ) (-992 -64 176 ) 
4 700 701 (-992 -128 296 ) (-992 -128 176 ) (-912 -128 176 ) (-912 -128 296 ) 
4 701 704 (-992 -160 176 ) (-992 -160 296 ) (-992 -128 296 ) (-992 -128 176 ) 
4 701 703 (-992 -160 296 ) (-992 -160 176 ) (-912 -160 176 ) (-912 -160 296 ) 
4 702 803 (-992 -160 152 ) (-992 -128 152 ) (-968 -128 152 ) (-968 -160 152 ) 
4 702 800 (-968 -128 152 ) (-912 -128 152 ) (-912 -160 152 ) (-968 -160 152 ) 
4 703 751 (-912 -256 176 ) (-912 -256 296 ) (-992 -256 296 ) (-992 -256 176 ) 
4 703 705 (-992 -256 176 ) (-992 -256 296 ) (-992 -160 296 ) (-992 -160 176 ) 
4 704 852 (-1024 0 296 ) (-1024 0 176 ) (-1024 -160 176 ) (-1024 -160 296 ) 
4 704 705 (-992 -160 176 ) (-992 -160 296 ) (-1024 -160 296 ) (-1024 -160 176 ) 
4 705 852 (-1024 -256 176 ) (-1024 -256 296 ) (-1024 -160 296 ) (-1024 -160 176 ) 
4 705 771 (-1024 -256 296 ) (-1024 -256 176 ) (-992 -256 176 ) (-992 -256 296 ) 
4 706 902 (0 -1024 508 ) (0 -1024 660 ) (-32 -1024 660 ) (-32 -1024 508 ) 
4 706 708 (-32 -256 660 ) (-32 -256 508 ) (-32 -1024 508 ) (-32 -1024 660 ) 
4 707 903 (0 -1024 176 ) (0 -1024 296 ) (-32 -1024 296 ) (-32 -1024 176 ) 
4 707 709 (-32 -256 296 ) (-32 -256 176 ) (-32 -1024 176 ) (-32 -1024 296 ) 
4 708 902 (-112 -1024 660 ) (-112 -1024 508 ) (-32 -1024 508 ) (-32 -1024 660 ) 
4 708 716 (-112 -256 660 ) (-112 -256 508 ) (-112 -1024 508 ) (-112 -1024 660 ) 
4 709 903 (-112 -1024 296 ) (-112 -1024 176 ) (-32 -1024 176 ) (-32 -1024 296 ) 
4 709 717 (-112 -256 296 ) (-112 -256 176 ) (-112 -1024 176 ) (-112 -1024 296 ) 
4 710 783 (-112 -384 152 ) (-112 -352 152 ) (-56 -352 152 ) (-56 -384 152 ) 
4 710 777 (-56 -352 152 ) (-32 -352 152 ) (-32 -384 152 ) (-56 -384 152 ) 
4 711 784 (-112 -480 152 ) (-112 -456 152 ) (-56 -456 152 ) (-56 -480 152 ) 
4 711 783 (-112 -456 152 ) (-112 -448 152 ) (-56 -448 152 ) (-56 -456 152 ) 
4 711 777 (-56 -448 152 ) (-32 -448 152 ) (-32 -480 152 ) (-56 -480 152 ) 
4 712 786 (-112 -576 152 ) (-112 -568 152 ) (-56 -568 152 ) (-56 -576 152 ) 
4 712 784 (-112 -568 152 ) (-112 -544 152 ) (-56 -544 152 ) (-56 -568 152 ) 
4 712 777 (-56 -544 152 ) (-32 -544 152 ) (-32 -576 152 ) (-56 -576 152 ) 
4 713 786 (-112 -672 152 ) (-112 -640 152 ) (-56 -640 152 ) (-56 -672 152 ) 
4 713 777 (-56 -640 152 ) (-32 -640 152 ) (-32 -672 152 ) (-56 -672 152 ) 
4 714 787 (-112 -896 152 ) (-112 -864 152 ) (-56 -864 152 ) (-56 -896 152 ) 
4 714 779 (-56 -864 152 ) (-32 -864 152 ) (-32 -896 152 ) (-56 -896 152 ) 
4 715 788 (-112 -992 152 ) (-112 -968 152 ) (-56 -968 152 ) (-56 -992 152 ) 
4 715 787 (-112 -968 152 ) (-112 -960 152 ) (-56 -960 152 ) (-56 -968 152 ) 
4 715 779 (-56 -960 152 ) (-32 -960 152 ) (-32 -992 152 ) (-56 -992 152 ) 
4 716 902 (-400 -1024 660 ) (-400 -1024 508 ) (-112 -1024 508 ) (-112 -1024 660 ) 
4 716 718 (-400 -256 660 ) (-400 -256 508 ) (-400 -1024 508 ) (-400 -1024 660 ) 
4 717 903 (-400 -1024 296 ) (-400 -1024 176 ) (-112 -1024 176 ) (-112 -1024 296 ) 
4 717 719 (-400 -256 296 ) (-400 -256 176 ) (-400 -1024 176 ) (-400 -1024 296 ) 
4 718 902 (-480 -1024 660 ) (-480 -1024 508 ) (-400 -1024 508 ) (-400 -1024 660 ) 
4 718 726 (-480 -256 660 ) (-480 -256 508 ) (-480 -1024 508 ) (-480 -1024 660 ) 
4 719 903 (-480 -1024 296 ) (-480 -1024 176 ) (-400 -1024 176 ) (-400 -1024 296 ) 
4 719 727 (-480 -256 296 ) (-480 -256 176 ) (-480 -1024 176 ) (-480 -1024 296 ) 
4 720 794 (-480 -384 152 ) (-480 -352 152 ) (-400 -352 152 ) (-400 -384 152 ) 
4 721 794 (-480 -480 152 ) (-480 -448 152 ) (-400 -448 152 ) (-400 -480 152 ) 
4 722 794 (-480 -576 152 ) (-480 -544 152 ) (-400 -544 152 ) (-400 -576 152 ) 
4 723 794 (-480 -672 152 ) (-480 -640 152 ) (-400 -640 152 ) (-400 -672 152 ) 
4 724 797 (-480 -896 152 ) (-480 -864 152 ) (-400 -864 152 ) (-400 -896 152 ) 
4 725 798 (-480 -992 152 ) (-480 -968 152 ) (-400 -968 152 ) (-400 -992 152 ) 
4 725 797 (-480 -968 152 ) (-480 -960 152 ) (-400 -960 152 ) (-400 -968 152 ) 
4 726 902 (-544 -1024 660 ) (-544 -1024 508 ) (-480 -1024 508 ) (-480 -1024 660 ) 
4 726 728 (-544 -256 660 ) (-544 -256 508 ) (-544 -1024 508 ) (-544 -1024 660 ) 
4 727 903 (-544 -1024 296 ) (-544 -1024 176 ) (-480 -1024 176 ) (-480 -1024 296 ) 
4 727 747 (-544 -992 176 ) (-544 -1024 176 ) (-544 -1024 296 ) (-544 -992 296 ) 
4 727 745 (-544 -960 176 ) (-544 -992 176 ) (-544 -992 296 ) (-544 -960 296 ) 
4 727 744 (-544 -896 176 ) (-544 -960 176 ) (-544 -960 296 ) (-544 -896 296 ) 
4 727 742 (-544 -864 176 ) (-544 -896 176 ) (-544 -896 296 ) (-544 -864 296 ) 
4 727 741 (-544 -672 176 ) (-544 -864 176 ) (-544 -864 296 ) (-544 -672 296 ) 
4 727 739 (-544 -640 176 ) (-544 -672 176 ) (-544 -672 296 ) (-544 -640 296 ) 
4 727 738 (-544 -576 176 ) (-544 -640 176 ) (-544 -640 296 ) (-544 -576 296 ) 
4 727 736 (-544 -544 176 ) (-544 -576 176 ) (-544 -576 296 ) (-544 -544 296 ) 
4 727 735 (-544 -480 176 ) (-544 -544 176 ) (-544 -544 296 ) (-544 -480 296 ) 
4 727 733 (-544 -448 176 ) (-544 -480 176 ) (-544 -480 296 ) (-544 -448 296 ) 
4 727 732 (-544 -384 176 ) (-544 -448 176 ) (-544 -448 296 ) (-544 -384 296 ) 
4 727 730 (-544 -352 176 ) (-544 -384 176 ) (-544 -384 296 ) (-544 -352 296 ) 
4 727 729 (-544 -256 296 ) (-544 -256 176 ) (-544 -352 176 ) (-544 -352 296 ) 
4 728 902 (-624 -1024 660 ) (-624 -1024 508 ) (-544 -1024 508 ) (-544 -1024 660 ) 
4 728 748 (-624 -256 660 ) (-624 -256 508 ) (-624 -1024 508 ) (-624 -1024 660 ) 
4 729 749 (-624 -256 296 ) (-624 -256 176 ) (-624 -352 176 ) (-624 -352 296 ) 
4 729 730 (-544 -352 176 ) (-544 -352 296 ) (-624 -352 296 ) (-624 -352 176 ) 
4 730 749 (-624 -384 176 ) (-624 -384 296 ) (-624 -352 296 ) (-624 -352 176 ) 
4 730 732 (-544 -384 176 ) (-544 -384 296 ) (-624 -384 296 ) (-624 -384 176 ) 
4 731 794 (-624 -384 152 ) (-624 -352 152 ) (-544 -352 152 ) (-544 -384 152 ) 
4 732 749 (-624 -448 176 ) (-624 -448 296 ) (-624 -384 296 ) (-624 -384 176 ) 
4 732 733 (-544 -448 176 ) (-544 -448 296 ) (-624 -448 296 ) (-624 -448 176 ) 
4 733 749 (-624 -480 176 ) (-624 -480 296 ) (-624 -448 296 ) (-624 -448 176 ) 
4 733 735 (-544 -480 176 ) (-544 -480 296 ) (-624 -480 296 ) (-624 -480 176 ) 
4 734 794 (-624 -480 152 ) (-624 -448 152 ) (-544 -448 152 ) (-544 -480 152 ) 
4 735 749 (-624 -544 176 ) (-624 -544 296 ) (-624 -480 296 ) (-624 -480 176 ) 
4 735 736 (-544 -544 176 ) (-544 -544 296 ) (-624 -544 296 ) (-624 -544 176 ) 
4 736 749 (-624 -576 176 ) (-624 -576 296 ) (-624 -544 296 ) (-624 -544 176 ) 
4 736 738 (-544 -576 176 ) (-544 -576 296 ) (-624 -576 296 ) (-624 -576 176 ) 
4 737 794 (-624 -576 152 ) (-624 -544 152 ) (-544 -544 152 ) (-544 -576 152 ) 
4 738 749 (-624 -640 176 ) (-624 -640 296 ) (-624 -576 296 ) (-624 -576 176 ) 
4 738 739 (-544 -640 176 ) (-544 -640 296 ) (-624 -640 296 ) (-624 -640 176 ) 
4 739 749 (-624 -672 176 ) (-624 -672 296 ) (-624 -640 296 ) (-624 -640 176 ) 
4 739 741 (-544 -672 176 ) (-544 -672 296 ) (-624 -672 296 ) (-624 -672 176 ) 
4 740 794 (-624 -672 152 ) (-624 -640 152 ) (-544 -640 152 ) (-544 -672 152 ) 
4 741 749 (-624 -864 176 ) (-624 -864 296 ) (-624 -672 296 ) (-624 -672 176 ) 
4 741 742 (-544 -864 176 ) (-544 -864 296 ) (-624 -864 296 ) (-624 -864 176 ) 
4 742 749 (-624 -896 176 ) (-624 -896 296 ) (-624 -864 296 ) (-624 -864 176 ) 
4 742 744 (-544 -896 176 ) (-544 -896 296 ) (-624 -896 296 ) (-624 -896 176 ) 
4 743 797 (-624 -896 152 ) (-624 -864 152 ) (-544 -864 152 ) (-544 -896 152 ) 
4 744 749 (-624 -960 176 ) (-624 -960 296 ) (-624 -896 296 ) (-624 -896 176 ) 
4 744 745 (-544 -960 176 ) (-544 -960 296 ) (-624 -960 296 ) (-624 -960 176 ) 
4 745 749 (-624 -992 176 ) (-624 -992 296 ) (-624 -960 296 ) (-624 -960 176 ) 
4 745 747 (-544 -992 176 ) (-544 -992 296 ) (-624 -992 296 ) (-624 -992 176 ) 
4 746 798 (-624 -992 152 ) (-624 -968 152 ) (-544 -968 152 ) (-544 -992 152 ) 
4 746 797 (-624 -968 152 ) (-624 -960 152 ) (-544 -960 152 ) (-544 -968 152 ) 
4 747 903 (-624 -1024 296 ) (-624 -1024 176 ) (-544 -1024 176 ) (-544 -1024 296 ) 
4 747 749 (-624 -1024 176 ) (-624 -1024 296 ) (-624 -992 296 ) (-624 -992 176 ) 
4 748 902 (-912 -1024 660 ) (-912 -1024 508 ) (-624 -1024 508 ) (-624 -1024 660 ) 
4 748 750 (-912 -256 660 ) (-912 -256 508 ) (-912 -1024 508 ) (-912 -1024 660 ) 
4 749 903 (-912 -1024 296 ) (-912 -1024 176 ) (-624 -1024 176 ) (-624 -1024 296 ) 
4 749 769 (-912 -992 176 ) (-912 -1024 176 ) (-912 -1024 296 ) (-912 -992 296 ) 
4 749 767 (-912 -960 176 ) (-912 -992 176 ) (-912 -992 296 ) (-912 -960 296 ) 
4 749 766 (-912 -896 176 ) (-912 -960 176 ) (-912 -960 296 ) (-912 -896 296 ) 
4 749 764 (-912 -864 176 ) (-912 -896 176 ) (-912 -896 296 ) (-912 -864 296 ) 
4 749 763 (-912 -672 176 ) (-912 -864 176 ) (-912 -864 296 ) (-912 -672 296 ) 
4 749 761 (-912 -640 176 ) (-912 -672 176 ) (-912 -672 296 ) (-912 -640 296 ) 
4 749 760 (-912 -576 176 ) (-912 -640 176 ) (-912 -640 296 ) (-912 -576 296 ) 
4 749 758 (-912 -544 176 ) (-912 -576 176 ) (-912 -576 296 ) (-912 -544 296 ) 
4 749 757 (-912 -480 176 ) (-912 -544 176 ) (-912 -544 296 ) (-912 -480 296 ) 
4 749 755 (-912 -448 176 ) (-912 -480 176 ) (-912 -480 296 ) (-912 -448 296 ) 
4 749 754 (-912 -384 176 ) (-912 -448 176 ) (-912 -448 296 ) (-912 -384 296 ) 
4 749 752 (-912 -352 176 ) (-912 -384 176 ) (-912 -384 296 ) (-912 -352 296 ) 
4 749 751 (-912 -256 296 ) (-912 -256 176 ) (-912 -352 176 ) (-912 -352 296 ) 
4 750 902 (-992 -1024 660 ) (-992 -1024 508 ) (-912 -1024 508 ) (-912 -1024 660 ) 
4 750 770 (-992 -256 660 ) (-992 -256 508 ) (-992 -1024 508 ) (-992 -1024 660 ) 
4 751 771 (-992 -256 296 ) (-992 -256 176 ) (-992 -352 176 ) (-992 -352 296 ) 
4 751 752 (-912 -352 176 ) (-912 -352 296 ) (-992 -352 296 ) (-992 -352 176 ) 
4 752 772 (-992 -384 176 ) (-992 -384 296 ) (-992 -352 296 ) (-992 -352 176 ) 
4 752 754 (-912 -384 176 ) (-912 -384 296 ) (-992 -384 296 ) (-992 -384 176 ) 
4 753 805 (-992 -384 152 ) (-992 -352 152 ) (-968 -352 152 ) (-968 -384 152 ) 
4 753 801 (-968 -352 152 ) (-912 -352 152 ) (-912 -384 152 ) (-968 -384 152 ) 
4 754 772 (-992 -448 176 ) (-992 -448 296 ) (-992 -384 296 ) (-992 -384 176 ) 
4 754 755 (-912 -448 176 ) (-912 -448 296 ) (-992 -448 296 ) (-992 -448 176 ) 
4 755 772 (-992 -480 176 ) (-992 -480 296 ) (-992 -448 296 ) (-992 -448 176 ) 
4 755 757 (-912 -480 176 ) (-912 -480 296 ) (-992 -480 296 ) (-992 -480 176 ) 
4 756 805 (-992 -480 152 ) (-992 -448 152 ) (-968 -448 152 ) (-968 -480 152 ) 
4 756 801 (-968 -448 152 ) (-912 -448 152 ) (-912 -480 152 ) (-968 -480 152 ) 
4 757 772 (-992 -544 176 ) (-992 -544 296 ) (-992 -480 296 ) (-992 -480 176 ) 
4 757 758 (-912 -544 176 ) (-912 -544 296 ) (-992 -544 296 ) (-992 -544 176 ) 
4 758 772 (-992 -576 176 ) (-992 -576 296 ) (-992 -544 296 ) (-992 -544 176 ) 
4 758 760 (-912 -576 176 ) (-912 -576 296 ) (-992 -576 296 ) (-992 -576 176 ) 
4 759 805 (-992 -576 152 ) (-992 -544 152 ) (-968 -544 152 ) (-968 -576 152 ) 
4 759 801 (-968 -544 152 ) (-912 -544 152 ) (-912 -576 152 ) (-968 -576 152 ) 
4 760 772 (-992 -640 176 ) (-992 -640 296 ) (-992 -576 296 ) (-992 -576 176 ) 
4 760 761 (-912 -640 176 ) (-912 -640 296 ) (-992 -640 296 ) (-992 -640 176 ) 
4 761 772 (-992 -672 176 ) (-992 -672 296 ) (-992 -640 296 ) (-992 -640 176 ) 
4 761 763 (-912 -672 176 ) (-912 -672 296 ) (-992 -672 296 ) (-992 -672 176 ) 
4 762 805 (-992 -672 152 ) (-992 -640 152 ) (-968 -640 152 ) (-968 -672 152 ) 
4 762 801 (-968 -640 152 ) (-912 -640 152 ) (-912 -672 152 ) (-968 -672 152 ) 
4 763 773 (-992 -864 176 ) (-992 -864 296 ) (-992 -672 296 ) (-992 -672 176 ) 
4 763 764 (-912 -864 176 ) (-912 -864 296 ) (-992 -864 296 ) (-992 -864 176 ) 
4 764 774 (-992 -896 176 ) (-992 -896 296 ) (-992 -864 296 ) (-992 -864 176 ) 
4 764 766 (-912 -896 176 ) (-912 -896 296 ) (-992 -896 296 ) (-992 -896 176 ) 
4 765 807 (-992 -896 152 ) (-992 -864 152 ) (-968 -864 152 ) (-968 -896 152 ) 
4 765 802 (-968 -864 152 ) (-912 -864 152 ) (-912 -896 152 ) (-968 -896 152 ) 
4 766 774 (-992 -960 176 ) (-992 -960 296 ) (-992 -896 296 ) (-992 -896 176 ) 
4 766 767 (-912 -960 176 ) (-912 -960 296 ) (-992 -960 296 ) (-992 -960 176 ) 
4 767 774 (-992 -992 176 ) (-992 -992 296 ) (-992 -960 296 ) (-992 -960 176 ) 
4 767 769 (-912 -992 176 ) (-912 -992 296 ) (-992 -992 296 ) (-992 -992 176 ) 
4 768 807 (-992 -992 152 ) (-992 -960 152 ) (-968 -960 152 ) (-968 -992 152 ) 
4 768 802 (-968 -960 152 ) (-912 -960 152 ) (-912 -992 152 ) (-968 -992 152 ) 
4 769 903 (-992 -1024 296 ) (-992 -1024 176 ) (-912 -1024 176 ) (-912 -1024 296 ) 
4 769 774 (-992 -1024 176 ) (-992 -1024 296 ) (-992 -992 296 ) (-992 -992 176 ) 
4 770 902 (-1024 -1024 660 ) (-1024 -1024 508 ) (-992 -1024 508 ) (-992 -1024 660 ) 
4 770 851 (-1024 -1024 508 ) (-1024 -1024 660 ) (-1024 -256 660 ) (-1024 -256 508 ) 
4 771 852 (-1024 -352 296 ) (-1024 -256 296 ) (-1024 -256 176 ) (-1024 -352 176 ) 
4 771 772 (-992 -352 176 ) (-992 -352 296 ) (-1024 -352 296 ) (-1024 -352 176 ) 
4 772 852 (-1024 -672 296 ) (-1024 -352 296 ) (-1024 -352 176 ) (-1024 -672 176 ) 
4 772 773 (-992 -672 176 ) (-992 -672 296 ) (-1024 -672 296 ) (-1024 -672 176 ) 
4 773 852 (-1024 -864 296 ) (-1024 -672 296 ) (-1024 -672 176 ) (-1024 -864 176 ) 
4 773 774 (-992 -864 176 ) (-992 -864 296 ) (-1024 -864 296 ) (-1024 -864 176 ) 
4 774 903 (-1024 -1024 296 ) (-1024 -1024 176 ) (-992 -1024 176 ) (-992 -1024 296 ) 
4 774 852 (-1024 -1024 176 ) (-1024 -1024 296 ) (-1024 -864 296 ) (-1024 -864 176 ) 
4 775 782 (-56 -56 0 ) (-56 -248 0 ) (-56 -248 152 ) (-56 -56 152 ) 
4 775 780 (-56 0 0 ) (-56 -56 0 ) (-56 -56 152 ) (-56 0 152 ) 
4 775 776 (-56 -248 152 ) (-56 -248 0 ) (0 -248 0 ) (0 -248 152 ) 
4 776 777 (-56 -256 152 ) (-56 -256 0 ) (0 -256 0 ) (0 -256 152 ) 
4 777 786 (-56 -568 0 ) (-56 -760 0 ) (-56 -760 152 ) (-56 -568 152 ) 
4 777 784 (-56 -456 0 ) (-56 -568 0 ) (-56 -568 152 ) (-56 -456 152 ) 
4 777 783 (-56 -256 0 ) (-56 -456 0 ) (-56 -456 152 ) (-56 -256 152 ) 
4 777 778 (-56 -760 152 ) (-56 -760 0 ) (0 -760 0 ) (0 -760 152 ) 
4 778 779 (-56 -768 152 ) (-56 -768 0 ) (0 -768 0 ) (0 -768 152 ) 
4 779 914 (0 -1024 0 ) (0 -1024 152 ) (-56 -1024 152 ) (-56 -1024 0 ) 
4 779 788 (-56 -968 0 ) (-56 -1024 0 ) (-56 -1024 152 ) (-56 -968 152 ) 
4 779 787 (-56 -768 0 ) (-56 -968 0 ) (-56 -968 152 ) (-56 -768 152 ) 
4 780 782 (-248 -56 0 ) (-56 -56 0 ) (-56 -56 152 ) (-248 -56 152 ) 
4 780 781 (-248 0 0 ) (-248 -56 0 ) (-248 -56 152 ) (-248 0 152 ) 
4 781 790 (-256 0 0 ) (-256 -56 0 ) (-256 -56 152 ) (-256 0 152 ) 
4 783 784 (-248 -456 0 ) (-56 -456 0 ) (-56 -456 152 ) (-248 -456 152 ) 
4 784 786 (-248 -568 0 ) (-56 -568 0 ) (-56 -568 152 ) (-248 -568 152 ) 
4 784 785 (-248 -456 152 ) (-248 -456 0 ) (-248 -568 0 ) (-248 -568 152 ) 
4 785 794 (-256 -456 0 ) (-256 -568 0 ) (-256 -568 152 ) (-256 -456 152 ) 
4 787 788 (-248 -968 0 ) (-56 -968 0 ) (-56 -968 152 ) (-248 -968 152 ) 
4 788 914 (-56 -1024 152 ) (-248 -1024 152 ) (-248 -1024 0 ) (-56 -1024 0 ) 
4 788 789 (-248 -968 152 ) (-248 -968 0 ) (-248 -1024 0 ) (-248 -1024 152 ) 
4 789 915 (-248 -1024 152 ) (-256 -1024 152 ) (-256 -1024 0 ) (-248 -1024 0 ) 
4 789 798 (-256 -968 0 ) (-256 -1024 0 ) (-256 -1024 152 ) (-256 -968 152 ) 
4 790 792 (-760 -56 0 ) (-256 -56 0 ) (-256 -56 152 ) (-760 -56 152 ) 
4 790 791 (-760 0 0 ) (-760 -56 0 ) (-760 -56 152 ) (-760 0 152 ) 
4 791 800 (-768 0 0 ) (-768 -56 0 ) (-768 -56 152 ) (-768 0 152 ) 
4 792 793 (-568 -248 0 ) (-456 -248 0 ) (-456 -248 152 ) (-568 -248 152 ) 
4 793 794 (-568 -256 0 ) (-456 -256 0 ) (-456 -256 152 ) (-568 -256 152 ) 
4 794 796 (-568 -760 0 ) (-456 -760 0 ) (-456 -760 152 ) (-568 -760 152 ) 
4 794 795 (-760 -456 0 ) (-760 -568 0 ) (-760 -568 152 ) (-760 -456 152 ) 
4 795 801 (-768 -456 0 ) (-768 -568 0 ) (-768 -568 152 ) (-768 -456 152 ) 
4 796 797 (-568 -768 0 ) (-456 -768 0 ) (-456 -768 152 ) (-568 -768 152 ) 
4 797 798 (-760 -968 0 ) (-256 -968 0 ) (-256 -968 152 ) (-760 -968 152 ) 
4 798 916 (-256 -1024 152 ) (-760 -1024 152 ) (-760 -1024 0 ) (-256 -1024 0 ) 
4 798 799 (-760 -968 152 ) (-760 -968 0 ) (-760 -1024 0 ) (-760 -1024 152 ) 
4 799 917 (-760 -1024 152 ) (-768 -1024 152 ) (-768 -1024 0 ) (-760 -1024 0 ) 
4 799 802 (-768 -968 0 ) (-768 -1024 0 ) (-768 -1024 152 ) (-768 -968 152 ) 
4 800 803 (-968 0 0 ) (-968 -248 0 ) (-968 -248 152 ) (-968 0 152 ) 
4 801 805 (-968 -256 0 ) (-968 -760 0 ) (-968 -760 152 ) (-968 -256 152 ) 
4 802 918 (-768 -1024 152 ) (-968 -1024 152 ) (-968 -1024 0 ) (-768 -1024 0 ) 
4 802 807 (-968 -768 0 ) (-968 -1024 0 ) (-968 -1024 152 ) (-968 -768 152 ) 
4 803 862 (-1024 -248 152 ) (-1024 0 152 ) (-1024 0 0 ) (-1024 -248 0 ) 
4 803 804 (-1024 -248 0 ) (-968 -248 0 ) (-968 -248 152 ) (-1024 -248 152 ) 
4 804 863 (-1024 -256 152 ) (-1024 -248 152 ) (-1024 -248 0 ) (-1024 -256 0 ) 
4 804 805 (-1024 -256 0 ) (-968 -256 0 ) (-968 -256 152 ) (-1024 -256 152 ) 
4 805 864 (-1024 -760 152 ) (-1024 -256 152 ) (-1024 -256 0 ) (-1024 -760 0 ) 
4 805 806 (-1024 -760 0 ) (-968 -760 0 ) (-968 -760 152 ) (-1024 -760 152 ) 
4 806 865 (-1024 -768 152 ) (-1024 -760 152 ) (-1024 -760 0 ) (-1024 -768 0 ) 
4 806 807 (-1024 -768 0 ) (-968 -768 0 ) (-968 -768 152 ) (-1024 -768 152 ) 
4 807 918 (-968 -1024 152 ) (-1024 -1024 152 ) (-1024 -1024 0 ) (-968 -1024 0 ) 
4 807 866 (-1024 -1024 0 ) (-1024 -1024 152 ) (-1024 -768 152 ) (-1024 -768 0 ) 
4 808 812 (-32 -160 -136 ) (-32 -160 -16 ) (-32 -128 -16 ) (-32 -128 -136 ) 
4 808 810 (-32 -128 -16 ) (-32 0 -16 ) (-32 0 -136 ) (-32 -128 -136 ) 
4 808 809 (0 -160 -16 ) (-32 -160 -16 ) (-32 -160 -136 ) (0 -160 -136 ) 
4 809 925 (0 -1024 -136 ) (0 -1024 -16 ) (-32 -1024 -16 ) (-32 -1024 -136 ) 
4 809 812 (-32 -1024 -136 ) (-32 -1024 -16 ) (-32 -160 -16 ) (-32 -160 -136 ) 
4 810 814 (-112 -128 -136 ) (-112 -128 -16 ) (-112 0 -16 ) (-112 0 -136 ) 
4 810 812 (-112 -128 -16 ) (-112 -128 -136 ) (-32 -128 -136 ) (-32 -128 -16 ) 
4 811 816 (-112 -64 -208 ) (-112 -56 -208 ) (-32 -56 -208 ) (-32 -64 -208 ) 
4 811 815 (-112 -56 -208 ) (-112 -32 -208 ) (-32 -32 -208 ) (-32 -56 -208 ) 
4 812 925 (-112 -1024 -16 ) (-112 -1024 -136 ) (-32 -1024 -136 ) (-32 -1024 -16 ) 
4 812 814 (-112 -1024 -136 ) (-112 -1024 -16 ) (-112 -128 -16 ) (-112 -128 -136 ) 
4 813 816 (-112 -160 -208 ) (-112 -128 -208 ) (-32 -128 -208 ) (-32 -160 -208 ) 
4 814 925 (-1024 -1024 -16 ) (-1024 -1024 -136 ) (-112 -1024 -136 ) (-112 -1024 -16 ) 
4 814 873 (-1024 -1024 -136 ) (-1024 -1024 -16 ) (-1024 0 -16 ) (-1024 0 -136 ) 
4 815 874 (-1024 -56 -208 ) (-1024 0 -208 ) (-1024 0 -360 ) (-1024 -56 -360 ) 
4 815 816 (-248 -56 -360 ) (0 -56 -360 ) (0 -56 -208 ) (-248 -56 -208 ) 
4 816 817 (-56 -248 -360 ) (0 -248 -360 ) (0 -248 -208 ) (-56 -248 -208 ) 
4 817 926 (0 -1024 -360 ) (0 -1024 -208 ) (-56 -1024 -208 ) (-56 -1024 -360 ) 
4 819 831 (-1024 256 508 ) (-1024 256 660 ) (-1056 256 660 ) (-1056 256 508 ) 
4 819 821 (-1056 256 508 ) (-1056 256 660 ) (-1056 1024 660 ) (-1056 1024 508 ) 
4 820 822 (-1056 1024 296 ) (-1056 1024 176 ) (-1056 264 176 ) (-1056 264 296 ) 
4 821 831 (-1056 256 508 ) (-1056 256 660 ) (-1136 256 660 ) (-1136 256 508 ) 
4 821 829 (-1136 1024 660 ) (-1136 1024 508 ) (-1136 256 508 ) (-1136 256 660 ) 
4 822 830 (-1136 1024 296 ) (-1136 1024 176 ) (-1136 264 176 ) (-1136 264 296 ) 
4 823 839 (-1080 960 152 ) (-1136 960 152 ) (-1136 992 152 ) (-1080 992 152 ) 
4 823 835 (-1056 992 152 ) (-1056 960 152 ) (-1080 960 152 ) (-1080 992 152 ) 
4 824 839 (-1080 864 152 ) (-1136 864 152 ) (-1136 896 152 ) (-1080 896 152 ) 
4 824 835 (-1056 896 152 ) (-1056 864 152 ) (-1080 864 152 ) (-1080 896 152 ) 
4 825 841 (-1080 640 152 ) (-1136 640 152 ) (-1136 672 152 ) (-1080 672 152 ) 
4 825 837 (-1056 672 152 ) (-1056 640 152 ) (-1080 640 152 ) (-1080 672 152 ) 
4 826 841 (-1080 544 152 ) (-1136 544 152 ) (-1136 576 152 ) (-1080 576 152 ) 
4 826 837 (-1056 576 152 ) (-1056 544 152 ) (-1080 544 152 ) (-1080 576 152 ) 
4 827 841 (-1080 448 152 ) (-1136 448 152 ) (-1136 480 152 ) (-1080 480 152 ) 
4 827 837 (-1056 480 152 ) (-1056 448 152 ) (-1080 448 152 ) (-1080 480 152 ) 
4 828 841 (-1080 352 152 ) (-1136 352 152 ) (-1136 384 152 ) (-1080 384 152 ) 
4 828 837 (-1056 384 152 ) (-1056 352 152 ) (-1080 352 152 ) (-1080 384 152 ) 
4 829 848 (-1280 1024 660 ) (-1280 1024 508 ) (-1280 256 508 ) (-1280 256 660 ) 
4 829 831 (-1280 256 660 ) (-1280 256 508 ) (-1136 256 508 ) (-1136 256 660 ) 
4 831 850 (-1024 0 508 ) (-1024 0 660 ) (-1280 0 660 ) (-1280 0 508 ) 
4 831 848 (-1280 0 508 ) (-1280 0 660 ) (-1280 256 660 ) (-1280 256 508 ) 
4 832 852 (-1024 0 176 ) (-1024 0 296 ) (-1272 0 296 ) (-1272 0 176 ) 
4 833 844 (-1056 160 152 ) (-1056 128 152 ) (-1136 128 152 ) (-1136 160 152 ) 
4 834 844 (-1056 64 152 ) (-1056 32 152 ) (-1136 32 152 ) (-1136 64 152 ) 
4 835 839 (-1080 1024 0 ) (-1080 776 0 ) (-1080 776 152 ) (-1080 1024 152 ) 
4 835 836 (-1080 776 152 ) (-1080 776 0 ) (-1024 776 0 ) (-1024 776 152 ) 
4 836 837 (-1080 768 152 ) (-1080 768 0 ) (-1024 768 0 ) (-1024 768 152 ) 
4 837 841 (-1080 768 0 ) (-1080 264 0 ) (-1080 264 152 ) (-1080 768 152 ) 
4 837 838 (-1080 264 152 ) (-1080 264 0 ) (-1024 264 0 ) (-1024 264 152 ) 
4 838 844 (-1024 256 0 ) (-1024 256 152 ) (-1080 256 152 ) (-1080 256 0 ) 
4 839 840 (-1272 1024 0 ) (-1272 968 0 ) (-1272 968 152 ) (-1272 1024 152 ) 
4 841 842 (-1272 568 0 ) (-1272 456 0 ) (-1272 456 152 ) (-1272 568 152 ) 
4 844 867 (-1080 0 152 ) (-1272 0 152 ) (-1272 0 0 ) (-1080 0 0 ) 
4 844 862 (-1024 0 0 ) (-1024 0 152 ) (-1080 0 152 ) (-1080 0 0 ) 
4 844 845 (-1272 56 0 ) (-1272 0 0 ) (-1272 0 152 ) (-1272 56 152 ) 
4 845 868 (-1272 0 152 ) (-1280 0 152 ) (-1280 0 0 ) (-1272 0 0 ) 
4 846 873 (-1024 0 -136 ) (-1024 0 -16 ) (-1272 0 -16 ) (-1272 0 -136 ) 
4 847 874 (-1024 0 -360 ) (-1024 0 -208 ) (-1280 0 -208 ) (-1280 0 -360 ) 
4 848 850 (-1280 0 508 ) (-1280 0 660 ) (-1296 0 660 ) (-1296 0 508 ) 
4 849 875 (-1296 0 0 ) (-1296 0 152 ) (-1528 0 152 ) (-1528 0 0 ) 
4 849 861 (-1296 0 152 ) (-1296 0 160 ) (-1528 0 160 ) (-1528 0 152 ) 
4 850 851 (-1296 -256 660 ) (-1296 -256 508 ) (-1024 -256 508 ) (-1024 -256 660 ) 
4 851 936 (-1280 -1024 660 ) (-1296 -1024 660 ) (-1296 -1024 508 ) (-1280 -1024 508 ) 
4 851 928 (-1024 -1024 508 ) (-1024 -1024 660 ) (-1280 -1024 660 ) (-1280 -1024 508 ) 
4 852 929 (-1024 -1024 176 ) (-1024 -1024 296 ) (-1272 -1024 296 ) (-1272 -1024 176 ) 
4 853 867 (-1080 -64 152 ) (-1136 -64 152 ) (-1136 -32 152 ) (-1080 -32 152 ) 
4 853 862 (-1056 -32 152 ) (-1056 -64 152 ) (-1080 -64 152 ) (-1080 -32 152 ) 
4 854 867 (-1080 -160 152 ) (-1136 -160 152 ) (-1136 -128 152 ) (-1080 -128 152 ) 
4 854 862 (-1056 -128 152 ) (-1056 -160 152 ) (-1080 -160 152 ) (-1080 -128 152 ) 
4 855 869 (-1080 -384 152 ) (-1136 -384 152 ) (-1136 -352 152 ) (-1080 -352 152 ) 
4 855 864 (-1056 -352 152 ) (-1056 -384 152 ) (-1080 -384 152 ) (-1080 -352 152 ) 
4 856 869 (-1080 -480 152 ) (-1136 -480 152 ) (-1136 -448 152 ) (-1080 -448 152 ) 
4 856 864 (-1056 -448 152 ) (-1056 -480 152 ) (-1080 -480 152 ) (-1080 -448 152 ) 
4 857 869 (-1080 -576 152 ) (-1136 -576 152 ) (-1136 -544 152 ) (-1080 -544 152 ) 
4 857 864 (-1056 -544 152 ) (-1056 -576 152 ) (-1080 -576 152 ) (-1080 -544 152 ) 
4 858 869 (-1080 -672 152 ) (-1136 -672 152 ) (-1136 -640 152 ) (-1080 -640 152 ) 
4 858 864 (-1056 -640 152 ) (-1056 -672 152 ) (-1080 -672 152 ) (-1080 -640 152 ) 
4 859 871 (-1080 -896 152 ) (-1136 -896 152 ) (-1136 -864 152 ) (-1080 -864 152 ) 
4 859 866 (-1056 -864 152 ) (-1056 -896 152 ) (-1080 -896 152 ) (-1080 -864 152 ) 
4 860 871 (-1080 -992 152 ) (-1136 -992 152 ) (-1136 -960 152 ) (-1080 -960 152 ) 
4 860 866 (-1056 -960 152 ) (-1056 -992 152 ) (-1080 -992 152 ) (-1080 -960 152 ) 
4 861 937 (-1296 -1024 160 ) (-1528 -1024 160 ) (-1528 -1024 152 ) (-1296 -1024 152 ) 
4 861 875 (-1528 0 152 ) (-1296 0 152 ) (-1296 -1024 152 ) (-1528 -1024 152 ) 
4 862 867 (-1080 0 0 ) (-1080 -248 0 ) (-1080 -248 152 ) (-1080 0 152 ) 
4 862 863 (-1080 -248 152 ) (-1080 -248 0 ) (-1024 -248 0 ) (-1024 -248 152 ) 
4 863 864 (-1080 -256 152 ) (-1080 -256 0 ) (-1024 -256 0 ) (-1024 -256 152 ) 
4 864 869 (-1080 -256 0 ) (-1080 -760 0 ) (-1080 -760 152 ) (-1080 -256 152 ) 
4 864 865 (-1080 -760 152 ) (-1080 -760 0 ) (-1024 -760 0 ) (-1024 -760 152 ) 
4 865 866 (-1080 -768 152 ) (-1080 -768 0 ) (-1024 -768 0 ) (-1024 -768 152 ) 
4 866 932 (-1024 -1024 0 ) (-1024 -1024 152 ) (-1080 -1024 152 ) (-1080 -1024 0 ) 
4 866 871 (-1080 -768 0 ) (-1080 -1024 0 ) (-1080 -1024 152 ) (-1080 -768 152 ) 
4 867 868 (-1272 0 0 ) (-1272 -56 0 ) (-1272 -56 152 ) (-1272 0 152 ) 
4 869 870 (-1272 -456 0 ) (-1272 -568 0 ) (-1272 -568 152 ) (-1272 -456 152 ) 
4 871 932 (-1080 -1024 152 ) (-1272 -1024 152 ) (-1272 -1024 0 ) (-1080 -1024 0 ) 
4 871 872 (-1272 -968 0 ) (-1272 -1024 0 ) (-1272 -1024 152 ) (-1272 -968 152 ) 
4 872 933 (-1272 -1024 152 ) (-1280 -1024 152 ) (-1280 -1024 0 ) (-1272 -1024 0 ) 
4 873 935 (-1024 -1024 -136 ) (-1024 -1024 -16 ) (-1272 -1024 -16 ) (-1272 -1024 -136 ) 
4 875 937 (-1296 -1024 152 ) (-1528 -1024 152 ) (-1528 -1024 0 ) (-1296 -1024 0 ) 
4 876 902 (0 -1024 660 ) (0 -1024 508 ) (0 -1280 508 ) (0 -1280 660 ) 
4 876 900 (1024 -1280 508 ) (1024 -1280 660 ) (0 -1280 660 ) (0 -1280 508 ) 
4 878 903 (0 -1024 296 ) (0 -1024 176 ) (0 -1272 176 ) (0 -1272 296 ) 
4 879 891 (912 -1088 152 ) (912 -1080 152 ) (992 -1080 152 ) (992 -1088 152 ) 
4 879 887 (912 -1080 152 ) (912 -1056 152 ) (992 -1056 152 ) (992 -1080 152 ) 
4 880 891 (912 -1184 152 ) (912 -1152 152 ) (992 -1152 152 ) (992 -1184 152 ) 
4 881 892 (544 -1088 152 ) (544 -1080 152 ) (624 -1080 152 ) (624 -1088 152 ) 
4 881 889 (544 -1080 152 ) (544 -1056 152 ) (624 -1056 152 ) (624 -1080 152 ) 
4 882 892 (544 -1184 152 ) (544 -1152 152 ) (624 -1152 152 ) (624 -1184 152 ) 
4 883 892 (400 -1088 152 ) (400 -1080 152 ) (480 -1080 152 ) (480 -1088 152 ) 
4 883 889 (400 -1080 152 ) (400 -1056 152 ) (480 -1056 152 ) (480 -1080 152 ) 
4 884 892 (400 -1184 152 ) (400 -1152 152 ) (480 -1152 152 ) (480 -1184 152 ) 
4 885 896 (56 -1056 152 ) (112 -1056 152 ) (112 -1088 152 ) (56 -1088 152 ) 
4 885 897 (32 -1088 152 ) (32 -1056 152 ) (56 -1056 152 ) (56 -1088 152 ) 
4 886 896 (56 -1152 152 ) (112 -1152 152 ) (112 -1184 152 ) (56 -1184 152 ) 
4 886 897 (32 -1184 152 ) (32 -1152 152 ) (56 -1152 152 ) (56 -1184 152 ) 
4 887 891 (776 -1080 0 ) (1024 -1080 0 ) (1024 -1080 152 ) (776 -1080 152 ) 
4 887 888 (776 -1024 0 ) (776 -1080 0 ) (776 -1080 152 ) (776 -1024 152 ) 
4 888 889 (768 -1024 0 ) (768 -1080 0 ) (768 -1080 152 ) (768 -1024 152 ) 
4 889 892 (264 -1080 0 ) (768 -1080 0 ) (768 -1080 152 ) (264 -1080 152 ) 
4 889 890 (264 -1024 0 ) (264 -1080 0 ) (264 -1080 152 ) (264 -1024 152 ) 
4 890 896 (256 -1080 152 ) (256 -1024 152 ) (256 -1024 0 ) (256 -1080 0 ) 
4 891 893 (968 -1272 0 ) (1024 -1272 0 ) (1024 -1272 152 ) (968 -1272 152 ) 
4 892 894 (456 -1272 0 ) (568 -1272 0 ) (568 -1272 152 ) (456 -1272 152 ) 
4 896 897 (56 -1024 0 ) (56 -1272 0 ) (56 -1272 152 ) (56 -1024 152 ) 
4 897 922 (0 -1272 0 ) (0 -1280 0 ) (0 -1280 152 ) (0 -1272 152 ) 
4 897 919 (0 -1080 0 ) (0 -1272 0 ) (0 -1272 152 ) (0 -1080 152 ) 
4 897 914 (0 -1024 152 ) (0 -1024 0 ) (0 -1080 0 ) (0 -1080 152 ) 
4 898 925 (0 -1024 -16 ) (0 -1024 -136 ) (0 -1272 -136 ) (0 -1272 -16 ) 
4 899 926 (0 -1024 -208 ) (0 -1024 -360 ) (0 -1280 -360 ) (0 -1280 -208 ) 
4 900 904 (0 -1280 660 ) (0 -1280 508 ) (0 -1296 508 ) (0 -1296 660 ) 
4 901 927 (0 -1296 152 ) (0 -1296 0 ) (0 -1528 0 ) (0 -1528 152 ) 
4 901 913 (0 -1528 160 ) (0 -1296 160 ) (0 -1296 152 ) (0 -1528 152 ) 
4 902 928 (-1024 -1024 660 ) (-1024 -1024 508 ) (-1024 -1280 508 ) (-1024 -1280 660 ) 
4 902 904 (0 -1280 508 ) (0 -1280 660 ) (-1024 -1280 660 ) (-1024 -1280 508 ) 
4 903 929 (-1024 -1024 296 ) (-1024 -1024 176 ) (-1024 -1272 176 ) (-1024 -1272 296 ) 
4 904 938 (-1024 -1296 508 ) (-1024 -1296 660 ) (-1024 -1280 660 ) (-1024 -1280 508 ) 
4 905 919 (-32 -1080 152 ) (-32 -1088 152 ) (-112 -1088 152 ) (-112 -1080 152 ) 
4 905 914 (-32 -1056 152 ) (-32 -1080 152 ) (-112 -1080 152 ) (-112 -1056 152 ) 
4 906 919 (-32 -1152 152 ) (-32 -1184 152 ) (-112 -1184 152 ) (-112 -1152 152 ) 
4 907 920 (-400 -1080 152 ) (-400 -1088 152 ) (-480 -1088 152 ) (-480 -1080 152 ) 
4 907 916 (-400 -1056 152 ) (-400 -1080 152 ) (-480 -1080 152 ) (-480 -1056 152 ) 
4 908 920 (-400 -1152 152 ) (-400 -1184 152 ) (-480 -1184 152 ) (-480 -1152 152 ) 
4 909 920 (-544 -1080 152 ) (-544 -1088 152 ) (-624 -1088 152 ) (-624 -1080 152 ) 
4 909 916 (-544 -1056 152 ) (-544 -1080 152 ) (-624 -1080 152 ) (-624 -1056 152 ) 
4 910 920 (-544 -1152 152 ) (-544 -1184 152 ) (-624 -1184 152 ) (-624 -1152 152 ) 
4 911 921 (-912 -1080 152 ) (-912 -1088 152 ) (-992 -1088 152 ) (-992 -1080 152 ) 
4 911 918 (-912 -1056 152 ) (-912 -1080 152 ) (-992 -1080 152 ) (-992 -1056 152 ) 
4 912 921 (-912 -1152 152 ) (-912 -1184 152 ) (-992 -1184 152 ) (-992 -1152 152 ) 
4 913 939 (-1024 -1296 152 ) (-1024 -1528 152 ) (-1024 -1528 160 ) (-1024 -1296 160 ) 
4 913 927 (0 -1296 152 ) (0 -1528 152 ) (-1024 -1528 152 ) (-1024 -1296 152 ) 
4 914 919 (-248 -1080 0 ) (0 -1080 0 ) (0 -1080 152 ) (-248 -1080 152 ) 
4 914 915 (-248 -1024 0 ) (-248 -1080 0 ) (-248 -1080 152 ) (-248 -1024 152 ) 
4 915 916 (-256 -1024 0 ) (-256 -1080 0 ) (-256 -1080 152 ) (-256 -1024 152 ) 
4 916 920 (-760 -1080 0 ) (-256 -1080 0 ) (-256 -1080 152 ) (-760 -1080 152 ) 
4 916 917 (-760 -1024 0 ) (-760 -1080 0 ) (-760 -1080 152 ) (-760 -1024 152 ) 
4 917 918 (-768 -1024 0 ) (-768 -1080 0 ) (-768 -1080 152 ) (-768 -1024 152 ) 
4 918 932 (-1024 -1024 152 ) (-1024 -1024 0 ) (-1024 -1080 0 ) (-1024 -1080 152 ) 
4 918 921 (-1024 -1080 0 ) (-768 -1080 0 ) (-768 -1080 152 ) (-1024 -1080 152 ) 
4 919 922 (-56 -1272 0 ) (0 -1272 0 ) (0 -1272 152 ) (-56 -1272 152 ) 
4 920 923 (-568 -1272 0 ) (-456 -1272 0 ) (-456 -1272 152 ) (-568 -1272 152 ) 
4 921 932 (-1024 -1080 0 ) (-1024 -1272 0 ) (-1024 -1272 152 ) (-1024 -1080 152 ) 
4 921 924 (-1024 -1272 0 ) (-968 -1272 0 ) (-968 -1272 152 ) (-1024 -1272 152 ) 
4 924 934 (-1024 -1272 0 ) (-1024 -1280 0 ) (-1024 -1280 152 ) (-1024 -1272 152 ) 
4 925 935 (-1024 -1024 -16 ) (-1024 -1024 -136 ) (-1024 -1272 -136 ) (-1024 -1272 -16 ) 
4 927 939 (-1024 -1528 152 ) (-1024 -1296 152 ) (-1024 -1296 0 ) (-1024 -1528 0 ) 
4 928 938 (-1024 -1280 508 ) (-1024 -1280 660 ) (-1280 -1280 660 ) (-1280 -1280 508 ) 
4 928 936 (-1280 -1024 660 ) (-1280 -1024 508 ) (-1280 -1280 508 ) (-1280 -1280 660 ) 
4 930 932 (-1136 -1088 152 ) (-1136 -1056 152 ) (-1056 -1056 152 ) (-1056 -1088 152 ) 
4 931 932 (-1136 -1184 152 ) (-1136 -1152 152 ) (-1056 -1152 152 ) (-1056 -1184 152 ) 
4 932 934 (-1080 -1272 0 ) (-1024 -1272 0 ) (-1024 -1272 152 ) (-1080 -1272 152 ) 
4 932 933 (-1272 -1024 0 ) (-1272 -1080 0 ) (-1272 -1080 152 ) (-1272 -1024 152 ) 
4 936 938 (-1280 -1280 508 ) (-1280 -1280 660 ) (-1296 -1280 660 ) (-1296 -1280 508 ) 
