PRT1
715
2256
4 0 8 (4096 4609 -128 ) (4096 4608 -128 ) (4096 4608 5850.240234 ) (4096 4609 5850.240234 ) 
4 0 7 (4608 4609 -128 ) (4608 4608 -128 ) (4096 4608 -128 ) (4096 4609 -128 ) 
4 0 6 (4096 4608 64 ) (4096 4608 -128 ) (4608 4608 -128 ) (4608 4608 64 ) 
4 0 2 (4096 4608 128 ) (4096 4608 64 ) (4608 4608 64 ) (4608 4608 128 ) 
4 0 1 (4096 4608 5850.240234 ) (4096 4608 400 ) (4608 4608 400 ) (4608 4608 5850.240234 ) 
4 1 9 (4096 4608 5850.240234 ) (4096 4608 400 ) (4096 4584 400 ) (4096 4584 5850.240234 ) 
4 1 3 (4608 4584 400 ) (4608 4584 5850.240234 ) (4584 4584 5850.240234 ) (4584 4584 400 ) 
4 1 5 (4584 4584 5850.240234 ) (4096 4584 5850.240234 ) (4096 4584 400 ) (4584 4584 400 ) 
4 2 10 (4096 4608 128 ) (4096 4608 64 ) (4096 4584 64 ) (4096 4584 128 ) 
4 2 6 (4096 4608 64 ) (4608 4608 64 ) (4608 4584 64 ) (4096 4584 64 ) 
4 2 4 (4584 4584 64 ) (4608 4584 64 ) (4608 4584 128 ) (4584 4584 128 ) 
4 2 5 (4096 4584 64 ) (4584 4584 64 ) (4584 4584 128 ) (4096 4584 128 ) 
4 3 14 (4608 4096 400 ) (4608 4096 5850.240234 ) (4584 4096 5850.240234 ) (4584 4096 400 ) 
4 3 5 (4584 4096 5850.240234 ) (4584 4584 5850.240234 ) (4584 4584 400 ) (4584 4096 400 ) 
4 4 15 (4584 4096 64 ) (4608 4096 64 ) (4608 4096 128 ) (4584 4096 128 ) 
4 4 6 (4608 4584 64 ) (4608 4096 64 ) (4584 4096 64 ) (4584 4584 64 ) 
4 4 5 (4584 4584 128 ) (4584 4584 64 ) (4584 4096 64 ) (4584 4096 128 ) 
4 5 16 (4096 4096 5850.240234 ) (4096 4096 64 ) (4584 4096 64 ) (4584 4096 5850.240234 ) 
4 5 11 (4096 4096 64 ) (4096 4096 5850.240234 ) (4096 4584 5850.240234 ) (4096 4584 64 ) 
4 5 6 (4584 4096 64 ) (4096 4096 64 ) (4096 4584 64 ) (4584 4584 64 ) 
4 6 17 (4608 4096 64 ) (4096 4096 64 ) (4096 4096 -128 ) (4608 4096 -128 ) 
4 6 12 (4096 4608 -128 ) (4096 4096 -128 ) (4096 4096 64 ) (4096 4608 64 ) 
4 6 7 (4608 4096 -128 ) (4096 4096 -128 ) (4096 4608 -128 ) (4608 4608 -128 ) 
4 7 18 (4608 4096 -128 ) (4096 4096 -128 ) (4096 4096 -1152.239990 ) (4608 4096 -1152.239990 ) 
4 7 13 (4096 4609 -1152.239990 ) (4096 4096 -1152.239990 ) (4096 4096 -128 ) (4096 4609 -128 ) 
4 8 33 (3072 4609 -128 ) (3072 4608 -128 ) (3072 4608 5850.240234 ) (3072 4609 5850.240234 ) 
4 8 13 (3072 4608 -128 ) (3072 4609 -128 ) (4096 4609 -128 ) (4096 4608 -128 ) 
4 8 9 (4096 4608 400 ) (4096 4608 5850.240234 ) (3072 4608 5850.240234 ) (3072 4608 400 ) 
4 8 10 (4096 4608 64 ) (4096 4608 128 ) (3072 4608 128 ) (3072 4608 64 ) 
4 8 12 (3072 4608 -128 ) (4096 4608 -128 ) (4096 4608 64 ) (3072 4608 64 ) 
4 9 34 (3072 4584 5850.240234 ) (3072 4608 5850.240234 ) (3072 4608 400 ) (3072 4584 400 ) 
4 9 11 (4096 4584 400 ) (4096 4584 5850.240234 ) (3072 4584 5850.240234 ) (3072 4584 400 ) 
4 10 35 (3072 4608 128 ) (3072 4608 64 ) (3072 4584 64 ) (3072 4584 128 ) 
4 10 11 (3072 4584 64 ) (4096 4584 64 ) (4096 4584 128 ) (3072 4584 128 ) 
4 10 12 (3072 4584 64 ) (3072 4608 64 ) (4096 4608 64 ) (4096 4584 64 ) 
4 11 36 (3072 4096 64 ) (3072 4096 5850.240234 ) (3072 4584 5850.240234 ) (3072 4584 64 ) 
4 11 19 (4096 4096 64 ) (4096 4096 5850.240234 ) (3072 4096 5850.240234 ) (3072 4096 64 ) 
4 11 12 (3072 4096 64 ) (3072 4584 64 ) (4096 4584 64 ) (4096 4096 64 ) 
4 12 37 (3072 4096 -128 ) (3072 4096 64 ) (3072 4608 64 ) (3072 4608 -128 ) 
4 12 21 (3584 4096 64 ) (3072 4096 64 ) (3072 4096 -128 ) (3584 4096 -128 ) 
4 12 20 (4096 4096 -128 ) (4096 4096 64 ) (3584 4096 64 ) (3584 4096 -128 ) 
4 12 13 (3072 4096 -128 ) (3072 4608 -128 ) (4096 4608 -128 ) (4096 4096 -128 ) 
4 13 38 (3072 4096 -1152.239990 ) (3072 4096 -128 ) (3072 4609 -128 ) (3072 4609 -1152.239990 ) 
4 13 23 (4096 4096 -1152.239990 ) (4096 4096 -128 ) (3072 4096 -128 ) (3072 4096 -1152.239990 ) 
4 14 24 (4608 3072 400 ) (4608 3072 5850.240234 ) (4584 3072 5850.240234 ) (4584 3072 400 ) 
4 14 16 (4584 3072 400 ) (4584 3072 5850.240234 ) (4584 4096 5850.240234 ) (4584 4096 400 ) 
4 15 25 (4584 3072 64 ) (4608 3072 64 ) (4608 3072 128 ) (4584 3072 128 ) 
4 15 17 (4584 4096 64 ) (4608 4096 64 ) (4608 3072 64 ) (4584 3072 64 ) 
4 15 16 (4584 4096 64 ) (4584 3072 64 ) (4584 3072 128 ) (4584 4096 128 ) 
4 16 26 (4096 3072 5850.240234 ) (4096 3072 64 ) (4584 3072 64 ) (4584 3072 5850.240234 ) 
4 16 19 (4096 4096 5850.240234 ) (4096 4096 64 ) (4096 3072 64 ) (4096 3072 5850.240234 ) 
4 16 17 (4096 3072 64 ) (4096 4096 64 ) (4584 4096 64 ) (4584 3072 64 ) 
4 17 27 (4608 3072 64 ) (4096 3072 64 ) (4096 3072 -128 ) (4608 3072 -128 ) 
4 17 20 (4096 4096 64 ) (4096 4096 -128 ) (4096 3072 -128 ) (4096 3072 64 ) 
4 17 18 (4608 3072 -128 ) (4096 3072 -128 ) (4096 4096 -128 ) (4608 4096 -128 ) 
4 18 28 (4608 3072 -128 ) (4096 3072 -128 ) (4096 3072 -1152.239990 ) (4608 3072 -1152.239990 ) 
4 18 23 (4096 4096 -128 ) (4096 4096 -1152.239990 ) (4096 3072 -1152.239990 ) (4096 3072 -128 ) 
4 19 80 (3072 3072 64 ) (3072 3072 5850.240234 ) (3072 4096 5850.240234 ) (3072 4096 64 ) 
4 19 29 (4096 3072 64 ) (4096 3072 5850.240234 ) (3072 3072 5850.240234 ) (3072 3072 64 ) 
4 19 22 (3584 3072 64 ) (3072 3072 64 ) (3072 3584 64 ) (3584 3584 64 ) 
4 19 21 (3072 3584 64 ) (3072 4096 64 ) (3584 4096 64 ) (3584 3584 64 ) 
4 19 20 (4096 4096 64 ) (4096 3072 64 ) (3584 3072 64 ) (3584 4096 64 ) 
4 20 30 (4096 3072 -128 ) (4096 3072 64 ) (3584 3072 64 ) (3584 3072 -128 ) 
4 20 23 (4096 3072 -128 ) (3584 3072 -128 ) (3584 4096 -128 ) (4096 4096 -128 ) 
4 20 22 (3584 3072 -127 ) (3584 3072 64 ) (3584 3584 64 ) (3584 3584 -127 ) 
4 20 21 (3584 4096 -128 ) (3584 3584 -128 ) (3584 3584 64 ) (3584 4096 64 ) 
4 21 81 (3072 3584 64 ) (3072 4096 64 ) (3072 4096 -128 ) (3072 3584 -128 ) 
4 21 23 (3072 3584 -128 ) (3072 4096 -128 ) (3584 4096 -128 ) (3584 3584 -128 ) 
4 21 22 (3584 3584 -127 ) (3584 3584 64 ) (3072 3584 64 ) (3072 3584 -127 ) 
4 22 82 (3072 3072 -127 ) (3072 3072 64 ) (3072 3584 64 ) (3072 3584 -127 ) 
4 22 31 (3584 3072 64 ) (3072 3072 64 ) (3072 3072 -127 ) (3584 3072 -127 ) 
4 23 83 (3072 3072 -1152.239990 ) (3072 3072 -128 ) (3072 4096 -128 ) (3072 4096 -1152.239990 ) 
4 23 32 (4096 3072 -1152.239990 ) (4096 3072 -128 ) (3072 3072 -128 ) (3072 3072 -1152.239990 ) 
4 24 412 (4608 2048 400 ) (4608 2048 5850.240234 ) (4584 2048 5850.240234 ) (4584 2048 400 ) 
4 24 26 (4584 2048 400 ) (4584 2048 5850.240234 ) (4584 3072 5850.240234 ) (4584 3072 400 ) 
4 25 413 (4584 2048 64 ) (4608 2048 64 ) (4608 2048 128 ) (4584 2048 128 ) 
4 25 27 (4584 3072 64 ) (4608 3072 64 ) (4608 2048 64 ) (4584 2048 64 ) 
4 25 26 (4584 3072 64 ) (4584 2048 64 ) (4584 2048 128 ) (4584 3072 128 ) 
4 26 414 (4096 2048 5850.240234 ) (4096 2048 64 ) (4584 2048 64 ) (4584 2048 5850.240234 ) 
4 26 29 (4096 3072 5850.240234 ) (4096 3072 64 ) (4096 2048 64 ) (4096 2048 5850.240234 ) 
4 26 27 (4096 2048 64 ) (4096 3072 64 ) (4584 3072 64 ) (4584 2048 64 ) 
4 27 415 (4608 2048 64 ) (4096 2048 64 ) (4096 2048 -128 ) (4608 2048 -128 ) 
4 27 30 (4096 3072 64 ) (4096 3072 -128 ) (4096 2048 -128 ) (4096 2048 64 ) 
4 27 28 (4608 2048 -128 ) (4096 2048 -128 ) (4096 3072 -128 ) (4608 3072 -128 ) 
4 28 416 (4608 2048 -128 ) (4096 2048 -128 ) (4096 2048 -1152.239990 ) (4608 2048 -1152.239990 ) 
4 28 32 (4096 3072 -128 ) (4096 3072 -1152.239990 ) (4096 2048 -1152.239990 ) (4096 2048 -128 ) 
4 29 417 (4096 2048 64 ) (4096 2048 5850.240234 ) (3072 2048 5850.240234 ) (3072 2048 64 ) 
4 29 84 (3072 2048 64 ) (3072 2048 5850.240234 ) (3072 3072 5850.240234 ) (3072 3072 64 ) 
4 29 31 (3584 2048 64 ) (3072 2048 64 ) (3072 3072 64 ) (3584 3072 64 ) 
4 29 30 (4096 3072 64 ) (4096 2048 64 ) (3584 2048 64 ) (3584 3072 64 ) 
4 30 418 (4096 2048 -128 ) (4096 2048 64 ) (3584 2048 64 ) (3584 2048 -128 ) 
4 30 32 (4096 2048 -128 ) (3584 2048 -128 ) (3584 3072 -128 ) (4096 3072 -128 ) 
4 30 31 (3584 2048 -127 ) (3584 2048 64 ) (3584 3072 64 ) (3584 3072 -127 ) 
4 31 419 (3584 2048 64 ) (3072 2048 64 ) (3072 2048 -127 ) (3584 2048 -127 ) 
4 31 85 (3072 2048 -127 ) (3072 2048 64 ) (3072 3072 64 ) (3072 3072 -127 ) 
4 32 420 (4096 2048 -1152.239990 ) (4096 2048 -128 ) (3072 2048 -128 ) (3072 2048 -1152.239990 ) 
4 32 86 (3072 2048 -1152.239990 ) (3072 2048 -128 ) (3072 3072 -128 ) (3072 3072 -1152.239990 ) 
4 33 39 (2048 4609 -128 ) (2048 4608 -128 ) (2048 4608 5850.240234 ) (2048 4609 5850.240234 ) 
4 33 38 (2048 4608 -128 ) (2048 4609 -128 ) (3072 4609 -128 ) (3072 4608 -128 ) 
4 33 34 (2048 4608 5850.240234 ) (2048 4608 400 ) (3072 4608 400 ) (3072 4608 5850.240234 ) 
4 33 35 (2048 4608 128 ) (2048 4608 64 ) (3072 4608 64 ) (3072 4608 128 ) 
4 33 37 (2048 4608 64 ) (2048 4608 -128 ) (3072 4608 -128 ) (3072 4608 64 ) 
4 34 40 (2048 4584 5850.240234 ) (2048 4608 5850.240234 ) (2048 4608 400 ) (2048 4584 400 ) 
4 34 36 (3072 4584 400 ) (3072 4584 5850.240234 ) (2048 4584 5850.240234 ) (2048 4584 400 ) 
4 35 41 (2048 4608 128 ) (2048 4608 64 ) (2048 4584 64 ) (2048 4584 128 ) 
4 35 36 (2048 4584 64 ) (3072 4584 64 ) (3072 4584 128 ) (2048 4584 128 ) 
4 35 37 (2048 4584 64 ) (2048 4608 64 ) (3072 4608 64 ) (3072 4584 64 ) 
4 36 80 (3072 4096 64 ) (3072 4096 5850.240234 ) (2048 4096 5850.240234 ) (2048 4096 64 ) 
4 36 42 (2048 4096 64 ) (2048 4096 5850.240234 ) (2048 4584 5850.240234 ) (2048 4584 64 ) 
4 36 37 (3072 4096 64 ) (2048 4096 64 ) (2048 4584 64 ) (3072 4584 64 ) 
4 37 81 (3072 4096 -128 ) (3072 4096 64 ) (2048 4096 64 ) (2048 4096 -128 ) 
4 37 47 (2048 4096 -128 ) (2048 4096 64 ) (2048 4608 64 ) (2048 4608 -128 ) 
4 37 38 (3072 4096 -128 ) (2048 4096 -128 ) (2048 4608 -128 ) (3072 4608 -128 ) 
4 38 83 (3072 4096 -1152.239990 ) (3072 4096 -128 ) (2048 4096 -128 ) (2048 4096 -1152.239990 ) 
4 38 48 (2048 4096 -1152.239990 ) (2048 4096 -128 ) (2048 4609 -128 ) (2048 4609 -1152.239990 ) 
4 39 49 (1024 4609 -128 ) (1024 4608 -128 ) (1024 4608 5850.240234 ) (1024 4609 5850.240234 ) 
4 39 48 (1024 4608 -128 ) (1024 4609 -128 ) (2048 4609 -128 ) (2048 4608 -128 ) 
4 39 41 (1024 4608 128 ) (1024 4608 64 ) (2048 4608 64 ) (2048 4608 128 ) 
4 39 40 (1024 4608 5850.240234 ) (1024 4608 400 ) (2048 4608 400 ) (2048 4608 5850.240234 ) 
4 39 47 (1024 4608 64 ) (1024 4608 -128 ) (2048 4608 -128 ) (2048 4608 64 ) 
4 40 50 (1024 4608 5850.240234 ) (1024 4608 400 ) (1024 4584 400 ) (1024 4584 5850.240234 ) 
4 40 43 (1177.160034 4584 400 ) (1185.160034 4584 400 ) (1185.160034 4584 5850.240234 ) (1177.160034 4584 5850.240234 ) 
4 40 42 (1185.160034 4584 400 ) (2048 4584 400 ) (2048 4584 5850.240234 ) (1185.160034 4584 5850.240234 ) 
4 40 46 (1024 4584 5850.240234 ) (1024 4584 400 ) (1177.160034 4584 400 ) (1177.160034 4584 5850.240234 ) 
4 41 51 (1024 4608 128 ) (1024 4608 64 ) (1024 4584 64 ) (1024 4584 128 ) 
4 41 44 (1177.160034 4584 64 ) (1185.160034 4584 64 ) (1185.160034 4584 128 ) (1177.160034 4584 128 ) 
4 41 42 (1185.160034 4584 64 ) (2048 4584 64 ) (2048 4584 128 ) (1185.160034 4584 128 ) 
4 41 46 (1024 4584 128 ) (1024 4584 64 ) (1177.160034 4584 64 ) (1177.160034 4584 128 ) 
4 41 47 (1024 4584 64 ) (1024 4608 64 ) (2048 4608 64 ) (2048 4584 64 ) 
4 42 88 (1495.989990 4096 5850.240234 ) (1214.989990 4096 5850.240234 ) (1214.989990 4096 64 ) (1495.989990 4096 64 ) 
4 42 87 (2048 4096 64 ) (2048 4096 5850.240234 ) (1495.989990 4096 5850.240234 ) (1495.989990 4096 64 ) 
4 42 90 (1214.989990 4096 5850.240234 ) (1185.160034 4096 5850.240234 ) (1185.160034 4096 64 ) (1214.989990 4096 64 ) 
4 42 43 (1185.160034 4556 5850.240234 ) (1185.160034 4584 5850.240234 ) (1185.160034 4584 167.177994 ) (1185.160034 4556 167.177994 ) 
4 42 44 (1185.160034 4584 155.177994 ) (1185.160034 4584 64 ) (1185.160034 4556 64 ) (1185.160034 4556 155.177994 ) 
4 42 45 (1185.160034 4096 5850.240234 ) (1185.160034 4556 5850.240234 ) (1185.160034 4556 64 ) (1185.160034 4096 64 ) 
4 42 47 (2048 4096 64 ) (1185.160034 4096 64 ) (1185.160034 4584 64 ) (2048 4584 64 ) 
4 43 46 (1177.160034 4556 5850.240234 ) (1177.160034 4584 5850.240234 ) (1177.160034 4584 167.177994 ) (1177.160034 4556 167.177994 ) 
4 43 45 (1177.160034 4556 5850.240234 ) (1177.160034 4556 167.177994 ) (1185.160034 4556 167.177994 ) (1185.160034 4556 5850.240234 ) 
4 44 45 (1177.160034 4556 155.177994 ) (1177.160034 4556 64 ) (1185.160034 4556 64 ) (1185.160034 4556 155.177994 ) 
4 44 46 (1177.160034 4584 155.177994 ) (1177.160034 4584 64 ) (1177.160034 4556 64 ) (1177.160034 4556 155.177994 ) 
4 44 47 (1177.160034 4556 64 ) (1177.160034 4584 64 ) (1185.160034 4584 64 ) (1185.160034 4556 64 ) 
4 45 90 (1185.160034 4096 5850.240234 ) (1177.160034 4096 5850.240234 ) (1177.160034 4096 64 ) (1185.160034 4096 64 ) 
4 45 47 (1185.160034 4096 64 ) (1177.160034 4096 64 ) (1177.160034 4556 64 ) (1185.160034 4556 64 ) 
4 45 46 (1177.160034 4096 5850.240234 ) (1177.160034 4556 5850.240234 ) (1177.160034 4556 64 ) (1177.160034 4096 64 ) 
4 46 90 (1177.160034 4096 5850.240234 ) (1024 4096 5850.240234 ) (1024 4096 64 ) (1177.160034 4096 64 ) 
4 46 77 (1024 4096 64 ) (1024 4096 5850.240234 ) (1024 4556 5850.240234 ) (1024 4556 64 ) 
4 46 52 (1024 4556 5850.240234 ) (1024 4584 5850.240234 ) (1024 4584 64 ) (1024 4556 64 ) 
4 46 47 (1177.160034 4096 64 ) (1024 4096 64 ) (1024 4584 64 ) (1177.160034 4584 64 ) 
4 47 91 (2048 4096 -128 ) (2048 4096 64 ) (1024 4096 64 ) (1024 4096 -128 ) 
4 47 78 (1024 4608 -128 ) (1024 4096 -128 ) (1024 4096 64 ) (1024 4608 64 ) 
4 47 48 (2048 4096 -128 ) (1024 4096 -128 ) (1024 4608 -128 ) (2048 4608 -128 ) 
4 48 97 (2048 4096 -1152.239990 ) (2048 4096 -146 ) (1024 4096 -146 ) (1024 4096 -1152.239990 ) 
4 48 95 (1495.989990 4096 -128 ) (1214.989990 4096 -128 ) (1214.989990 4096 -146 ) (1495.989990 4096 -146 ) 
4 48 94 (2048 4096 -146 ) (2048 4096 -128 ) (1495.989990 4096 -128 ) (1495.989990 4096 -146 ) 
4 48 96 (1214.989990 4096 -128 ) (1024 4096 -128 ) (1024 4096 -146 ) (1214.989990 4096 -146 ) 
4 48 79 (1024 4609 -1152.239990 ) (1024 4096 -1152.239990 ) (1024 4096 -128 ) (1024 4609 -128 ) 
4 49 147 (0 4609 -128 ) (0 4608 -128 ) (0 4608 955 ) (0 4609 955 ) 
4 49 146 (0 4608 955 ) (0 4608 5850.240234 ) (0 4609 5850.240234 ) (0 4609 955 ) 
4 49 79 (0 4608 -128 ) (0 4609 -128 ) (1024 4609 -128 ) (1024 4608 -128 ) 
4 49 51 (1024 4608 64 ) (1024 4608 128 ) (0 4608 128 ) (0 4608 64 ) 
4 49 50 (1024 4608 400 ) (1024 4608 5850.240234 ) (0 4608 5850.240234 ) (0 4608 400 ) 
4 49 78 (0 4608 -128 ) (1024 4608 -128 ) (1024 4608 64 ) (0 4608 64 ) 
4 50 150 (0 4608 5850.240234 ) (0 4608 400 ) (0 4584 400 ) (0 4584 5850.240234 ) 
4 50 74 (8.833400 4584 5850.240234 ) (0.833400 4584 5850.240234 ) (0.833400 4584 400 ) (8.833400 4584 400 ) 
4 50 73 (76 4584 5850.240234 ) (8.833400 4584 5850.240234 ) (8.833400 4584 400 ) (76 4584 400 ) 
4 50 76 (0.833400 4584 5850.240234 ) (0 4584 5850.240234 ) (0 4584 400 ) (0.833400 4584 400 ) 
4 50 71 (84 4584 5850.240234 ) (76 4584 5850.240234 ) (76 4584 400 ) (84 4584 400 ) 
4 50 70 (256.882996 4584 5850.240234 ) (84 4584 5850.240234 ) (84 4584 400 ) (256.882996 4584 400 ) 
4 50 68 (264.882996 4584 5850.240234 ) (256.882996 4584 5850.240234 ) (256.882996 4584 400 ) (264.882996 4584 400 ) 
4 50 67 (446.471008 4584 5850.240234 ) (264.882996 4584 5850.240234 ) (264.882996 4584 400 ) (446.471008 4584 400 ) 
4 50 65 (454.471008 4584 5850.240234 ) (446.471008 4584 5850.240234 ) (446.471008 4584 400 ) (454.471008 4584 400 ) 
4 50 62 (536.961975 4584 5850.240234 ) (528.961975 4584 5850.240234 ) (528.961975 4584 400 ) (536.961975 4584 400 ) 
4 50 61 (617.914001 4584 5850.240234 ) (536.961975 4584 5850.240234 ) (536.961975 4584 400 ) (617.914001 4584 400 ) 
4 50 64 (528.961975 4584 5850.240234 ) (454.471008 4584 5850.240234 ) (454.471008 4584 400 ) (528.961975 4584 400 ) 
4 50 59 (625.914001 4584 5850.240234 ) (617.914001 4584 5850.240234 ) (617.914001 4584 400 ) (625.914001 4584 400 ) 
4 50 56 (738.234009 4584 5850.240234 ) (730.234009 4584 5850.240234 ) (730.234009 4584 400 ) (738.234009 4584 400 ) 
4 50 58 (730.234009 4584 5850.240234 ) (625.914001 4584 5850.240234 ) (625.914001 4584 400 ) (730.234009 4584 400 ) 
4 50 53 (878.380005 4584 5850.240234 ) (870.380005 4584 5850.240234 ) (870.380005 4584 400 ) (878.380005 4584 400 ) 
4 50 52 (1024 4584 400 ) (1024 4584 5850.240234 ) (878.380005 4584 5850.240234 ) (878.380005 4584 400 ) 
4 50 55 (870.380005 4584 5850.240234 ) (738.234009 4584 5850.240234 ) (738.234009 4584 400 ) (870.380005 4584 400 ) 
4 51 151 (0 4608 128 ) (0 4608 64 ) (0 4584 64 ) (0 4584 128 ) 
4 51 75 (0.833400 4584 64 ) (8.833400 4584 64 ) (8.833400 4584 128 ) (0.833400 4584 128 ) 
4 51 73 (8.833400 4584 64 ) (76 4584 64 ) (76 4584 128 ) (8.833400 4584 128 ) 
4 51 76 (0 4584 64 ) (0.833400 4584 64 ) (0.833400 4584 128 ) (0 4584 128 ) 
4 51 72 (76 4584 64 ) (84 4584 64 ) (84 4584 128 ) (76 4584 128 ) 
4 51 70 (84 4584 64 ) (256.882996 4584 64 ) (256.882996 4584 128 ) (84 4584 128 ) 
4 51 69 (256.882996 4584 64 ) (264.882996 4584 64 ) (264.882996 4584 128 ) (256.882996 4584 128 ) 
4 51 67 (264.882996 4584 64 ) (446.471008 4584 64 ) (446.471008 4584 128 ) (264.882996 4584 128 ) 
4 51 66 (446.471008 4584 64 ) (454.471008 4584 64 ) (454.471008 4584 128 ) (446.471008 4584 128 ) 
4 51 63 (528.961975 4584 64 ) (536.961975 4584 64 ) (536.961975 4584 128 ) (528.961975 4584 128 ) 
4 51 61 (536.961975 4584 64 ) (617.914001 4584 64 ) (617.914001 4584 128 ) (536.961975 4584 128 ) 
4 51 64 (454.471008 4584 64 ) (528.961975 4584 64 ) (528.961975 4584 128 ) (454.471008 4584 128 ) 
4 51 60 (617.914001 4584 64 ) (625.914001 4584 64 ) (625.914001 4584 128 ) (617.914001 4584 128 ) 
4 51 57 (730.234009 4584 64 ) (738.234009 4584 64 ) (738.234009 4584 128 ) (730.234009 4584 128 ) 
4 51 58 (625.914001 4584 64 ) (730.234009 4584 64 ) (730.234009 4584 128 ) (625.914001 4584 128 ) 
4 51 54 (870.380005 4584 64 ) (878.380005 4584 64 ) (878.380005 4584 128 ) (870.380005 4584 128 ) 
4 51 52 (878.380005 4584 64 ) (1024 4584 64 ) (1024 4584 128 ) (878.380005 4584 128 ) 
4 51 55 (738.234009 4584 64 ) (870.380005 4584 64 ) (870.380005 4584 128 ) (738.234009 4584 128 ) 
4 51 78 (0 4584 64 ) (0 4608 64 ) (1024 4608 64 ) (1024 4584 64 ) 
4 52 77 (878.380005 4556 64 ) (1024 4556 64 ) (1024 4556 5850.240234 ) (878.380005 4556 5850.240234 ) 
4 52 53 (878.380005 4556 170.848999 ) (878.380005 4556 5850.240234 ) (878.380005 4584 5850.240234 ) (878.380005 4584 170.848999 ) 
4 52 54 (878.380005 4556 64 ) (878.380005 4556 158.848999 ) (878.380005 4584 158.848999 ) (878.380005 4584 64 ) 
4 52 78 (878.380005 4584 64 ) (1024 4584 64 ) (1024 4556 64 ) (878.380005 4556 64 ) 
4 53 77 (878.380005 4556 170.848999 ) (878.380005 4556 5850.240234 ) (870.380005 4556 5850.240234 ) (870.380005 4556 170.848999 ) 
4 53 55 (870.380005 4556 170.848999 ) (870.380005 4556 5850.240234 ) (870.380005 4584 5850.240234 ) (870.380005 4584 170.848999 ) 
4 54 77 (870.380005 4556 64 ) (878.380005 4556 64 ) (878.380005 4556 158.848999 ) (870.380005 4556 158.848999 ) 
4 54 78 (870.380005 4584 64 ) (878.380005 4584 64 ) (878.380005 4556 64 ) (870.380005 4556 64 ) 
4 54 55 (870.380005 4556 64 ) (870.380005 4556 158.848999 ) (870.380005 4584 158.848999 ) (870.380005 4584 64 ) 
4 55 77 (738.234009 4556 64 ) (870.380005 4556 64 ) (870.380005 4556 5850.240234 ) (738.234009 4556 5850.240234 ) 
4 55 56 (738.234009 4556 175.716995 ) (738.234009 4556 5850.240234 ) (738.234009 4584 5850.240234 ) (738.234009 4584 175.716995 ) 
4 55 57 (738.234009 4556 64 ) (738.234009 4556 163.716995 ) (738.234009 4584 163.716995 ) (738.234009 4584 64 ) 
4 55 78 (738.234009 4584 64 ) (870.380005 4584 64 ) (870.380005 4556 64 ) (738.234009 4556 64 ) 
4 56 77 (738.234009 4556 175.716995 ) (738.234009 4556 5850.240234 ) (730.234009 4556 5850.240234 ) (730.234009 4556 175.716995 ) 
4 56 58 (730.234009 4556 175.716995 ) (730.234009 4556 5850.240234 ) (730.234009 4584 5850.240234 ) (730.234009 4584 175.716995 ) 
4 57 77 (730.234009 4556 64 ) (738.234009 4556 64 ) (738.234009 4556 163.716995 ) (730.234009 4556 163.716995 ) 
4 57 58 (730.234009 4556 64 ) (730.234009 4556 163.716995 ) (730.234009 4584 163.716995 ) (730.234009 4584 64 ) 
4 57 78 (730.234009 4584 64 ) (738.234009 4584 64 ) (738.234009 4556 64 ) (730.234009 4556 64 ) 
4 58 77 (625.914001 4556 64 ) (730.234009 4556 64 ) (730.234009 4556 5850.240234 ) (625.914001 4556 5850.240234 ) 
4 58 59 (625.914001 4556 172.613998 ) (625.914001 4556 5850.240234 ) (625.914001 4584 5850.240234 ) (625.914001 4584 172.613998 ) 
4 58 60 (625.914001 4556 64 ) (625.914001 4556 160.613998 ) (625.914001 4584 160.613998 ) (625.914001 4584 64 ) 
4 58 78 (625.914001 4584 64 ) (730.234009 4584 64 ) (730.234009 4556 64 ) (625.914001 4556 64 ) 
4 59 77 (625.914001 4556 172.613998 ) (625.914001 4556 5850.240234 ) (617.914001 4556 5850.240234 ) (617.914001 4556 172.613998 ) 
4 59 61 (617.914001 4556 172.613998 ) (617.914001 4556 5850.240234 ) (617.914001 4584 5850.240234 ) (617.914001 4584 172.613998 ) 
4 60 77 (617.914001 4556 64 ) (625.914001 4556 64 ) (625.914001 4556 160.613998 ) (617.914001 4556 160.613998 ) 
4 60 61 (617.914001 4556 64 ) (617.914001 4556 160.613998 ) (617.914001 4584 160.613998 ) (617.914001 4584 64 ) 
4 60 78 (617.914001 4584 64 ) (625.914001 4584 64 ) (625.914001 4556 64 ) (617.914001 4556 64 ) 
4 61 77 (536.961975 4556 64 ) (617.914001 4556 64 ) (617.914001 4556 5850.240234 ) (536.961975 4556 5850.240234 ) 
4 61 62 (536.961975 4556 172.179001 ) (536.961975 4556 5850.240234 ) (536.961975 4584 5850.240234 ) (536.961975 4584 172.179001 ) 
4 61 63 (536.961975 4556 64 ) (536.961975 4556 160.179001 ) (536.961975 4584 160.179001 ) (536.961975 4584 64 ) 
4 61 78 (536.961975 4584 64 ) (617.914001 4584 64 ) (617.914001 4556 64 ) (536.961975 4556 64 ) 
4 62 77 (536.961975 4556 172.179001 ) (536.961975 4556 5850.240234 ) (528.961975 4556 5850.240234 ) (528.961975 4556 172.179001 ) 
4 62 64 (528.961975 4556 172.179001 ) (528.961975 4556 5850.240234 ) (528.961975 4584 5850.240234 ) (528.961975 4584 172.179001 ) 
4 63 77 (528.961975 4556 64 ) (536.961975 4556 64 ) (536.961975 4556 160.179001 ) (528.961975 4556 160.179001 ) 
4 63 78 (528.961975 4584 64 ) (536.961975 4584 64 ) (536.961975 4556 64 ) (528.961975 4556 64 ) 
4 63 64 (528.961975 4556 64 ) (528.961975 4556 160.179001 ) (528.961975 4584 160.179001 ) (528.961975 4584 64 ) 
4 64 77 (454.471008 4556 64 ) (528.961975 4556 64 ) (528.961975 4556 5850.240234 ) (454.471008 4556 5850.240234 ) 
4 64 65 (454.471008 4584 5850.240234 ) (454.471008 4584 174.509003 ) (454.471008 4556 174.509003 ) (454.471008 4556 5850.240234 ) 
4 64 66 (454.471008 4584 162.509003 ) (454.471008 4584 64 ) (454.471008 4556 64 ) (454.471008 4556 162.509003 ) 
4 64 78 (454.471008 4584 64 ) (528.961975 4584 64 ) (528.961975 4556 64 ) (454.471008 4556 64 ) 
4 65 77 (454.471008 4556 174.509003 ) (454.471008 4556 5850.240234 ) (446.471008 4556 5850.240234 ) (446.471008 4556 174.509003 ) 
4 65 67 (446.471008 4556 174.509003 ) (446.471008 4556 5850.240234 ) (446.471008 4584 5850.240234 ) (446.471008 4584 174.509003 ) 
4 66 77 (446.471008 4556 64 ) (454.471008 4556 64 ) (454.471008 4556 162.509003 ) (446.471008 4556 162.509003 ) 
4 66 67 (446.471008 4556 64 ) (446.471008 4556 162.509003 ) (446.471008 4584 162.509003 ) (446.471008 4584 64 ) 
4 66 78 (446.471008 4584 64 ) (454.471008 4584 64 ) (454.471008 4556 64 ) (446.471008 4556 64 ) 
4 67 77 (264.882996 4556 64 ) (446.471008 4556 64 ) (446.471008 4556 5850.240234 ) (264.882996 4556 5850.240234 ) 
4 67 68 (264.882996 4556 173.513000 ) (264.882996 4556 5850.240234 ) (264.882996 4584 5850.240234 ) (264.882996 4584 173.513000 ) 
4 67 69 (264.882996 4556 64 ) (264.882996 4556 161.513000 ) (264.882996 4584 161.513000 ) (264.882996 4584 64 ) 
4 67 78 (264.882996 4584 64 ) (446.471008 4584 64 ) (446.471008 4556 64 ) (264.882996 4556 64 ) 
4 68 77 (264.882996 4556 173.513000 ) (264.882996 4556 5850.240234 ) (256.882996 4556 5850.240234 ) (256.882996 4556 173.513000 ) 
4 68 70 (256.882996 4556 173.513000 ) (256.882996 4556 5850.240234 ) (256.882996 4584 5850.240234 ) (256.882996 4584 173.513000 ) 
4 69 77 (256.882996 4556 64 ) (264.882996 4556 64 ) (264.882996 4556 161.513000 ) (256.882996 4556 161.513000 ) 
4 69 70 (256.882996 4556 64 ) (256.882996 4556 161.513000 ) (256.882996 4584 161.513000 ) (256.882996 4584 64 ) 
4 69 78 (256.882996 4584 64 ) (264.882996 4584 64 ) (264.882996 4556 64 ) (256.882996 4556 64 ) 
4 70 77 (84 4556 64 ) (256.882996 4556 64 ) (256.882996 4556 5850.240234 ) (84 4556 5850.240234 ) 
4 70 71 (84 4556 172 ) (84 4556 5850.240234 ) (84 4584 5850.240234 ) (84 4584 172 ) 
4 70 72 (84 4556 64 ) (84 4556 160 ) (84 4584 160 ) (84 4584 64 ) 
4 70 78 (84 4584 64 ) (256.882996 4584 64 ) (256.882996 4556 64 ) (84 4556 64 ) 
4 71 77 (84 4556 172 ) (84 4556 5850.240234 ) (76 4556 5850.240234 ) (76 4556 172 ) 
4 71 73 (76 4556 172 ) (76 4556 5850.240234 ) (76 4584 5850.240234 ) (76 4584 172 ) 
4 72 77 (76 4556 64 ) (84 4556 64 ) (84 4556 160 ) (76 4556 160 ) 
4 72 73 (76 4556 64 ) (76 4556 160 ) (76 4584 160 ) (76 4584 64 ) 
4 72 78 (76 4584 64 ) (84 4584 64 ) (84 4556 64 ) (76 4556 64 ) 
4 73 77 (8.833400 4556 64 ) (76 4556 64 ) (76 4556 5850.240234 ) (8.833400 4556 5850.240234 ) 
4 73 74 (8.833400 4556 171.639999 ) (8.833400 4556 5850.240234 ) (8.833400 4584 5850.240234 ) (8.833400 4584 171.639999 ) 
4 73 75 (8.833400 4556 64 ) (8.833400 4556 159.639999 ) (8.833400 4584 159.639999 ) (8.833400 4584 64 ) 
4 73 78 (8.833400 4584 64 ) (76 4584 64 ) (76 4556 64 ) (8.833400 4556 64 ) 
4 74 77 (8.833400 4556 171.639999 ) (8.833400 4556 5850.240234 ) (0.833400 4556 5850.240234 ) (0.833400 4556 171.639999 ) 
4 74 76 (0.833400 4556 171.639999 ) (0.833400 4556 5850.240234 ) (0.833400 4584 5850.240234 ) (0.833400 4584 171.639999 ) 
4 75 77 (0.833400 4556 64 ) (8.833400 4556 64 ) (8.833400 4556 159.639999 ) (0.833400 4556 159.639999 ) 
4 75 78 (0.833400 4584 64 ) (8.833400 4584 64 ) (8.833400 4556 64 ) (0.833400 4556 64 ) 
4 75 76 (0.833400 4556 64 ) (0.833400 4556 159.639999 ) (0.833400 4584 159.639999 ) (0.833400 4584 64 ) 
4 76 153 (0 4584 174 ) (0 4584 64 ) (0 4556 64 ) (0 4556 174 ) 
4 76 152 (0 4584 5850.240234 ) (0 4584 174 ) (0 4556 174 ) (0 4556 5850.240234 ) 
4 76 77 (0 4556 5850.240234 ) (0 4556 64 ) (0.833400 4556 64 ) (0.833400 4556 5850.240234 ) 
4 76 78 (0 4556 64 ) (0 4584 64 ) (0.833400 4584 64 ) (0.833400 4556 64 ) 
4 77 168 (0 4096 64 ) (0 4096 425 ) (0 4556 425 ) (0 4556 64 ) 
4 77 166 (0 4096 425 ) (0 4096 449 ) (0 4556 449 ) (0 4556 425 ) 
4 77 165 (0 4096 449 ) (0 4096 5850.240234 ) (0 4556 5850.240234 ) (0 4556 449 ) 
4 77 113 (160 4096 128 ) (96 4096 128 ) (96 4096 64 ) (160 4096 64 ) 
4 77 112 (1024 4096 64 ) (1024 4096 128 ) (160 4096 128 ) (160 4096 64 ) 
4 77 115 (96 4096 128 ) (0 4096 128 ) (0 4096 64 ) (96 4096 64 ) 
4 77 109 (48 4096 128 ) (64 4096 128 ) (64 4096 168 ) (48 4096 168 ) 
4 77 111 (0 4096 168 ) (0 4096 128 ) (48 4096 128 ) (48 4096 168 ) 
4 77 108 (64 4096 5850.240234 ) (0 4096 5850.240234 ) (0 4096 168 ) (64 4096 168 ) 
4 77 107 (64 4096 144 ) (64 4096 128 ) (192 4096 128 ) (192 4096 144 ) 
4 77 106 (192 4096 5850.240234 ) (64 4096 5850.240234 ) (64 4096 144 ) (192 4096 144 ) 
4 77 104 (192 4096 168 ) (192 4096 128 ) (208 4096 128 ) (208 4096 168 ) 
4 77 103 (208 4096 5850.240234 ) (192 4096 5850.240234 ) (192 4096 168 ) (208 4096 168 ) 
4 77 99 (286 4096 5850.240234 ) (282 4096 5850.240234 ) (282 4096 128 ) (286 4096 128 ) 
4 77 98 (1024 4096 128 ) (1024 4096 5850.240234 ) (286 4096 5850.240234 ) (286 4096 128 ) 
4 77 102 (282 4096 5850.240234 ) (208 4096 5850.240234 ) (208 4096 128 ) (282 4096 128 ) 
4 77 78 (0 4096 64 ) (0 4556 64 ) (1024 4556 64 ) (1024 4096 64 ) 
4 78 173 (0 4096 -128 ) (0 4096 64 ) (0 4608 64 ) (0 4608 -128 ) 
4 78 120 (1024 4096 -128 ) (1024 4096 -127 ) (0 4096 -127 ) (0 4096 -128 ) 
4 78 117 (160 4096 64 ) (96 4096 64 ) (96 4096 -127 ) (160 4096 -127 ) 
4 78 116 (1024 4096 -127 ) (1024 4096 64 ) (160 4096 64 ) (160 4096 -127 ) 
4 78 119 (96 4096 64 ) (0 4096 64 ) (0 4096 -127 ) (96 4096 -127 ) 
4 78 79 (0 4096 -128 ) (0 4608 -128 ) (1024 4608 -128 ) (1024 4096 -128 ) 
4 79 177 (0 4096 -1152.239990 ) (0 4096 -529 ) (0 4609 -529 ) (0 4609 -1152.239990 ) 
4 79 174 (0 4096 -529 ) (0 4096 -128 ) (0 4609 -128 ) (0 4609 -529 ) 
4 79 121 (1024 4096 -1152.239990 ) (1024 4096 -128 ) (0 4096 -128 ) (0 4096 -1152.239990 ) 
4 80 87 (2048 4096 5850.240234 ) (2048 4096 64 ) (2048 3072 64 ) (2048 3072 5850.240234 ) 
4 80 84 (3072 3072 64 ) (3072 3072 5850.240234 ) (2048 3072 5850.240234 ) (2048 3072 64 ) 
4 80 82 (2048 3072 64 ) (2048 3584 64 ) (3072 3584 64 ) (3072 3072 64 ) 
4 80 81 (2048 3584 64 ) (2048 4096 64 ) (3072 4096 64 ) (3072 3584 64 ) 
4 81 91 (2048 4096 64 ) (2048 4096 -128 ) (2048 3584 -128 ) (2048 3584 64 ) 
4 81 83 (2048 3584 -128 ) (2048 4096 -128 ) (3072 4096 -128 ) (3072 3584 -128 ) 
4 81 82 (3072 3584 -127 ) (3072 3584 64 ) (2048 3584 64 ) (2048 3584 -127 ) 
4 82 92 (2048 3072 -127 ) (2048 3072 64 ) (2048 3584 64 ) (2048 3584 -127 ) 
4 82 85 (3072 3072 -127 ) (3072 3072 64 ) (2048 3072 64 ) (2048 3072 -127 ) 
4 83 97 (2048 4096 -146 ) (2048 4096 -1152.239990 ) (2048 3072 -1152.239990 ) (2048 3072 -146 ) 
4 83 94 (2048 4096 -128 ) (2048 4096 -146 ) (2048 3072 -146 ) (2048 3072 -128 ) 
4 83 86 (3072 3072 -1152.239990 ) (3072 3072 -128 ) (2048 3072 -128 ) (2048 3072 -1152.239990 ) 
4 84 439 (3072 2048 64 ) (3072 2048 5850.240234 ) (2048 2048 5850.240234 ) (2048 2048 64 ) 
4 84 122 (2048 2048 64 ) (2048 2048 5850.240234 ) (2048 3072 5850.240234 ) (2048 3072 64 ) 
4 84 85 (3072 2048 64 ) (2048 2048 64 ) (2048 3072 64 ) (3072 3072 64 ) 
4 85 440 (3072 2048 -127 ) (3072 2048 64 ) (2048 2048 64 ) (2048 2048 -127 ) 
4 85 126 (2048 2048 -127 ) (2048 2048 64 ) (2048 3072 64 ) (2048 3072 -127 ) 
4 86 441 (3072 2048 -1152.239990 ) (3072 2048 -128 ) (2048 2048 -128 ) (2048 2048 -1152.239990 ) 
4 86 129 (2048 2048 -146 ) (2048 2048 -128 ) (2048 3072 -128 ) (2048 3072 -146 ) 
4 86 132 (2048 2048 -1152.239990 ) (2048 2048 -146 ) (2048 3072 -146 ) (2048 3072 -1152.239990 ) 
4 87 122 (2048 3072 64 ) (2048 3072 5850.240234 ) (1495.989990 3072 5850.240234 ) (1495.989990 3072 64 ) 
4 87 92 (2048 3072 64 ) (1495.989990 3072 64 ) (1495.989990 3584 64 ) (2048 3584 64 ) 
4 87 91 (1495.989990 3584 64 ) (1495.989990 4096 64 ) (2048 4096 64 ) (2048 3584 64 ) 
4 87 89 (1495.989990 3072 96 ) (1495.989990 3072 5850.240234 ) (1495.989990 3584 5850.240234 ) (1495.989990 3584 96 ) 
4 87 88 (1495.989990 4096 64 ) (1495.989990 3584 64 ) (1495.989990 3584 5850.240234 ) (1495.989990 4096 5850.240234 ) 
4 88 91 (1214.989990 3584 64 ) (1214.989990 4096 64 ) (1495.989990 4096 64 ) (1495.989990 3584 64 ) 
4 88 89 (1214.989990 3584 5850.240234 ) (1214.989990 3584 96 ) (1495.989990 3584 96 ) (1495.989990 3584 5850.240234 ) 
4 88 90 (1214.989990 4096 64 ) (1214.989990 3584 64 ) (1214.989990 3584 5850.240234 ) (1214.989990 4096 5850.240234 ) 
4 89 123 (1495.989990 3072 5850.240234 ) (1214.989990 3072 5850.240234 ) (1214.989990 3072 96 ) (1495.989990 3072 96 ) 
4 89 90 (1214.989990 3072 96 ) (1214.989990 3072 5850.240234 ) (1214.989990 3584 5850.240234 ) (1214.989990 3584 96 ) 
4 90 125 (1214.989990 3072 5850.240234 ) (1024 3072 5850.240234 ) (1024 3072 64 ) (1214.989990 3072 64 ) 
4 90 112 (1024 4096 128 ) (1024 4096 64 ) (1024 3072 64 ) (1024 3072 128 ) 
4 90 98 (1024 4096 5850.240234 ) (1024 4096 128 ) (1024 3072 128 ) (1024 3072 5850.240234 ) 
4 90 93 (1214.989990 3072 64 ) (1024 3072 64 ) (1024 3584 64 ) (1214.989990 3584 64 ) 
4 90 91 (1024 3584 64 ) (1024 4096 64 ) (1214.989990 4096 64 ) (1214.989990 3584 64 ) 
4 91 120 (1024 4096 -127 ) (1024 4096 -128 ) (1024 3584 -128 ) (1024 3584 -127 ) 
4 91 116 (1024 4096 64 ) (1024 4096 -127 ) (1024 3584 -127 ) (1024 3584 64 ) 
4 91 95 (1214.989990 4096 -128 ) (1495.989990 4096 -128 ) (1495.989990 3584 -128 ) (1214.989990 3584 -128 ) 
4 91 94 (1495.989990 4096 -128 ) (2048 4096 -128 ) (2048 3584 -128 ) (1495.989990 3584 -128 ) 
4 91 96 (1024 3584 -128 ) (1024 4096 -128 ) (1214.989990 4096 -128 ) (1214.989990 3584 -128 ) 
4 91 93 (1214.989990 3584 -127 ) (1214.989990 3584 64 ) (1024 3584 64 ) (1024 3584 -127 ) 
4 91 92 (2048 3584 -127 ) (2048 3584 64 ) (1495.989990 3584 64 ) (1495.989990 3584 -127 ) 
4 92 126 (2048 3072 -127 ) (2048 3072 64 ) (1495.989990 3072 64 ) (1495.989990 3072 -127 ) 
4 93 128 (1214.989990 3072 64 ) (1024 3072 64 ) (1024 3072 -127 ) (1214.989990 3072 -127 ) 
4 93 116 (1024 3072 -127 ) (1024 3072 64 ) (1024 3584 64 ) (1024 3584 -127 ) 
4 94 129 (2048 3072 -146 ) (2048 3072 -128 ) (1495.989990 3072 -128 ) (1495.989990 3072 -146 ) 
4 94 97 (2048 3072 -146 ) (1495.989990 3072 -146 ) (1495.989990 4096 -146 ) (2048 4096 -146 ) 
4 94 95 (1495.989990 4096 -146 ) (1495.989990 3584 -146 ) (1495.989990 3584 -128 ) (1495.989990 4096 -128 ) 
4 95 97 (1214.989990 3584 -146 ) (1214.989990 4096 -146 ) (1495.989990 4096 -146 ) (1495.989990 3584 -146 ) 
4 95 96 (1214.989990 4096 -146 ) (1214.989990 3584 -146 ) (1214.989990 3584 -128 ) (1214.989990 4096 -128 ) 
4 96 131 (1214.989990 3072 -128 ) (1024 3072 -128 ) (1024 3072 -146 ) (1214.989990 3072 -146 ) 
4 96 121 (1024 4096 -128 ) (1024 4096 -146 ) (1024 3072 -146 ) (1024 3072 -128 ) 
4 96 97 (1214.989990 3072 -146 ) (1024 3072 -146 ) (1024 4096 -146 ) (1214.989990 4096 -146 ) 
4 97 132 (2048 3072 -1152.239990 ) (2048 3072 -146 ) (1024 3072 -146 ) (1024 3072 -1152.239990 ) 
4 97 121 (1024 4096 -146 ) (1024 4096 -1152.239990 ) (1024 3072 -1152.239990 ) (1024 3072 -146 ) 
4 98 134 (1024 3072 128 ) (1024 3072 168 ) (286 3072 168 ) (286 3072 128 ) 
4 98 133 (1024 3072 168 ) (1024 3072 5850.240234 ) (286 3072 5850.240234 ) (286 3072 168 ) 
4 98 112 (1024 4096 128 ) (1024 3072 128 ) (286 3072 128 ) (286 4096 128 ) 
4 98 100 (286 3930 384 ) (286 3930 5850.240234 ) (286 3934 5850.240234 ) (286 3934 384 ) 
4 98 99 (286 4096 128 ) (286 3934 128 ) (286 3934 5850.240234 ) (286 4096 5850.240234 ) 
4 98 101 (286 3930 128 ) (286 3072 128 ) (286 3072 5850.240234 ) (286 3930 5850.240234 ) 
4 99 112 (282 3934 128 ) (282 4096 128 ) (286 4096 128 ) (286 3934 128 ) 
4 99 100 (282 3934 5850.240234 ) (282 3934 384 ) (286 3934 384 ) (286 3934 5850.240234 ) 
4 99 102 (282 4096 128 ) (282 3934 128 ) (282 3934 5850.240234 ) (282 4096 5850.240234 ) 
4 100 102 (282 3930 384 ) (282 3930 5850.240234 ) (282 3934 5850.240234 ) (282 3934 384 ) 
4 100 101 (282 3930 5850.240234 ) (282 3930 384 ) (286 3930 384 ) (286 3930 5850.240234 ) 
4 101 134 (282 3072 168 ) (282 3072 128 ) (286 3072 128 ) (286 3072 168 ) 
4 101 133 (286 3072 5850.240234 ) (282 3072 5850.240234 ) (282 3072 168 ) (286 3072 168 ) 
4 101 112 (286 3072 128 ) (282 3072 128 ) (282 3930 128 ) (286 3930 128 ) 
4 101 102 (282 3930 128 ) (282 3072 128 ) (282 3072 5850.240234 ) (282 3930 5850.240234 ) 
4 102 134 (208 3072 168 ) (208 3072 128 ) (282 3072 128 ) (282 3072 168 ) 
4 102 133 (282 3072 5850.240234 ) (208 3072 5850.240234 ) (208 3072 168 ) (282 3072 168 ) 
4 102 112 (282 3072 128 ) (208 3072 128 ) (208 4096 128 ) (282 4096 128 ) 
3 102 105 (208 3647.993408 168 ) (208 3728 168 ) (208 3728 143.997955 ) 
4 102 104 (208 4096 128 ) (208 3728 128 ) (208 3728 168 ) (208 4096 168 ) 
4 102 103 (208 3072 168 ) (208 3072 5850.240234 ) (208 4096 5850.240234 ) (208 4096 168 ) 
4 103 133 (192 3072 5850.240234 ) (192 3072 168 ) (208 3072 168 ) (208 3072 5850.240234 ) 
4 103 106 (192 4096 5850.240234 ) (192 4096 168 ) (192 3072 168 ) (192 3072 5850.240234 ) 
4 103 105 (192 3647.993408 168 ) (192 3728 168 ) (208 3728 168 ) (208 3647.993408 168 ) 
4 103 104 (192 3728 168 ) (192 4096 168 ) (208 4096 168 ) (208 3728 168 ) 
4 104 112 (192 3728 128 ) (192 4096 128 ) (208 4096 128 ) (208 3728 128 ) 
4 104 107 (192 4096 144 ) (192 4096 128 ) (192 3728 128 ) (192 3728 144 ) 
4 104 106 (192 4096 168 ) (192 4096 144 ) (192 3728 144 ) (192 3728 168 ) 
4 104 105 (208 3728 143.997955 ) (208 3728 168 ) (192 3728 168 ) (192 3728 143.997955 ) 
3 105 106 (192 3647.993408 168 ) (192 3728 168 ) (192 3728 143.997955 ) 
4 106 135 (64 3072 168 ) (64 3072 144 ) (192 3072 144 ) (192 3072 168 ) 
4 106 133 (64 3072 5850.240234 ) (64 3072 168 ) (192 3072 168 ) (192 3072 5850.240234 ) 
3 106 110 (64 3648 168 ) (64 3728 168 ) (64 3728 144 ) 
4 106 109 (64 3728 168 ) (64 4096 168 ) (64 4096 144 ) (64 3728 144 ) 
4 106 108 (64 3072 168 ) (64 3072 5850.240234 ) (64 4096 5850.240234 ) (64 4096 168 ) 
4 106 107 (64 3647.994873 144 ) (64 4096 144 ) (192 4096 144 ) (192 3647.994873 144 ) 
4 107 113 (96 4096 128 ) (160 4096 128 ) (160 3728 128 ) (96 3728 128 ) 
4 107 112 (160 4096 128 ) (192 4096 128 ) (192 3728 128 ) (160 3728 128 ) 
4 107 115 (64 3728 128 ) (64 4096 128 ) (96 4096 128 ) (96 3728 128 ) 
4 107 109 (64 4096 128 ) (64 3728 128 ) (64 3728 144 ) (64 4096 144 ) 
4 108 240 (0 3072 168 ) (0 3072 425 ) (0 4096 425 ) (0 4096 168 ) 
4 108 238 (0 3072 425 ) (0 3072 449 ) (0 4096 449 ) (0 4096 425 ) 
4 108 237 (0 3072 449 ) (0 3072 5850.240234 ) (0 4096 5850.240234 ) (0 4096 449 ) 
4 108 133 (0 3072 5850.240234 ) (0 3072 168 ) (64 3072 168 ) (64 3072 5850.240234 ) 
4 108 110 (64 3728 168 ) (64 3648 168 ) (48 3647.993408 168 ) (48 3728 168 ) 
4 108 109 (48 4096 168 ) (64 4096 168 ) (64 3728 168 ) (48 3728 168 ) 
4 108 111 (0 3072 168 ) (0 4096 168 ) (48 4096 168 ) (48 3072 168 ) 
4 109 115 (48 3728 128 ) (48 4096 128 ) (64 4096 128 ) (64 3728 128 ) 
4 109 110 (48 3728 168 ) (48 3728 143.997955 ) (64 3728 144 ) (64 3728 168 ) 
4 109 111 (48 4096 128 ) (48 3728 128 ) (48 3728 168 ) (48 4096 168 ) 
3 110 111 (48 3647.993408 168 ) (48 3728 168 ) (48 3728 143.997955 ) 
4 111 240 (0 3072 128 ) (0 3072 168 ) (0 4096 168 ) (0 4096 128 ) 
4 111 136 (0 3072 168 ) (0 3072 128 ) (48 3072 128 ) (48 3072 168 ) 
4 111 115 (48 3072 128 ) (0 3072 128 ) (0 4096 128 ) (48 4096 128 ) 
4 112 137 (1024 3072 64 ) (1024 3072 128 ) (160 3072 128 ) (160 3072 64 ) 
4 112 116 (1024 3072 64 ) (160 3072 64 ) (160 4096 64 ) (1024 4096 64 ) 
4 112 113 (160 4096 64 ) (160 3232 64 ) (160 3232 128 ) (160 4096 128 ) 
4 112 114 (160 3168 64 ) (160 3072 64 ) (160 3072 128 ) (160 3168 128 ) 
4 113 117 (96 3232 64 ) (96 4096 64 ) (160 4096 64 ) (160 3232 64 ) 
4 113 115 (96 4096 64 ) (96 3232 64 ) (96 3232 128 ) (96 4096 128 ) 
4 114 137 (160 3072 128 ) (96 3072 128 ) (96 3072 64 ) (160 3072 64 ) 
4 114 118 (160 3072 64 ) (96 3072 64 ) (96 3168 64 ) (160 3168 64 ) 
4 114 115 (96 3168 64 ) (96 3072 64 ) (96 3072 128 ) (96 3168 128 ) 
4 115 240 (0 3072 64 ) (0 3072 128 ) (0 4096 128 ) (0 4096 64 ) 
4 115 137 (96 3072 128 ) (0 3072 128 ) (0 3072 64 ) (96 3072 64 ) 
4 115 119 (96 3072 64 ) (0 3072 64 ) (0 4096 64 ) (96 4096 64 ) 
4 116 138 (1024 3072 -127 ) (1024 3072 64 ) (160 3072 64 ) (160 3072 -127 ) 
4 116 120 (1024 4096 -127 ) (1024 3584 -127 ) (160 3584 -127 ) (160 4096 -127 ) 
4 116 117 (160 4096 -127 ) (160 3232 -127 ) (160 3232 64 ) (160 4096 64 ) 
4 116 118 (160 3168 -127 ) (160 3072 -127 ) (160 3072 64 ) (160 3168 64 ) 
4 117 120 (96 3584 -127 ) (96 4096 -127 ) (160 4096 -127 ) (160 3584 -127 ) 
4 117 119 (96 4096 -127 ) (96 3232 -127 ) (96 3232 64 ) (96 4096 64 ) 
4 118 138 (160 3072 64 ) (96 3072 64 ) (96 3072 -127 ) (160 3072 -127 ) 
4 118 119 (96 3168 -127 ) (96 3072 -127 ) (96 3072 64 ) (96 3168 64 ) 
4 119 256 (0 3072 -127 ) (0 3072 64 ) (0 3584 64 ) (0 3584 -127 ) 
4 119 255 (0 3584 64 ) (0 4096 64 ) (0 4096 -127 ) (0 3584 -127 ) 
4 119 138 (96 3072 64 ) (0 3072 64 ) (0 3072 -127 ) (96 3072 -127 ) 
4 119 120 (0 3584 -127 ) (0 4096 -127 ) (96 4096 -127 ) (96 3584 -127 ) 
4 120 255 (0 3584 -127 ) (0 4096 -127 ) (0 4096 -128 ) (0 3584 -128 ) 
4 120 121 (1024 4096 -128 ) (1024 3584 -128 ) (0 3584 -128 ) (0 4096 -128 ) 
4 121 257 (0 3072 -1152.239990 ) (0 3072 -128 ) (0 4096 -128 ) (0 4096 -1152.239990 ) 
4 121 139 (1024 3072 -1152.239990 ) (1024 3072 -128 ) (0 3072 -128 ) (0 3072 -1152.239990 ) 
4 122 442 (2048 2048 64 ) (2048 2048 5850.240234 ) (1495.989990 2048 5850.240234 ) (1495.989990 2048 64 ) 
4 122 126 (1495.989990 3072 64 ) (2048 3072 64 ) (2048 2048 64 ) (1495.989990 2048 64 ) 
4 122 123 (1495.989990 2555 96 ) (1495.989990 2555 5850.240234 ) (1495.989990 3072 5850.240234 ) (1495.989990 3072 96 ) 
4 122 124 (1495.989990 2555 64 ) (1495.989990 2048 64 ) (1495.989990 2048 5850.240234 ) (1495.989990 2555 5850.240234 ) 
4 123 124 (1214.989990 2555 5850.240234 ) (1214.989990 2555 96 ) (1495.989990 2555 96 ) (1495.989990 2555 5850.240234 ) 
4 123 125 (1214.989990 2555 96 ) (1214.989990 2555 5850.240234 ) (1214.989990 3072 5850.240234 ) (1214.989990 3072 96 ) 
4 124 442 (1495.989990 2048 5850.240234 ) (1214.989990 2048 5850.240234 ) (1214.989990 2048 64 ) (1495.989990 2048 64 ) 
4 124 127 (1495.989990 2555 64 ) (1495.989990 2048 64 ) (1214.989990 2048 64 ) (1214.989990 2555 64 ) 
4 124 125 (1214.989990 2555 64 ) (1214.989990 2048 64 ) (1214.989990 2048 5850.240234 ) (1214.989990 2555 5850.240234 ) 
4 125 442 (1214.989990 2048 5850.240234 ) (1024 2048 5850.240234 ) (1024 2048 64 ) (1214.989990 2048 64 ) 
4 125 134 (1024 3072 168 ) (1024 3072 128 ) (1024 2048 128 ) (1024 2048 168 ) 
4 125 133 (1024 3072 5850.240234 ) (1024 3072 168 ) (1024 2048 168 ) (1024 2048 5850.240234 ) 
4 125 137 (1024 3072 128 ) (1024 3072 64 ) (1024 2048 64 ) (1024 2048 128 ) 
4 125 128 (1024 3072 64 ) (1214.989990 3072 64 ) (1214.989990 2048 64 ) (1024 2048 64 ) 
4 126 443 (2048 2048 -127 ) (2048 2048 64 ) (1495.989990 2048 64 ) (1495.989990 2048 -127 ) 
4 126 127 (1495.989990 2555 -127 ) (1495.989990 2048 -127 ) (1495.989990 2048 64 ) (1495.989990 2555 64 ) 
4 127 443 (1495.989990 2048 64 ) (1214.989990 2048 64 ) (1214.989990 2048 -127 ) (1495.989990 2048 -127 ) 
4 127 128 (1214.989990 2555 -127 ) (1214.989990 2048 -127 ) (1214.989990 2048 64 ) (1214.989990 2555 64 ) 
4 128 443 (1214.989990 2048 64 ) (1024 2048 64 ) (1024 2048 -127 ) (1214.989990 2048 -127 ) 
4 128 138 (1024 3072 64 ) (1024 3072 -127 ) (1024 2048 -127 ) (1024 2048 64 ) 
4 129 444 (2048 2048 -146 ) (2048 2048 -128 ) (1495.989990 2048 -128 ) (1495.989990 2048 -146 ) 
4 129 130 (1495.989990 2555 -146 ) (1495.989990 2048 -146 ) (1495.989990 2048 -128 ) (1495.989990 2555 -128 ) 
4 129 132 (1495.989990 3072 -146 ) (2048 3072 -146 ) (2048 2048 -146 ) (1495.989990 2048 -146 ) 
4 130 444 (1214.989990 2048 -128 ) (1214.989990 2048 -146 ) (1495.989990 2048 -146 ) (1495.989990 2048 -128 ) 
4 130 131 (1214.989990 2555 -146 ) (1214.989990 2048 -146 ) (1214.989990 2048 -128 ) (1214.989990 2555 -128 ) 
4 130 132 (1495.989990 2555 -146 ) (1495.989990 2048 -146 ) (1214.989990 2048 -146 ) (1214.989990 2555 -146 ) 
4 131 444 (1024 2048 -128 ) (1024 2048 -146 ) (1214.989990 2048 -146 ) (1214.989990 2048 -128 ) 
4 131 139 (1024 3072 -128 ) (1024 3072 -146 ) (1024 2048 -146 ) (1024 2048 -128 ) 
4 131 132 (1024 3072 -146 ) (1214.989990 3072 -146 ) (1214.989990 2048 -146 ) (1024 2048 -146 ) 
4 132 444 (2048 2048 -1152.239990 ) (2048 2048 -146 ) (1024 2048 -146 ) (1024 2048 -1152.239990 ) 
4 132 139 (1024 3072 -146 ) (1024 3072 -1152.239990 ) (1024 2048 -1152.239990 ) (1024 2048 -146 ) 
4 133 445 (1024 2048 168 ) (1024 2048 5850.240234 ) (0 2048 5850.240234 ) (0 2048 168 ) 
4 133 258 (0 2048 168 ) (0 2048 5850.240234 ) (0 3072 5850.240234 ) (0 3072 168 ) 
4 133 136 (48 2048 168 ) (0 2048 168 ) (0 3072 168 ) (48 3072 168 ) 
4 133 135 (192 2048 168 ) (64 2048 168 ) (64 3072 168 ) (192 3072 168 ) 
4 133 134 (1024 3072 168 ) (1024 2048 168 ) (208 2048 168 ) (208 3072 168 ) 
4 134 446 (1024 2048 128 ) (1024 2048 168 ) (208 2048 168 ) (208 2048 128 ) 
4 134 137 (1024 2048 128 ) (208 2048 128 ) (208 3072 128 ) (1024 3072 128 ) 
4 135 447 (192 2048 168 ) (64 2048 168 ) (64 2048 144 ) (192 2048 144 ) 
4 136 448 (48 2048 168 ) (0 2048 168 ) (0 2048 128 ) (48 2048 128 ) 
4 136 258 (0 2048 128 ) (0 2048 168 ) (0 3072 168 ) (0 3072 128 ) 
4 136 137 (48 2048 128 ) (0 2048 128 ) (0 3072 128 ) (48 3072 128 ) 
4 137 449 (1024 2048 64 ) (1024 2048 128 ) (0 2048 128 ) (0 2048 64 ) 
4 137 258 (0 2048 64 ) (0 2048 128 ) (0 3072 128 ) (0 3072 64 ) 
4 137 138 (1024 3072 64 ) (1024 2048 64 ) (0 2048 64 ) (0 3072 64 ) 
4 138 450 (1024 2048 -127 ) (1024 2048 64 ) (0 2048 64 ) (0 2048 -127 ) 
4 138 259 (0 2048 -127 ) (0 2048 64 ) (0 3072 64 ) (0 3072 -127 ) 
4 139 451 (1024 2048 -1152.239990 ) (1024 2048 -128 ) (0 2048 -128 ) (0 2048 -1152.239990 ) 
4 139 260 (0 2048 -1152.239990 ) (0 2048 -128 ) (0 3072 -128 ) (0 3072 -1152.239990 ) 
4 140 142 (-1024 6144 -529 ) (-1024 6144 955 ) (-1024 6328 955 ) (-1024 6328 -529 ) 
4 140 141 (-866 6144 955 ) (-1024 6144 955 ) (-1024 6144 -529 ) (-866 6144 -529 ) 
4 141 175 (-1024 5120 -128 ) (-1024 5120 -529 ) (-866 5120 -529 ) (-866 5120 -128 ) 
4 141 148 (-866 5120 955 ) (-1024 5120 955 ) (-1024 5120 -128 ) (-866 5120 -128 ) 
4 141 144 (-1024 5120 -529 ) (-1024 5120 955 ) (-1024 6144 955 ) (-1024 6144 -529 ) 
4 142 144 (-1024 6144 -529 ) (-1024 6144 955 ) (-2048 6144 955 ) (-2048 6144 -529 ) 
4 142 143 (-2048 6144 -529 ) (-2048 6144 955 ) (-2048 6328 955 ) (-2048 6328 -529 ) 
4 143 145 (-2048 6144 -529 ) (-2048 6144 955 ) (-2238 6144 955 ) (-2238 6144 -529 ) 
4 144 200 (-1024 5120 -529 ) (-1024 5120 -128 ) (-2048 5120 -128 ) (-2048 5120 -529 ) 
4 144 179 (-1024 5120 -128 ) (-1024 5120 955 ) (-2048 5120 955 ) (-2048 5120 -128 ) 
4 144 145 (-2048 6144 955 ) (-2048 6144 -529 ) (-2048 5120 -529 ) (-2048 5120 955 ) 
4 145 233 (-2048 5120 -529 ) (-2048 5120 -128 ) (-2238 5120 -128 ) (-2238 5120 -529 ) 
4 145 204 (-2048 5120 -128 ) (-2048 5120 955 ) (-2238 5120 955 ) (-2238 5120 -128 ) 
4 146 178 (-1024 4609 955 ) (-1024 4608 955 ) (-1024 4608 5850.240234 ) (-1024 4609 5850.240234 ) 
4 146 150 (-1024 4608 5850.240234 ) (-1024 4608 955 ) (0 4608 955 ) (0 4608 5850.240234 ) 
4 146 149 (-866 4608 955 ) (-1024 4608 955 ) (-1024 4609 955 ) (-866 4609 955 ) 
4 146 147 (0 4608 955 ) (-866 4608 955 ) (-866 4609 955 ) (0 4609 955 ) 
4 147 174 (0 4609 -128 ) (0 4608 -128 ) (-866 4608 -128 ) (-866 4609 -128 ) 
4 147 151 (0 4608 64 ) (0 4608 128 ) (-866 4608 128 ) (-866 4608 64 ) 
4 147 150 (0 4608 400 ) (0 4608 955 ) (-866 4608 955 ) (-866 4608 400 ) 
4 147 173 (-866 4608 -128 ) (0 4608 -128 ) (0 4608 64 ) (-866 4608 64 ) 
4 147 149 (-866 4609 -128 ) (-866 4608 -128 ) (-866 4608 955 ) (-866 4609 955 ) 
4 148 179 (-1024 5120 955 ) (-1024 5120 -128 ) (-1024 5080 -128 ) (-1024 5080 955 ) 
4 148 175 (-1024 5080 -128 ) (-1024 5120 -128 ) (-866 5120 -128 ) (-866 5080 -128 ) 
4 149 180 (-1024 4609 -128 ) (-1024 4608 -128 ) (-1024 4608 955 ) (-1024 4609 955 ) 
4 149 176 (-1024 4608 -128 ) (-1024 4609 -128 ) (-866 4609 -128 ) (-866 4608 -128 ) 
4 149 151 (-1024 4608 128 ) (-1024 4608 64 ) (-866 4608 64 ) (-866 4608 128 ) 
4 149 150 (-1024 4608 955 ) (-1024 4608 400 ) (-866 4608 400 ) (-866 4608 955 ) 
4 149 173 (-1024 4608 64 ) (-1024 4608 -128 ) (-866 4608 -128 ) (-866 4608 64 ) 
4 150 184 (-1024 4608 425 ) (-1024 4608 400 ) (-1024 4584 400 ) (-1024 4584 425 ) 
4 150 181 (-1024 4608 5850.240234 ) (-1024 4608 425 ) (-1024 4584 425 ) (-1024 4584 5850.240234 ) 
4 150 152 (-1024 4584 5850.240234 ) (-1024 4584 400 ) (0 4584 400 ) (0 4584 5850.240234 ) 
4 151 198 (-1024 4608 128 ) (-1024 4608 64 ) (-1024 4584 64 ) (-1024 4584 128 ) 
4 151 163 (-501.838989 4584 64 ) (-493.838989 4584 64 ) (-493.838989 4584 128 ) (-501.838989 4584 128 ) 
4 151 164 (-1024 4584 128 ) (-1024 4584 64 ) (-501.838989 4584 64 ) (-501.838989 4584 128 ) 
4 151 161 (-376 4584 64 ) (-368 4584 64 ) (-368 4584 128 ) (-376 4584 128 ) 
4 151 162 (-493.838989 4584 64 ) (-376 4584 64 ) (-376 4584 128 ) (-493.838989 4584 128 ) 
4 151 158 (-258.315002 4584 64 ) (-250.315002 4584 64 ) (-250.315002 4584 128 ) (-258.315002 4584 128 ) 
4 151 159 (-368 4584 64 ) (-258.315002 4584 64 ) (-258.315002 4584 128 ) (-368 4584 128 ) 
4 151 155 (-117.383003 4584 64 ) (-109.383003 4584 64 ) (-109.383003 4584 128 ) (-117.383003 4584 128 ) 
4 151 153 (-109.383003 4584 64 ) (0 4584 64 ) (0 4584 128 ) (-109.383003 4584 128 ) 
4 151 156 (-250.315002 4584 64 ) (-117.383003 4584 64 ) (-117.383003 4584 128 ) (-250.315002 4584 128 ) 
4 151 173 (-1024 4584 64 ) (-1024 4608 64 ) (0 4608 64 ) (0 4584 64 ) 
4 152 185 (-1024 4584 425 ) (-1024 4584 174 ) (-1024 4556 174 ) (-1024 4556 425 ) 
4 152 181 (-1024 4584 5850.240234 ) (-1024 4584 425 ) (-1024 4556 425 ) (-1024 4556 5850.240234 ) 
4 152 171 (-232 4556 425 ) (-1024 4556 425 ) (-1024 4556 174 ) (-232 4556 174 ) 
4 152 169 (-168 4556 425 ) (-232 4556 425 ) (-232 4556 174 ) (-168 4556 174 ) 
4 152 168 (0 4556 174 ) (0 4556 425 ) (-168 4556 425 ) (-168 4556 174 ) 
4 152 167 (-168 4556 449 ) (-1024 4556 449 ) (-1024 4556 425 ) (-168 4556 425 ) 
4 152 166 (0 4556 425 ) (0 4556 449 ) (-168 4556 449 ) (-168 4556 425 ) 
4 152 165 (0 4556 449 ) (0 4556 5850.240234 ) (-1024 4556 5850.240234 ) (-1024 4556 449 ) 
4 152 164 (-501.838989 4556 174 ) (-1024 4556 174 ) (-1024 4584 174 ) (-501.838989 4584 174 ) 
4 152 160 (-368 4556 174 ) (-376 4556 174 ) (-376 4584 174 ) (-368 4584 174 ) 
4 152 162 (-376 4556 174 ) (-493.838989 4556 174 ) (-493.838989 4584 174 ) (-376 4584 174 ) 
4 152 157 (-250.315002 4556 174 ) (-258.315002 4556 174 ) (-258.315002 4584 174 ) (-250.315002 4584 174 ) 
4 152 159 (-258.315002 4556 174 ) (-368 4556 174 ) (-368 4584 174 ) (-258.315002 4584 174 ) 
4 152 154 (-109.383003 4556 174 ) (-117.383003 4556 174 ) (-117.383003 4584 174 ) (-109.383003 4584 174 ) 
4 152 153 (0 4556 174 ) (-109.383003 4556 174 ) (-109.383003 4584 174 ) (0 4584 174 ) 
4 152 156 (-117.383003 4556 174 ) (-250.315002 4556 174 ) (-250.315002 4584 174 ) (-117.383003 4584 174 ) 
4 153 168 (-109.383003 4556 64 ) (0 4556 64 ) (0 4556 174 ) (-109.383003 4556 174 ) 
4 153 154 (-109.383003 4556 173.214996 ) (-109.383003 4556 174 ) (-109.383003 4584 174 ) (-109.383003 4584 173.214996 ) 
4 153 155 (-109.383003 4556 64 ) (-109.383003 4556 161.214996 ) (-109.383003 4584 161.214996 ) (-109.383003 4584 64 ) 
4 153 173 (-109.383003 4584 64 ) (0 4584 64 ) (0 4556 64 ) (-109.383003 4556 64 ) 
4 154 168 (-109.383003 4556 173.214996 ) (-109.383003 4556 174 ) (-117.383003 4556 174 ) (-117.383003 4556 173.214996 ) 
4 154 156 (-117.383003 4556 173.214996 ) (-117.383003 4556 174 ) (-117.383003 4584 174 ) (-117.383003 4584 173.214996 ) 
4 155 168 (-117.383003 4556 64 ) (-109.383003 4556 64 ) (-109.383003 4556 161.214996 ) (-117.383003 4556 161.214996 ) 
4 155 173 (-117.383003 4584 64 ) (-109.383003 4584 64 ) (-109.383003 4556 64 ) (-117.383003 4556 64 ) 
4 155 156 (-117.383003 4556 64 ) (-117.383003 4556 161.214996 ) (-117.383003 4584 161.214996 ) (-117.383003 4584 64 ) 
4 156 171 (-250.315002 4556 64 ) (-232 4556 64 ) (-232 4556 174 ) (-250.315002 4556 174 ) 
4 156 169 (-232 4556 64 ) (-168 4556 64 ) (-168 4556 174 ) (-232 4556 174 ) 
4 156 168 (-168 4556 64 ) (-117.383003 4556 64 ) (-117.383003 4556 174 ) (-168 4556 174 ) 
4 156 157 (-250.315002 4556 172.613998 ) (-250.315002 4556 174 ) (-250.315002 4584 174 ) (-250.315002 4584 172.613998 ) 
4 156 158 (-250.315002 4556 64 ) (-250.315002 4556 160.613998 ) (-250.315002 4584 160.613998 ) (-250.315002 4584 64 ) 
4 156 173 (-250.315002 4584 64 ) (-117.383003 4584 64 ) (-117.383003 4556 64 ) (-250.315002 4556 64 ) 
4 157 171 (-250.315002 4556 172.613998 ) (-250.315002 4556 174 ) (-258.315002 4556 174 ) (-258.315002 4556 172.613998 ) 
4 157 159 (-258.315002 4556 172.613998 ) (-258.315002 4556 174 ) (-258.315002 4584 174 ) (-258.315002 4584 172.613998 ) 
4 158 171 (-258.315002 4556 64 ) (-250.315002 4556 64 ) (-250.315002 4556 160.613998 ) (-258.315002 4556 160.613998 ) 
4 158 159 (-258.315002 4556 64 ) (-258.315002 4556 160.613998 ) (-258.315002 4584 160.613998 ) (-258.315002 4584 64 ) 
4 158 173 (-258.315002 4584 64 ) (-250.315002 4584 64 ) (-250.315002 4556 64 ) (-258.315002 4556 64 ) 
4 159 171 (-368 4556 64 ) (-258.315002 4556 64 ) (-258.315002 4556 174 ) (-368 4556 174 ) 
4 159 160 (-368 4556 172 ) (-368 4556 174 ) (-368 4584 174 ) (-368 4584 172 ) 
4 159 161 (-368 4556 64 ) (-368 4556 160 ) (-368 4584 160 ) (-368 4584 64 ) 
4 159 173 (-368 4584 64 ) (-258.315002 4584 64 ) (-258.315002 4556 64 ) (-368 4556 64 ) 
4 160 171 (-368 4556 172 ) (-368 4556 174 ) (-376 4556 174 ) (-376 4556 172 ) 
4 160 162 (-376 4556 172 ) (-376 4556 174 ) (-376 4584 174 ) (-376 4584 172 ) 
4 161 171 (-376 4556 64 ) (-368 4556 64 ) (-368 4556 160 ) (-376 4556 160 ) 
4 161 162 (-376 4556 64 ) (-376 4556 160 ) (-376 4584 160 ) (-376 4584 64 ) 
4 161 173 (-376 4584 64 ) (-368 4584 64 ) (-368 4556 64 ) (-376 4556 64 ) 
4 162 171 (-493.838989 4556 64 ) (-376 4556 64 ) (-376 4556 174 ) (-493.838989 4556 174 ) 
4 162 163 (-493.838989 4556 64 ) (-493.838989 4556 162 ) (-493.838989 4584 162 ) (-493.838989 4584 64 ) 
4 162 173 (-493.838989 4584 64 ) (-376 4584 64 ) (-376 4556 64 ) (-493.838989 4556 64 ) 
4 163 171 (-501.838989 4556 64 ) (-493.838989 4556 64 ) (-493.838989 4556 162 ) (-501.838989 4556 162 ) 
4 163 164 (-501.838989 4556 64 ) (-501.838989 4556 162 ) (-501.838989 4584 162 ) (-501.838989 4584 64 ) 
4 163 173 (-501.838989 4584 64 ) (-493.838989 4584 64 ) (-493.838989 4556 64 ) (-501.838989 4556 64 ) 
4 164 185 (-1024 4584 174 ) (-1024 4584 128 ) (-1024 4556 128 ) (-1024 4556 174 ) 
4 164 198 (-1024 4584 128 ) (-1024 4584 64 ) (-1024 4556 64 ) (-1024 4556 128 ) 
4 164 171 (-1024 4556 64 ) (-501.838989 4556 64 ) (-501.838989 4556 174 ) (-1024 4556 174 ) 
4 164 173 (-1024 4556 64 ) (-1024 4584 64 ) (-501.838989 4584 64 ) (-501.838989 4556 64 ) 
4 165 237 (0 4096 449 ) (0 4096 5850.240234 ) (-1024 4096 5850.240234 ) (-1024 4096 449 ) 
4 165 182 (-1024 4096 449 ) (-1024 4096 5850.240234 ) (-1024 4157 5850.240234 ) (-1024 4157 449 ) 
4 165 181 (-1024 4157 5850.240234 ) (-1024 4556 5850.240234 ) (-1024 4556 449 ) (-1024 4157 449 ) 
4 165 167 (-1024 4157 449 ) (-1024 4556 449 ) (-168 4556 449 ) (-168 4157 449 ) 
4 165 166 (0 4096 449 ) (-168 4096 449 ) (-168 4556 449 ) (0 4556 449 ) 
4 166 238 (0 4096 425 ) (0 4096 449 ) (-168 4096 449 ) (-168 4096 425 ) 
4 166 168 (-168 4556 425 ) (0 4556 425 ) (0 4096 425 ) (-168 4096 425 ) 
4 166 167 (-168 4556 425 ) (-168 4157 425 ) (-168 4157 449 ) (-168 4556 449 ) 
4 167 181 (-1024 4157 449 ) (-1024 4556 449 ) (-1024 4556 425 ) (-1024 4157 425 ) 
4 167 171 (-1024 4157 425 ) (-1024 4556 425 ) (-232 4556 425 ) (-232 4157 425 ) 
4 167 169 (-232 4556 425 ) (-168 4556 425 ) (-168 4157 425 ) (-232 4157 425 ) 
4 168 240 (0 4096 64 ) (0 4096 425 ) (-168 4096 425 ) (-168 4096 64 ) 
4 168 170 (-168 4157 129 ) (-168 4157 64 ) (-168 4096 64 ) (-168 4096 129 ) 
4 168 169 (-168 4157 425 ) (-168 4556 425 ) (-168 4556 64 ) (-168 4157 64 ) 
4 168 173 (0 4096 64 ) (-168 4096 64 ) (-168 4556 64 ) (0 4556 64 ) 
4 169 171 (-232 4157 425 ) (-232 4556 425 ) (-232 4556 64 ) (-232 4157 64 ) 
4 169 170 (-232 4157 129 ) (-232 4157 64 ) (-168 4157 64 ) (-168 4157 129 ) 
4 169 173 (-232 4157 64 ) (-232 4556 64 ) (-168 4556 64 ) (-168 4157 64 ) 
4 170 241 (-232 4096 129 ) (-232 4096 64 ) (-168 4096 64 ) (-168 4096 129 ) 
4 170 172 (-232 4157 129 ) (-232 4157 64 ) (-232 4096 64 ) (-232 4096 129 ) 
4 170 173 (-168 4096 64 ) (-232 4096 64 ) (-232 4157 64 ) (-168 4157 64 ) 
4 171 188 (-1024 4157 425 ) (-1024 4424 425 ) (-1024 4424 128 ) (-1024 4157 128 ) 
4 171 185 (-1024 4424 425 ) (-1024 4556 425 ) (-1024 4556 128 ) (-1024 4424 128 ) 
4 171 198 (-1024 4556 128 ) (-1024 4556 64 ) (-1024 4157 64 ) (-1024 4157 128 ) 
4 171 172 (-1024 4157 64 ) (-232 4157 64 ) (-232 4157 129 ) (-1024 4157 129 ) 
4 171 173 (-1024 4157 64 ) (-1024 4556 64 ) (-232 4556 64 ) (-232 4157 64 ) 
4 172 243 (-1024 4096 129 ) (-1024 4096 64 ) (-232 4096 64 ) (-232 4096 129 ) 
4 172 189 (-1024 4096 128 ) (-1024 4096 129 ) (-1024 4157 129 ) (-1024 4157 128 ) 
4 172 198 (-1024 4096 64 ) (-1024 4096 128 ) (-1024 4157 128 ) (-1024 4157 64 ) 
4 172 173 (-232 4096 64 ) (-1024 4096 64 ) (-1024 4157 64 ) (-232 4157 64 ) 
4 173 255 (0 4096 -128 ) (0 4096 64 ) (-1024 4096 64 ) (-1024 4096 -128 ) 
4 173 199 (-1024 4608 -128 ) (-1024 4096 -128 ) (-1024 4096 64 ) (-1024 4608 64 ) 
4 173 176 (-866 4096 -128 ) (-1024 4096 -128 ) (-1024 4608 -128 ) (-866 4608 -128 ) 
4 173 174 (0 4096 -128 ) (-866 4096 -128 ) (-866 4608 -128 ) (0 4608 -128 ) 
4 174 257 (0 4096 -529 ) (0 4096 -128 ) (-866 4096 -128 ) (-866 4096 -529 ) 
4 174 177 (0 4609 -529 ) (0 4096 -529 ) (-866 4096 -529 ) (-866 4609 -529 ) 
4 174 176 (-866 4609 -529 ) (-866 4096 -529 ) (-866 4096 -128 ) (-866 4609 -128 ) 
4 175 200 (-1024 5120 -128 ) (-1024 5120 -529 ) (-1024 5080 -529 ) (-1024 5080 -128 ) 
4 176 257 (-866 4096 -128 ) (-1024 4096 -128 ) (-1024 4096 -529 ) (-866 4096 -529 ) 
4 176 201 (-1024 4609 -529 ) (-1024 4096 -529 ) (-1024 4096 -128 ) (-1024 4609 -128 ) 
4 176 177 (-1024 4096 -529 ) (-1024 4609 -529 ) (-866 4609 -529 ) (-866 4096 -529 ) 
4 177 257 (0 4096 -1152.239990 ) (0 4096 -529 ) (-1024 4096 -529 ) (-1024 4096 -1152.239990 ) 
4 177 202 (-1024 4609 -1152.239990 ) (-1024 4096 -1152.239990 ) (-1024 4096 -529 ) (-1024 4609 -529 ) 
4 178 203 (-2048 4609 955 ) (-2048 4608 955 ) (-2048 4608 5850.240234 ) (-2048 4609 5850.240234 ) 
4 178 181 (-1233.369995 4608 955 ) (-1024 4608 955 ) (-1024 4608 5850.240234 ) (-1233.369995 4608 5850.240234 ) 
4 178 183 (-2048 4608 5850.240234 ) (-2048 4608 955 ) (-1233.369995 4608 955 ) (-1233.369995 4608 5850.240234 ) 
4 178 180 (-1024 4608 955 ) (-2048 4608 955 ) (-2048 4609 955 ) (-1024 4609 955 ) 
4 179 204 (-2048 5120 955 ) (-2048 5120 -128 ) (-2048 5080 -128 ) (-2048 5080 955 ) 
4 179 200 (-2048 5080 -128 ) (-2048 5120 -128 ) (-1024 5120 -128 ) (-1024 5080 -128 ) 
4 180 205 (-2048 4609 -128 ) (-2048 4608 -128 ) (-2048 4608 955 ) (-2048 4609 955 ) 
4 180 201 (-2048 4608 -128 ) (-2048 4609 -128 ) (-1024 4609 -128 ) (-1024 4608 -128 ) 
4 180 184 (-2048 4608 425 ) (-2048 4608 400 ) (-1024 4608 400 ) (-1024 4608 425 ) 
4 180 181 (-1233.369995 4608 425 ) (-1024 4608 425 ) (-1024 4608 955 ) (-1233.369995 4608 955 ) 
4 180 183 (-2048 4608 955 ) (-2048 4608 425 ) (-1233.369995 4608 425 ) (-1233.369995 4608 955 ) 
4 180 198 (-2048 4608 128 ) (-2048 4608 64 ) (-1024 4608 64 ) (-1024 4608 128 ) 
4 180 199 (-2048 4608 64 ) (-2048 4608 -128 ) (-1024 4608 -128 ) (-1024 4608 64 ) 
4 181 190 (-1233.369995 4157 425 ) (-1233.369995 4424 425 ) (-1169.369995 4424 425 ) (-1169.369995 4157 425 ) 
4 181 188 (-1169.369995 4424 425 ) (-1024 4424 425 ) (-1024 4157 425 ) (-1169.369995 4157 425 ) 
4 181 185 (-1233.369995 4424 425 ) (-1233.369995 4584 425 ) (-1024 4584 425 ) (-1024 4424 425 ) 
4 181 184 (-1233.369995 4584 425 ) (-1233.369995 4608 425 ) (-1024 4608 425 ) (-1024 4584 425 ) 
4 181 182 (-1233.369995 4157 5850.240234 ) (-1233.369995 4157 449 ) (-1024 4157 449 ) (-1024 4157 5850.240234 ) 
4 181 183 (-1233.369995 4608 425 ) (-1233.369995 4157 425 ) (-1233.369995 4157 5850.240234 ) (-1233.369995 4608 5850.240234 ) 
4 182 261 (-1024 4096 449 ) (-1024 4096 5850.240234 ) (-1233.369995 4096 5850.240234 ) (-1233.369995 4096 449 ) 
4 182 183 (-1233.369995 4096 449 ) (-1233.369995 4096 5850.240234 ) (-1233.369995 4157 5850.240234 ) (-1233.369995 4157 449 ) 
4 183 263 (-2048 4096 449 ) (-2048 4096 425 ) (-1233.369995 4096 425 ) (-1233.369995 4096 449 ) 
4 183 261 (-1233.369995 4096 5850.240234 ) (-2048 4096 5850.240234 ) (-2048 4096 449 ) (-1233.369995 4096 449 ) 
4 183 222 (-2048 4096 425 ) (-2048 4096 5850.240234 ) (-2048 4578 5850.240234 ) (-2048 4578 425 ) 
4 183 209 (-2048 4578 5850.240234 ) (-2048 4584 5850.240234 ) (-2048 4584 425 ) (-2048 4578 425 ) 
4 183 207 (-2048 4584 5850.240234 ) (-2048 4608 5850.240234 ) (-2048 4608 425 ) (-2048 4584 425 ) 
4 183 197 (-2024.209961 4096 425 ) (-2048 4096 425 ) (-2048 4264 425 ) (-2024.209961 4264 425 ) 
4 183 196 (-2024 4096 425 ) (-2024.209961 4096 425 ) (-2024.209961 4264 425 ) (-2024 4264 425 ) 
4 183 195 (-2048 4264 425 ) (-2048 4424 425 ) (-2024 4424 425 ) (-2024 4264 425 ) 
4 183 193 (-1920.630005 4096 425 ) (-2024 4096 425 ) (-2024 4424 425 ) (-1920.630005 4424 425 ) 
4 183 192 (-1233.369995 4096 425 ) (-1920.630005 4096 425 ) (-1920.630005 4424 425 ) (-1233.369995 4424 425 ) 
4 183 187 (-2048 4424 425 ) (-2048 4428 425 ) (-1920 4428 425 ) (-1920 4424 425 ) 
4 183 186 (-2048 4428 425 ) (-2048 4584 425 ) (-1920 4584 425 ) (-1920 4428 425 ) 
4 183 185 (-1920 4584 425 ) (-1233.369995 4584 425 ) (-1233.369995 4424 425 ) (-1920 4424 425 ) 
4 183 184 (-2048 4584 425 ) (-2048 4608 425 ) (-1233.369995 4608 425 ) (-1233.369995 4584 425 ) 
4 184 207 (-2048 4584 425 ) (-2048 4608 425 ) (-2048 4608 400 ) (-2048 4584 400 ) 
4 184 186 (-1920 4584 425 ) (-2048 4584 425 ) (-2048 4584 400 ) (-1920 4584 400 ) 
4 184 185 (-1024 4584 400 ) (-1024 4584 425 ) (-1920 4584 425 ) (-1920 4584 400 ) 
4 185 190 (-1233.369995 4424 128 ) (-1169.369995 4424 128 ) (-1169.369995 4424 425 ) (-1233.369995 4424 425 ) 
4 185 192 (-1920 4424 128 ) (-1233.369995 4424 128 ) (-1233.369995 4424 425 ) (-1920 4424 425 ) 
4 185 188 (-1169.369995 4424 128 ) (-1024 4424 128 ) (-1024 4424 425 ) (-1169.369995 4424 425 ) 
4 185 187 (-1920 4424 133 ) (-1920 4424 425 ) (-1920 4428 425 ) (-1920 4428 133 ) 
4 185 186 (-1920 4584 425 ) (-1920 4584 128 ) (-1920 4428 128 ) (-1920 4428 425 ) 
4 185 198 (-1920 4584 128 ) (-1024 4584 128 ) (-1024 4424 128 ) (-1920 4424 128 ) 
4 186 223 (-2048 4578 133 ) (-2048 4578 128 ) (-2048 4428 128 ) (-2048 4428 133 ) 
4 186 222 (-2048 4428 425 ) (-2048 4578 425 ) (-2048 4578 133 ) (-2048 4428 133 ) 
4 186 214 (-2048 4584 268.614990 ) (-2048 4584 128 ) (-2048 4578 128 ) (-2048 4578 268.614990 ) 
4 186 213 (-2048 4584 286.153992 ) (-2048 4584 268.614990 ) (-2048 4578 268.614990 ) (-2048 4578 286.153992 ) 
4 186 212 (-2048 4584 344.614990 ) (-2048 4584 286.153992 ) (-2048 4578 286.153992 ) (-2048 4578 344.614990 ) 
4 186 210 (-2048 4584 368 ) (-2048 4584 344.614990 ) (-2048 4578 344.614990 ) (-2048 4578 368 ) 
4 186 209 (-2048 4578 425 ) (-2048 4584 425 ) (-2048 4584 368 ) (-2048 4578 368 ) 
4 186 187 (-1920 4428 133 ) (-1920 4428 425 ) (-2048 4428 425 ) (-2048 4428 133 ) 
4 186 198 (-2048 4428 128 ) (-2048 4584 128 ) (-1920 4584 128 ) (-1920 4428 128 ) 
4 187 222 (-2048 4424 425 ) (-2048 4428 425 ) (-2048 4428 133 ) (-2048 4424 133 ) 
4 187 195 (-2024 4424 425 ) (-2048 4424 425 ) (-2048 4424 133 ) (-2024 4424 133 ) 
4 187 193 (-1920.630005 4424 425 ) (-2024 4424 425 ) (-2024 4424 136.078003 ) (-1920.630005 4424 136.078003 ) 
4 187 192 (-1920 4424 133 ) (-1920 4424 425 ) (-1920.630005 4424 425 ) (-1920.630005 4424 133 ) 
4 188 190 (-1169.369995 4424 425 ) (-1169.369995 4424 128 ) (-1169.369995 4157 128 ) (-1169.369995 4157 425 ) 
4 188 189 (-1169.369995 4157 129 ) (-1169.369995 4157 128 ) (-1024 4157 128 ) (-1024 4157 129 ) 
4 188 198 (-1169.369995 4424 128 ) (-1024 4424 128 ) (-1024 4157 128 ) (-1169.369995 4157 128 ) 
4 189 266 (-1024 4096 128 ) (-1024 4096 129 ) (-1169.369995 4096 129 ) (-1169.369995 4096 128 ) 
4 189 191 (-1169.369995 4157 128 ) (-1169.369995 4096 128 ) (-1169.369995 4096 129 ) (-1169.369995 4157 129 ) 
4 189 198 (-1024 4157 128 ) (-1024 4096 128 ) (-1169.369995 4096 128 ) (-1169.369995 4157 128 ) 
4 190 191 (-1233.369995 4157 129 ) (-1233.369995 4157 128 ) (-1169.369995 4157 128 ) (-1169.369995 4157 129 ) 
4 190 192 (-1233.369995 4424 425 ) (-1233.369995 4424 128 ) (-1233.369995 4157 128 ) (-1233.369995 4157 425 ) 
4 190 198 (-1233.369995 4424 128 ) (-1169.369995 4424 128 ) (-1169.369995 4157 128 ) (-1233.369995 4157 128 ) 
4 191 267 (-1233.369995 4096 129 ) (-1233.369995 4096 128 ) (-1169.369995 4096 128 ) (-1169.369995 4096 129 ) 
4 191 198 (-1169.369995 4157 128 ) (-1169.369995 4096 128 ) (-1233.369995 4096 128 ) (-1233.369995 4157 128 ) 
4 191 192 (-1233.369995 4157 128 ) (-1233.369995 4096 128 ) (-1233.369995 4096 129 ) (-1233.369995 4157 129 ) 
4 192 276 (-1590 4096 425 ) (-1920.630005 4096 425 ) (-1920.630005 4096 128 ) (-1590 4096 128 ) 
4 192 273 (-1558 4096 425 ) (-1590 4096 425 ) (-1590 4096 128 ) (-1558 4096 128 ) 
4 192 272 (-1520 4096 425 ) (-1558 4096 425 ) (-1558 4096 128 ) (-1520 4096 128 ) 
4 192 270 (-1239 4096 425 ) (-1520 4096 425 ) (-1520 4096 128 ) (-1239 4096 128 ) 
4 192 269 (-1233.369995 4096 425 ) (-1239 4096 425 ) (-1239 4096 128 ) (-1233.369995 4096 128 ) 
4 192 193 (-1920.630005 4424 425 ) (-1920.630005 4424 136.078003 ) (-1920.630005 4096 136.078003 ) (-1920.630005 4096 425 ) 
4 192 194 (-1920.630005 4424 131.078003 ) (-1920.630005 4424 128 ) (-1920.630005 4096 128 ) (-1920.630005 4096 131.078003 ) 
4 192 198 (-1920.630005 4424 128 ) (-1233.369995 4424 128 ) (-1233.369995 4096 128 ) (-1920.630005 4096 128 ) 
4 193 277 (-1920.630005 4096 425 ) (-2024 4096 425 ) (-2024 4096 136.078003 ) (-1920.630005 4096 136.078003 ) 
4 193 196 (-2024 4264 136.078003 ) (-2024 4096 136.078003 ) (-2024 4096 425 ) (-2024 4264 425 ) 
4 193 195 (-2024 4424 425 ) (-2024 4424 136.078003 ) (-2024 4264 136.078003 ) (-2024 4264 425 ) 
4 194 278 (-2024 4096 131.078003 ) (-2024 4096 128 ) (-1920.630005 4096 128 ) (-1920.630005 4096 131.078003 ) 
4 194 196 (-2024 4264 128 ) (-2024 4096 128 ) (-2024 4096 131.078003 ) (-2024 4264 131.078003 ) 
4 194 198 (-2024 4424 128 ) (-1920.630005 4424 128 ) (-1920.630005 4096 128 ) (-2024 4096 128 ) 
4 195 222 (-2048 4264 425 ) (-2048 4424 425 ) (-2048 4424 133 ) (-2048 4264 133 ) 
4 195 197 (-2024.209961 4264 425 ) (-2048 4264 425 ) (-2048 4264 133 ) (-2024.209961 4264 133 ) 
4 195 196 (-2024 4264 133 ) (-2024 4264 425 ) (-2024.209961 4264 425 ) (-2024.209961 4264 133 ) 
4 196 279 (-2024 4096 425 ) (-2024.209961 4096 425 ) (-2024.209961 4096 128 ) (-2024 4096 128 ) 
4 196 197 (-2024.209961 4264 425 ) (-2024.209961 4264 133 ) (-2024.209961 4096 133 ) (-2024.209961 4096 425 ) 
4 196 198 (-2024.209961 4264 128 ) (-2024 4264 128 ) (-2024 4096 128 ) (-2024.209961 4096 128 ) 
4 197 280 (-2024.209961 4096 425 ) (-2048 4096 425 ) (-2048 4096 133 ) (-2024.209961 4096 133 ) 
4 197 222 (-2048 4096 133 ) (-2048 4096 425 ) (-2048 4264 425 ) (-2048 4264 133 ) 
4 198 281 (-2024.209961 4096 128 ) (-2048 4096 128 ) (-2048 4096 64 ) (-2024.209961 4096 64 ) 
4 198 279 (-2024 4096 128 ) (-2024.209961 4096 128 ) (-2024.209961 4096 64 ) (-2024 4096 64 ) 
4 198 278 (-1920.630005 4096 128 ) (-2024 4096 128 ) (-2024 4096 64 ) (-1920.630005 4096 64 ) 
4 198 276 (-1590 4096 128 ) (-1920.630005 4096 128 ) (-1920.630005 4096 64 ) (-1590 4096 64 ) 
4 198 273 (-1558 4096 128 ) (-1590 4096 128 ) (-1590 4096 64 ) (-1558 4096 64 ) 
4 198 272 (-1520 4096 128 ) (-1558 4096 128 ) (-1558 4096 64 ) (-1520 4096 64 ) 
4 198 270 (-1239 4096 128 ) (-1520 4096 128 ) (-1520 4096 64 ) (-1239 4096 64 ) 
4 198 269 (-1233.369995 4096 128 ) (-1239 4096 128 ) (-1239 4096 64 ) (-1233.369995 4096 64 ) 
4 198 267 (-1169.369995 4096 128 ) (-1233.369995 4096 128 ) (-1233.369995 4096 64 ) (-1169.369995 4096 64 ) 
4 198 266 (-1024 4096 64 ) (-1024 4096 128 ) (-1169.369995 4096 128 ) (-1169.369995 4096 64 ) 
4 198 231 (-2048 4096 64 ) (-2048 4096 128 ) (-2048 4264 128 ) (-2048 4264 64 ) 
4 198 230 (-2048 4264 128 ) (-2048 4424 128 ) (-2048 4424 64 ) (-2048 4264 64 ) 
4 198 229 (-2048 4424 128 ) (-2048 4428 128 ) (-2048 4428 64 ) (-2048 4424 64 ) 
4 198 223 (-2048 4428 128 ) (-2048 4578 128 ) (-2048 4578 64 ) (-2048 4428 64 ) 
4 198 214 (-2048 4578 128 ) (-2048 4584 128 ) (-2048 4584 64 ) (-2048 4578 64 ) 
4 198 208 (-2048 4584 128 ) (-2048 4608 128 ) (-2048 4608 64 ) (-2048 4584 64 ) 
4 198 199 (-1024 4096 64 ) (-2048 4096 64 ) (-2048 4608 64 ) (-1024 4608 64 ) 
4 199 293 (-1024 4096 -128 ) (-1024 4096 -127 ) (-2048 4096 -127 ) (-2048 4096 -128 ) 
4 199 289 (-1558 4096 64 ) (-1590 4096 64 ) (-1590 4096 -127 ) (-1558 4096 -127 ) 
4 199 292 (-1590 4096 64 ) (-2048 4096 64 ) (-2048 4096 -127 ) (-1590 4096 -127 ) 
4 199 287 (-1239 4096 64 ) (-1520 4096 64 ) (-1520 4096 -127 ) (-1239 4096 -127 ) 
4 199 286 (-1024 4096 -127 ) (-1024 4096 64 ) (-1239 4096 64 ) (-1239 4096 -127 ) 
4 199 288 (-1520 4096 64 ) (-1558 4096 64 ) (-1558 4096 -127 ) (-1520 4096 -127 ) 
4 199 232 (-2048 4096 -128 ) (-2048 4096 64 ) (-2048 4608 64 ) (-2048 4608 -128 ) 
4 199 201 (-1024 4096 -128 ) (-2048 4096 -128 ) (-2048 4608 -128 ) (-1024 4608 -128 ) 
4 200 233 (-2048 5080 -128 ) (-2048 5120 -128 ) (-2048 5120 -529 ) (-2048 5080 -529 ) 
4 201 294 (-1024 4096 -529 ) (-1024 4096 -128 ) (-2048 4096 -128 ) (-2048 4096 -529 ) 
4 201 234 (-2048 4096 -529 ) (-2048 4096 -128 ) (-2048 4609 -128 ) (-2048 4609 -529 ) 
4 201 202 (-1024 4096 -529 ) (-2048 4096 -529 ) (-2048 4609 -529 ) (-1024 4609 -529 ) 
4 202 294 (-1024 4096 -1152.239990 ) (-1024 4096 -529 ) (-2048 4096 -529 ) (-2048 4096 -1152.239990 ) 
4 202 236 (-2048 4096 -1152.239990 ) (-2048 4096 -529 ) (-2048 4609 -529 ) (-2048 4609 -1152.239990 ) 
4 203 313 (-3072 4609 955 ) (-3072 4608 955 ) (-3072 4608 5850.240234 ) (-3072 4609 5850.240234 ) 
4 203 207 (-2048 4608 955 ) (-2048 4608 5850.240234 ) (-3072 4608 5850.240234 ) (-3072 4608 955 ) 
4 203 206 (-2238 4608 955 ) (-3072 4608 955 ) (-3072 4609 955 ) (-2238 4609 955 ) 
4 203 205 (-2048 4608 955 ) (-2238 4608 955 ) (-2238 4609 955 ) (-2048 4609 955 ) 
4 204 233 (-2238 5120 -128 ) (-2048 5120 -128 ) (-2048 5080 -128 ) (-2238 5080 -128 ) 
4 205 234 (-2048 4609 -128 ) (-2048 4608 -128 ) (-2238 4608 -128 ) (-2238 4609 -128 ) 
4 205 208 (-2048 4608 64 ) (-2048 4608 128 ) (-2238 4608 128 ) (-2238 4608 64 ) 
4 205 207 (-2048 4608 400 ) (-2048 4608 955 ) (-2238 4608 955 ) (-2238 4608 400 ) 
4 205 232 (-2238 4608 -128 ) (-2048 4608 -128 ) (-2048 4608 64 ) (-2238 4608 64 ) 
4 205 206 (-2238 4609 -128 ) (-2238 4608 -128 ) (-2238 4608 955 ) (-2238 4609 955 ) 
4 206 313 (-3072 4609 -128 ) (-3072 4608 -128 ) (-3072 4608 955 ) (-3072 4609 955 ) 
4 206 235 (-3072 4608 -128 ) (-3072 4609 -128 ) (-2238 4609 -128 ) (-2238 4608 -128 ) 
4 206 208 (-2238 4608 64 ) (-2238 4608 128 ) (-3072 4608 128 ) (-3072 4608 64 ) 
4 206 207 (-2238 4608 400 ) (-2238 4608 955 ) (-3072 4608 955 ) (-3072 4608 400 ) 
4 206 232 (-3072 4608 -128 ) (-2238 4608 -128 ) (-2238 4608 64 ) (-3072 4608 64 ) 
4 207 314 (-3072 4608 5850.240234 ) (-3072 4608 400 ) (-3072 4584 400 ) (-3072 4584 5850.240234 ) 
4 207 209 (-2048 4584 400 ) (-2048 4584 5850.240234 ) (-3072 4584 5850.240234 ) (-3072 4584 400 ) 
4 208 315 (-3072 4608 128 ) (-3072 4608 64 ) (-3072 4584 64 ) (-3072 4584 128 ) 
4 208 221 (-3072 4584 64 ) (-3049.449951 4584 64 ) (-3049.449951 4584 128 ) (-3072 4584 128 ) 
4 208 219 (-3049.449951 4584 64 ) (-2992.729980 4584 64 ) (-2992.729980 4584 128 ) (-3049.449951 4584 128 ) 
4 208 218 (-2992.729980 4584 64 ) (-2907.639893 4584 64 ) (-2907.639893 4584 128 ) (-2992.729980 4584 128 ) 
4 208 217 (-2907.639893 4584 64 ) (-2744.550049 4584 64 ) (-2744.550049 4584 128 ) (-2907.639893 4584 128 ) 
4 208 215 (-2744.550049 4584 64 ) (-2702 4584 64 ) (-2702 4584 128 ) (-2744.550049 4584 128 ) 
4 208 214 (-2702 4584 64 ) (-2048 4584 64 ) (-2048 4584 128 ) (-2702 4584 128 ) 
4 208 232 (-3072 4584 64 ) (-3072 4608 64 ) (-2048 4608 64 ) (-2048 4584 64 ) 
4 209 316 (-3072 4584 5850.240234 ) (-3072 4584 368 ) (-3072 4578 368 ) (-3072 4578 5850.240234 ) 
4 209 222 (-3072 4578 5850.240234 ) (-3072 4578 368 ) (-2048 4578 368 ) (-2048 4578 5850.240234 ) 
4 209 211 (-2907.639893 4578 368 ) (-2992.729980 4578 368 ) (-2992.729980 4584 368 ) (-2907.639893 4584 368 ) 
4 209 210 (-2048 4578 368 ) (-2709.090088 4578 368 ) (-2709.090088 4584 368 ) (-2048 4584 368 ) 
4 210 222 (-2709.090088 4578 344.614990 ) (-2048 4578 344.614990 ) (-2048 4578 368 ) (-2709.090088 4578 368 ) 
4 210 212 (-2048 4578 344.614990 ) (-2709.090088 4578 344.614990 ) (-2709.090088 4584 344.614990 ) (-2048 4584 344.614990 ) 
4 211 222 (-2992.729980 4578 344.614990 ) (-2907.639893 4578 344.614990 ) (-2907.639893 4578 368 ) (-2992.729980 4578 368 ) 
4 211 218 (-2907.639893 4578 344.614990 ) (-2992.729980 4578 344.614990 ) (-2992.729980 4584 344.614990 ) (-2907.639893 4584 344.614990 ) 
4 212 222 (-2048 4578 286.153992 ) (-2048 4578 344.614990 ) (-2865.090088 4578 344.614990 ) (-2865.090088 4578 286.153992 ) 
4 212 213 (-2048 4578 286.153992 ) (-2702 4578 286.153992 ) (-2702 4584 286.153992 ) (-2048 4584 286.153992 ) 
4 213 222 (-2048 4578 268.614990 ) (-2048 4578 286.153992 ) (-2702 4578 286.153992 ) (-2702 4578 268.614990 ) 
4 213 214 (-2048 4578 268.614990 ) (-2702 4578 268.614990 ) (-2702 4584 268.614990 ) (-2048 4584 268.614990 ) 
4 214 224 (-2537.850098 4578 64 ) (-2515.850098 4578 64 ) (-2515.850098 4578 133 ) (-2537.850098 4578 133 ) 
4 214 223 (-2515.850098 4578 64 ) (-2048 4578 64 ) (-2048 4578 133 ) (-2515.850098 4578 133 ) 
4 214 228 (-2702 4578 64 ) (-2537.850098 4578 64 ) (-2537.850098 4578 133 ) (-2702 4578 133 ) 
4 214 222 (-2048 4578 133 ) (-2048 4578 268.614990 ) (-2702 4578 268.614990 ) (-2702 4578 133 ) 
4 214 215 (-2702 4578 64 ) (-2702 4578 216 ) (-2702 4584 216 ) (-2702 4584 64 ) 
4 214 232 (-2702 4584 64 ) (-2048 4584 64 ) (-2048 4578 64 ) (-2702 4578 64 ) 
4 215 228 (-2744.550049 4578 64 ) (-2702 4578 64 ) (-2702 4578 133 ) (-2744.550049 4578 133 ) 
4 215 222 (-2702 4578 133 ) (-2702 4578 216 ) (-2744.550049 4578 216 ) (-2744.550049 4578 133 ) 
4 215 217 (-2744.550049 4578 64 ) (-2744.550049 4578 216 ) (-2744.550049 4584 216 ) (-2744.550049 4584 64 ) 
4 215 232 (-2744.550049 4584 64 ) (-2702 4584 64 ) (-2702 4578 64 ) (-2744.550049 4578 64 ) 
4 216 222 (-2744.550049 4578 230.615005 ) (-2744.550049 4578 268.614990 ) (-2907.639893 4578 268.614990 ) (-2907.639893 4578 230.615005 ) 
4 216 218 (-2907.639893 4578 230.615005 ) (-2907.639893 4578 268.614990 ) (-2907.639893 4584 268.614990 ) (-2907.639893 4584 230.615005 ) 
4 217 228 (-2907.639893 4578 64 ) (-2744.550049 4578 64 ) (-2744.550049 4578 133 ) (-2907.639893 4578 133 ) 
4 217 222 (-2744.550049 4578 133 ) (-2744.550049 4578 216 ) (-2907.639893 4578 216 ) (-2907.639893 4578 133 ) 
4 217 218 (-2907.639893 4578 64 ) (-2907.639893 4578 216 ) (-2907.639893 4584 216 ) (-2907.639893 4584 64 ) 
4 217 232 (-2907.639893 4584 64 ) (-2744.550049 4584 64 ) (-2744.550049 4578 64 ) (-2907.639893 4578 64 ) 
4 218 228 (-2992.729980 4578 64 ) (-2907.639893 4578 64 ) (-2907.639893 4578 133 ) (-2992.729980 4578 133 ) 
4 218 222 (-2907.639893 4578 133 ) (-2907.639893 4578 344.614990 ) (-2992.729980 4578 344.614990 ) (-2992.729980 4578 133 ) 
4 218 219 (-2992.729980 4578 64 ) (-2992.729980 4578 297.846008 ) (-2992.729980 4584 297.846008 ) (-2992.729980 4584 64 ) 
4 218 232 (-2992.729980 4584 64 ) (-2907.639893 4584 64 ) (-2907.639893 4578 64 ) (-2992.729980 4578 64 ) 
4 219 228 (-3049.449951 4578 64 ) (-2992.729980 4578 64 ) (-2992.729980 4578 133 ) (-3049.449951 4578 133 ) 
4 219 222 (-2992.729980 4578 133 ) (-2992.729980 4578 297.846008 ) (-3049.449951 4578 297.846008 ) (-3049.449951 4578 133 ) 
4 219 221 (-3049.449951 4578 64 ) (-3049.449951 4578 297.846008 ) (-3049.449951 4584 297.846008 ) (-3049.449951 4584 64 ) 
4 219 232 (-3049.449951 4584 64 ) (-2992.729980 4584 64 ) (-2992.729980 4578 64 ) (-3049.449951 4578 64 ) 
4 220 317 (-3072 4584 344.614990 ) (-3072 4584 321.230988 ) (-3072 4578 321.230988 ) (-3072 4578 344.614990 ) 
4 220 222 (-3072 4578 344.614990 ) (-3072 4578 321.230988 ) (-3049.449951 4578 321.230988 ) (-3049.449951 4578 344.614990 ) 
4 221 318 (-3072 4584 297.846008 ) (-3072 4584 64 ) (-3072 4578 64 ) (-3072 4578 297.846008 ) 
4 221 228 (-3072 4578 133 ) (-3072 4578 64 ) (-3049.449951 4578 64 ) (-3049.449951 4578 133 ) 
4 221 222 (-3072 4578 297.846008 ) (-3072 4578 133 ) (-3049.449951 4578 133 ) (-3049.449951 4578 297.846008 ) 
4 221 232 (-3072 4578 64 ) (-3072 4584 64 ) (-3049.449951 4584 64 ) (-3049.449951 4578 64 ) 
4 222 338 (-3072 4096 133 ) (-3072 4096 5850.240234 ) (-3072 4578 5850.240234 ) (-3072 4578 133 ) 
4 222 295 (-2048 4096 133 ) (-2048 4096 5850.240234 ) (-3072 4096 5850.240234 ) (-3072 4096 133 ) 
4 222 225 (-2515.850098 4469 133 ) (-2515.850098 4448 133 ) (-2537.850098 4448 133 ) (-2537.850098 4469 133 ) 
4 222 224 (-2537.850098 4578 133 ) (-2515.850098 4578 133 ) (-2515.850098 4469 133 ) (-2537.850098 4469 133 ) 
4 222 227 (-2515.850098 4448 133 ) (-2515.850098 4428 133 ) (-2537.850098 4428 133 ) (-2537.850098 4448 133 ) 
4 222 223 (-2515.850098 4578 133 ) (-2048 4578 133 ) (-2048 4428 133 ) (-2515.850098 4428 133 ) 
4 222 228 (-3072 4428 133 ) (-3072 4578 133 ) (-2537.850098 4578 133 ) (-2537.850098 4428 133 ) 
4 223 229 (-2515.850098 4428 64 ) (-2048 4428 64 ) (-2048 4428 128 ) (-2515.850098 4428 128 ) 
4 223 226 (-2515.850098 4469 121.866997 ) (-2515.850098 4469 64 ) (-2515.850098 4448 64 ) (-2515.850098 4448 121.866997 ) 
4 223 224 (-2515.850098 4469 133 ) (-2515.850098 4578 133 ) (-2515.850098 4578 64 ) (-2515.850098 4469 64 ) 
4 223 227 (-2515.850098 4428 64 ) (-2515.850098 4428 133 ) (-2515.850098 4448 133 ) (-2515.850098 4448 64 ) 
4 223 232 (-2515.850098 4578 64 ) (-2048 4578 64 ) (-2048 4428 64 ) (-2515.850098 4428 64 ) 
4 224 226 (-2537.850098 4469 121.866997 ) (-2537.850098 4469 64 ) (-2515.850098 4469 64 ) (-2515.850098 4469 121.866997 ) 
4 224 228 (-2537.850098 4469 133 ) (-2537.850098 4578 133 ) (-2537.850098 4578 64 ) (-2537.850098 4469 64 ) 
4 224 232 (-2537.850098 4578 64 ) (-2515.850098 4578 64 ) (-2515.850098 4469 64 ) (-2537.850098 4469 64 ) 
4 226 232 (-2515.850098 4469 64 ) (-2515.850098 4448 64 ) (-2537.850098 4448 64 ) (-2537.850098 4469 64 ) 
4 226 228 (-2537.850098 4469 121.866997 ) (-2537.850098 4469 64 ) (-2537.850098 4448 64 ) (-2537.850098 4448 121.866997 ) 
4 226 227 (-2537.850098 4448 121.866997 ) (-2537.850098 4448 64 ) (-2515.850098 4448 64 ) (-2515.850098 4448 121.866997 ) 
4 227 229 (-2537.850098 4428 64 ) (-2515.850098 4428 64 ) (-2515.850098 4428 128 ) (-2537.850098 4428 128 ) 
4 227 232 (-2515.850098 4448 64 ) (-2515.850098 4428 64 ) (-2537.850098 4428 64 ) (-2537.850098 4448 64 ) 
4 227 228 (-2537.850098 4428 64 ) (-2537.850098 4428 133 ) (-2537.850098 4448 133 ) (-2537.850098 4448 64 ) 
4 228 339 (-3072 4428 133 ) (-3072 4578 133 ) (-3072 4578 128 ) (-3072 4428 128 ) 
4 228 340 (-3072 4578 128 ) (-3072 4578 64 ) (-3072 4428 64 ) (-3072 4428 128 ) 
4 228 229 (-3072 4428 64 ) (-2537.850098 4428 64 ) (-2537.850098 4428 128 ) (-3072 4428 128 ) 
4 228 232 (-3072 4428 64 ) (-3072 4578 64 ) (-2537.850098 4578 64 ) (-2537.850098 4428 64 ) 
4 229 340 (-3072 4428 128 ) (-3072 4428 64 ) (-3072 4424 64 ) (-3072 4424 128 ) 
4 229 230 (-3072 4424 64 ) (-2048 4424 64 ) (-2048 4424 128 ) (-3072 4424 128 ) 
4 229 232 (-3072 4424 64 ) (-3072 4428 64 ) (-2048 4428 64 ) (-2048 4424 64 ) 
4 230 340 (-3072 4424 128 ) (-3072 4424 64 ) (-3072 4264 64 ) (-3072 4264 128 ) 
4 230 231 (-3072 4264 64 ) (-2048 4264 64 ) (-2048 4264 128 ) (-3072 4264 128 ) 
4 230 232 (-3072 4264 64 ) (-3072 4424 64 ) (-2048 4424 64 ) (-2048 4264 64 ) 
4 231 340 (-3072 4096 64 ) (-3072 4096 128 ) (-3072 4264 128 ) (-3072 4264 64 ) 
4 231 296 (-2048 4096 64 ) (-2048 4096 128 ) (-3072 4096 128 ) (-3072 4096 64 ) 
4 231 232 (-3072 4096 64 ) (-3072 4264 64 ) (-2048 4264 64 ) (-2048 4096 64 ) 
4 232 341 (-3072 4608 -128 ) (-3072 4096 -128 ) (-3072 4096 64 ) (-3072 4608 64 ) 
4 232 299 (-2048 4096 -128 ) (-2048 4096 64 ) (-3072 4096 64 ) (-3072 4096 -128 ) 
4 232 235 (-3072 4096 -128 ) (-3072 4608 -128 ) (-2238 4608 -128 ) (-2238 4096 -128 ) 
4 232 234 (-2238 4608 -128 ) (-2048 4608 -128 ) (-2048 4096 -128 ) (-2238 4096 -128 ) 
4 234 301 (-2048 4096 -529 ) (-2048 4096 -128 ) (-2238 4096 -128 ) (-2238 4096 -529 ) 
4 234 236 (-2048 4096 -529 ) (-2238 4096 -529 ) (-2238 4609 -529 ) (-2048 4609 -529 ) 
4 234 235 (-2238 4609 -529 ) (-2238 4096 -529 ) (-2238 4096 -128 ) (-2238 4609 -128 ) 
4 235 342 (-3072 4608 -529 ) (-3072 4096 -529 ) (-3072 4096 -128 ) (-3072 4608 -128 ) 
4 235 313 (-3072 4609 -529 ) (-3072 4608 -529 ) (-3072 4608 -128 ) (-3072 4609 -128 ) 
4 235 301 (-2238 4096 -128 ) (-3072 4096 -128 ) (-3072 4096 -529 ) (-2238 4096 -529 ) 
4 235 236 (-2238 4096 -529 ) (-3072 4096 -529 ) (-3072 4609 -529 ) (-2238 4609 -529 ) 
4 236 342 (-3072 4608 -1152.239990 ) (-3072 4096 -1152.239990 ) (-3072 4096 -529 ) (-3072 4608 -529 ) 
4 236 313 (-3072 4609 -1152.239990 ) (-3072 4608 -1152.239990 ) (-3072 4608 -529 ) (-3072 4609 -529 ) 
4 236 301 (-2048 4096 -1152.239990 ) (-2048 4096 -529 ) (-3072 4096 -529 ) (-3072 4096 -1152.239990 ) 
4 237 261 (-1024 4096 5850.240234 ) (-1024 4096 449 ) (-1024 3072 449 ) (-1024 3072 5850.240234 ) 
4 237 258 (0 3072 449 ) (0 3072 5850.240234 ) (-1024 3072 5850.240234 ) (-1024 3072 449 ) 
4 237 239 (-1024 3072 449 ) (-1024 3709 449 ) (-168 3709 449 ) (-168 3072 449 ) 
4 237 238 (-168 4096 449 ) (0 4096 449 ) (0 3072 449 ) (-168 3072 449 ) 
4 238 258 (0 3072 425 ) (0 3072 449 ) (-168 3072 449 ) (-168 3072 425 ) 
4 238 240 (0 3072 425 ) (-168 3072 425 ) (-168 4096 425 ) (0 4096 425 ) 
4 238 239 (-168 3709 425 ) (-168 3072 425 ) (-168 3072 449 ) (-168 3709 449 ) 
4 239 262 (-1024 3709 425 ) (-1024 3072 425 ) (-1024 3072 449 ) (-1024 3709 449 ) 
4 239 258 (-168 3072 449 ) (-1024 3072 449 ) (-1024 3072 425 ) (-168 3072 425 ) 
4 239 254 (-396 3072 425 ) (-1024 3072 425 ) (-1024 3709 425 ) (-396 3709 425 ) 
4 239 252 (-232 3072 425 ) (-396 3072 425 ) (-396 3709 425 ) (-232 3709 425 ) 
4 239 242 (-168 3072 425 ) (-232 3072 425 ) (-232 3709 425 ) (-168 3709 425 ) 
4 240 258 (0 3072 64 ) (0 3072 425 ) (-168 3072 425 ) (-168 3072 64 ) 
4 240 256 (0 3584 64 ) (0 3072 64 ) (-168 3072 64 ) (-168 3584 64 ) 
4 240 255 (-168 4096 64 ) (0 4096 64 ) (0 3584 64 ) (-168 3584 64 ) 
4 240 241 (-168 4096 64 ) (-168 3709 64 ) (-168 3709 129 ) (-168 4096 129 ) 
4 240 242 (-168 3709 64 ) (-168 3072 64 ) (-168 3072 425 ) (-168 3709 425 ) 
4 241 255 (-232 4096 64 ) (-168 4096 64 ) (-168 3709 64 ) (-232 3709 64 ) 
4 241 251 (-232 3773 64 ) (-232 3709 64 ) (-232 3709 129 ) (-232 3773 129 ) 
4 241 244 (-232 4093 64 ) (-232 3773 64 ) (-232 3773 129 ) (-232 4093 129 ) 
4 241 243 (-232 4096 64 ) (-232 4093 64 ) (-232 4093 129 ) (-232 4096 129 ) 
4 241 242 (-232 3709 129 ) (-232 3709 64 ) (-168 3709 64 ) (-168 3709 129 ) 
4 242 258 (-168 3072 425 ) (-232 3072 425 ) (-232 3072 64 ) (-168 3072 64 ) 
4 242 256 (-168 3584 64 ) (-168 3072 64 ) (-232 3072 64 ) (-232 3584 64 ) 
4 242 255 (-168 3709 64 ) (-168 3584 64 ) (-232 3584 64 ) (-232 3709 64 ) 
4 242 252 (-232 3709 64 ) (-232 3072 64 ) (-232 3072 425 ) (-232 3709 425 ) 
4 243 266 (-1024 4096 129 ) (-1024 4096 64 ) (-1024 4093 64 ) (-1024 4093 129 ) 
4 243 255 (-1024 4093 64 ) (-1024 4096 64 ) (-232 4096 64 ) (-232 4093 64 ) 
4 243 245 (-1013.369995 4093 64 ) (-885.366028 4093 64 ) (-885.366028 4093 129 ) (-1013.369995 4093 129 ) 
4 243 244 (-885.366028 4093 64 ) (-232 4093 64 ) (-232 4093 129 ) (-885.366028 4093 129 ) 
4 243 250 (-1024 4093 64 ) (-1013.369995 4093 64 ) (-1013.369995 4093 129 ) (-1024 4093 129 ) 
4 244 255 (-885.366028 4093 64 ) (-232 4093 64 ) (-232 3773 64 ) (-885.366028 3773 64 ) 
4 244 253 (-885.366028 3773 64 ) (-396 3773 64 ) (-396 3773 129 ) (-885.366028 3773 129 ) 
4 244 251 (-396 3773 64 ) (-232 3773 64 ) (-232 3773 337 ) (-396 3773 337 ) 
4 244 247 (-885.366028 3904.719971 99 ) (-885.366028 3904.719971 133 ) (-885.366028 4032.719971 133 ) (-885.366028 4032.719971 99 ) 
4 244 246 (-885.366028 3904.719971 133 ) (-885.366028 3904.719971 425 ) (-885.366028 4032.719971 425 ) (-885.366028 4032.719971 133 ) 
4 244 248 (-885.366028 4032.719971 64 ) (-885.366028 3904.719971 64 ) (-885.366028 3904.719971 99 ) (-885.366028 4032.719971 99 ) 
4 244 245 (-885.366028 4093 425 ) (-885.366028 4093 64 ) (-885.366028 4032.719971 64 ) (-885.366028 4032.719971 425 ) 
4 244 249 (-885.366028 3904.719971 64 ) (-885.366028 3773 64 ) (-885.366028 3773 425 ) (-885.366028 3904.719971 425 ) 
4 245 255 (-1013.369995 4093 64 ) (-885.366028 4093 64 ) (-885.366028 4032.719971 64 ) (-1013.369995 4032.719971 64 ) 
4 245 247 (-1013.369995 4032.719971 133 ) (-1013.369995 4032.719971 99 ) (-885.366028 4032.719971 99 ) (-885.366028 4032.719971 133 ) 
4 245 246 (-1013.369995 4032.719971 425 ) (-1013.369995 4032.719971 133 ) (-885.366028 4032.719971 133 ) (-885.366028 4032.719971 425 ) 
4 245 248 (-1013.369995 4032.719971 99 ) (-1013.369995 4032.719971 64 ) (-885.366028 4032.719971 64 ) (-885.366028 4032.719971 99 ) 
4 245 250 (-1013.369995 4093 425 ) (-1013.369995 4093 64 ) (-1013.369995 4032.719971 64 ) (-1013.369995 4032.719971 425 ) 
4 246 249 (-1013.369995 3904.719971 425 ) (-1013.369995 3904.719971 133 ) (-885.366028 3904.719971 133 ) (-885.366028 3904.719971 425 ) 
4 246 250 (-1013.369995 3904.719971 133 ) (-1013.369995 3904.719971 425 ) (-1013.369995 4032.719971 425 ) (-1013.369995 4032.719971 133 ) 
4 246 247 (-885.366028 3904.719971 133 ) (-1013.369995 3904.719971 133 ) (-1013.369995 4032.719971 133 ) (-885.366028 4032.719971 133 ) 
4 247 248 (-885.366028 3904.719971 99 ) (-1013.369995 3904.719971 99 ) (-1013.369995 4032.719971 99 ) (-885.366028 4032.719971 99 ) 
4 247 249 (-1013.369995 3904.719971 133 ) (-1013.369995 3904.719971 99 ) (-885.366028 3904.719971 99 ) (-885.366028 3904.719971 133 ) 
4 247 250 (-1013.369995 3904.719971 99 ) (-1013.369995 3904.719971 133 ) (-1013.369995 4032.719971 133 ) (-1013.369995 4032.719971 99 ) 
4 248 255 (-885.366028 4032.719971 64 ) (-885.366028 3904.719971 64 ) (-1013.369995 3904.719971 64 ) (-1013.369995 4032.719971 64 ) 
4 248 250 (-1013.369995 4032.719971 64 ) (-1013.369995 3904.719971 64 ) (-1013.369995 3904.719971 99 ) (-1013.369995 4032.719971 99 ) 
4 248 249 (-1013.369995 3904.719971 99 ) (-1013.369995 3904.719971 64 ) (-885.366028 3904.719971 64 ) (-885.366028 3904.719971 99 ) 
4 249 255 (-885.366028 3904.719971 64 ) (-885.366028 3773 64 ) (-1013.369995 3773 64 ) (-1013.369995 3904.719971 64 ) 
4 249 253 (-1013.369995 3773 64 ) (-885.366028 3773 64 ) (-885.366028 3773 129 ) (-1013.369995 3773 129 ) 
4 249 250 (-1013.369995 3904.719971 64 ) (-1013.369995 3773 64 ) (-1013.369995 3773 425 ) (-1013.369995 3904.719971 425 ) 
4 250 264 (-1024 3773 129 ) (-1024 3773 425 ) (-1024 4093 425 ) (-1024 4093 129 ) 
4 250 266 (-1024 4093 64 ) (-1024 3773 64 ) (-1024 3773 129 ) (-1024 4093 129 ) 
4 250 255 (-1024 3773 64 ) (-1024 4093 64 ) (-1013.369995 4093 64 ) (-1013.369995 3773 64 ) 
4 250 253 (-1024 3773 64 ) (-1013.369995 3773 64 ) (-1013.369995 3773 129 ) (-1024 3773 129 ) 
4 251 255 (-396 3773 64 ) (-232 3773 64 ) (-232 3709 64 ) (-396 3709 64 ) 
4 251 253 (-396 3773 129 ) (-396 3773 64 ) (-396 3709 64 ) (-396 3709 129 ) 
4 251 252 (-396 3709 337 ) (-396 3709 64 ) (-232 3709 64 ) (-232 3709 337 ) 
4 252 258 (-232 3072 425 ) (-396 3072 425 ) (-396 3072 64 ) (-232 3072 64 ) 
4 252 256 (-232 3584 64 ) (-232 3072 64 ) (-396 3072 64 ) (-396 3584 64 ) 
4 252 255 (-232 3709 64 ) (-232 3584 64 ) (-396 3584 64 ) (-396 3709 64 ) 
4 252 254 (-396 3709 64 ) (-396 3072 64 ) (-396 3072 425 ) (-396 3709 425 ) 
4 253 266 (-1024 3773 64 ) (-1024 3709 64 ) (-1024 3709 129 ) (-1024 3773 129 ) 
4 253 255 (-1024 3709 64 ) (-1024 3773 64 ) (-396 3773 64 ) (-396 3709 64 ) 
4 253 254 (-1024 3709 64 ) (-396 3709 64 ) (-396 3709 129 ) (-1024 3709 129 ) 
4 254 265 (-1024 3072 129 ) (-1024 3072 425 ) (-1024 3709 425 ) (-1024 3709 129 ) 
4 254 266 (-1024 3709 64 ) (-1024 3072 64 ) (-1024 3072 129 ) (-1024 3709 129 ) 
4 254 258 (-396 3072 425 ) (-1024 3072 425 ) (-1024 3072 64 ) (-396 3072 64 ) 
4 254 256 (-1024 3072 64 ) (-1024 3584 64 ) (-396 3584 64 ) (-396 3072 64 ) 
4 254 255 (-1024 3584 64 ) (-1024 3709 64 ) (-396 3709 64 ) (-396 3584 64 ) 
4 255 293 (-1024 4096 -127 ) (-1024 4096 -128 ) (-1024 3584 -128 ) (-1024 3584 -127 ) 
4 255 286 (-1024 4096 64 ) (-1024 4096 -127 ) (-1024 3584 -127 ) (-1024 3584 64 ) 
4 255 257 (-1024 3584 -128 ) (-1024 4096 -128 ) (0 4096 -128 ) (0 3584 -128 ) 
4 255 256 (0 3584 -127 ) (0 3584 64 ) (-1024 3584 64 ) (-1024 3584 -127 ) 
4 256 286 (-1024 3072 -127 ) (-1024 3072 64 ) (-1024 3584 64 ) (-1024 3584 -127 ) 
4 256 259 (0 3072 -127 ) (0 3072 64 ) (-1024 3072 64 ) (-1024 3072 -127 ) 
4 257 294 (-1024 4096 -128 ) (-1024 4096 -1152.239990 ) (-1024 3072 -1152.239990 ) (-1024 3072 -128 ) 
4 257 260 (0 3072 -1152.239990 ) (0 3072 -128 ) (-1024 3072 -128 ) (-1024 3072 -1152.239990 ) 
4 258 580 (0 2048 64 ) (0 2048 5850.240234 ) (-1024 2048 5850.240234 ) (-1024 2048 64 ) 
4 258 302 (-1024 2048 64 ) (-1024 2048 5850.240234 ) (-1024 3072 5850.240234 ) (-1024 3072 64 ) 
4 258 259 (0 2048 64 ) (-1024 2048 64 ) (-1024 3072 64 ) (0 3072 64 ) 
4 259 581 (0 2048 -127 ) (0 2048 64 ) (-1024 2048 64 ) (-1024 2048 -127 ) 
4 259 306 (-1024 2048 -127 ) (-1024 2048 64 ) (-1024 3072 64 ) (-1024 3072 -127 ) 
4 260 582 (0 2048 -1152.239990 ) (0 2048 -128 ) (-1024 2048 -128 ) (-1024 2048 -1152.239990 ) 
4 260 309 (-1024 2048 -1152.239990 ) (-1024 2048 -128 ) (-1024 3072 -128 ) (-1024 3072 -1152.239990 ) 
4 261 303 (-1239 3072 5850.240234 ) (-1520 3072 5850.240234 ) (-1520 3072 449 ) (-1239 3072 449 ) 
4 261 302 (-1024 3072 449 ) (-1024 3072 5850.240234 ) (-1239 3072 5850.240234 ) (-1239 3072 449 ) 
4 261 305 (-1520 3072 5850.240234 ) (-2048 3072 5850.240234 ) (-2048 3072 449 ) (-1520 3072 449 ) 
4 261 295 (-2048 4096 5850.240234 ) (-2048 4096 449 ) (-2048 3072 449 ) (-2048 3072 5850.240234 ) 
4 261 262 (-1024 3072 449 ) (-1233.369995 3072 449 ) (-1233.369995 3709 449 ) (-1024 3709 449 ) 
4 261 263 (-1233.369995 3072 449 ) (-2048 3072 449 ) (-2048 4096 449 ) (-1233.369995 4096 449 ) 
4 262 302 (-1024 3072 425 ) (-1024 3072 449 ) (-1233.369995 3072 449 ) (-1233.369995 3072 425 ) 
4 262 268 (-1169.369995 3072 425 ) (-1233.369995 3072 425 ) (-1233.369995 3709 425 ) (-1169.369995 3709 425 ) 
4 262 265 (-1024 3709 425 ) (-1024 3072 425 ) (-1169.369995 3072 425 ) (-1169.369995 3709 425 ) 
4 262 263 (-1233.369995 3709 425 ) (-1233.369995 3072 425 ) (-1233.369995 3072 449 ) (-1233.369995 3709 449 ) 
4 263 303 (-1239 3072 449 ) (-1520 3072 449 ) (-1520 3072 425 ) (-1239 3072 425 ) 
4 263 302 (-1233.369995 3072 449 ) (-1239 3072 449 ) (-1239 3072 425 ) (-1233.369995 3072 425 ) 
4 263 305 (-1520 3072 449 ) (-2048 3072 449 ) (-2048 3072 425 ) (-1520 3072 425 ) 
4 263 295 (-2048 4096 449 ) (-2048 4096 425 ) (-2048 3072 425 ) (-2048 3072 449 ) 
4 263 283 (-2048 3968 425 ) (-2048 3972 425 ) (-1920 3972 425 ) (-1920 3968 425 ) 
4 263 285 (-2048 3072 425 ) (-2048 3968 425 ) (-1920 3968 425 ) (-1920 3072 425 ) 
4 263 282 (-1920 3972 425 ) (-1590 3972 425 ) (-1590 3072 425 ) (-1920 3072 425 ) 
4 263 280 (-2048 3972 425 ) (-2048 4096 425 ) (-2024.209961 4096 425 ) (-2024.209961 3972 425 ) 
4 263 279 (-2024.209961 4096 425 ) (-2024 4096 425 ) (-2024 3972 425 ) (-2024.209961 3972 425 ) 
4 263 277 (-2024 4096 425 ) (-1920.630005 4096 425 ) (-1920.630005 3972 425 ) (-2024 3972 425 ) 
4 263 276 (-1920.630005 4096 425 ) (-1590 4096 425 ) (-1590 3972 425 ) (-1920.630005 3972 425 ) 
4 263 274 (-1558 4073.850098 425 ) (-1558 4041.850098 425 ) (-1590 4041.850098 425 ) (-1590 4073.850098 425 ) 
4 263 273 (-1590 4096 425 ) (-1558 4096 425 ) (-1558 4073.850098 425 ) (-1590 4073.850098 425 ) 
4 263 275 (-1558 4041.850098 425 ) (-1558 3072 425 ) (-1590 3072 425 ) (-1590 4041.850098 425 ) 
4 263 272 (-1558 4096 425 ) (-1520 4096 425 ) (-1520 3072 425 ) (-1558 3072 425 ) 
4 263 271 (-1239 3588 425 ) (-1239 3072 425 ) (-1520 3072 425 ) (-1520 3588 425 ) 
4 263 270 (-1520 4096 425 ) (-1239 4096 425 ) (-1239 3588 425 ) (-1520 3588 425 ) 
4 263 269 (-1239 4096 425 ) (-1233.369995 4096 425 ) (-1233.369995 3072 425 ) (-1239 3072 425 ) 
4 264 266 (-1169.369995 3773 129 ) (-1169.369995 4093 129 ) (-1024 4093 129 ) (-1024 3773 129 ) 
4 265 302 (-1024 3072 129 ) (-1024 3072 425 ) (-1169.369995 3072 425 ) (-1169.369995 3072 129 ) 
4 265 268 (-1169.369995 3072 129 ) (-1169.369995 3072 425 ) (-1169.369995 3709 425 ) (-1169.369995 3709 129 ) 
4 265 266 (-1169.369995 3072 129 ) (-1169.369995 3709 129 ) (-1024 3709 129 ) (-1024 3072 129 ) 
4 266 302 (-1024 3072 64 ) (-1024 3072 129 ) (-1169.369995 3072 129 ) (-1169.369995 3072 64 ) 
4 266 286 (-1024 3072 64 ) (-1169.369995 3072 64 ) (-1169.369995 4096 64 ) (-1024 4096 64 ) 
4 266 267 (-1169.369995 4096 64 ) (-1169.369995 3709 64 ) (-1169.369995 3709 129 ) (-1169.369995 4096 129 ) 
4 266 268 (-1169.369995 3709 64 ) (-1169.369995 3072 64 ) (-1169.369995 3072 129 ) (-1169.369995 3709 129 ) 
4 267 286 (-1233.369995 3709 64 ) (-1233.369995 4096 64 ) (-1169.369995 4096 64 ) (-1169.369995 3709 64 ) 
4 267 269 (-1233.369995 4096 64 ) (-1233.369995 3709 64 ) (-1233.369995 3709 129 ) (-1233.369995 4096 129 ) 
4 267 268 (-1233.369995 3709 129 ) (-1233.369995 3709 64 ) (-1169.369995 3709 64 ) (-1169.369995 3709 129 ) 
4 268 302 (-1169.369995 3072 425 ) (-1233.369995 3072 425 ) (-1233.369995 3072 64 ) (-1169.369995 3072 64 ) 
4 268 286 (-1169.369995 3072 64 ) (-1233.369995 3072 64 ) (-1233.369995 3709 64 ) (-1169.369995 3709 64 ) 
4 268 269 (-1233.369995 3709 64 ) (-1233.369995 3072 64 ) (-1233.369995 3072 425 ) (-1233.369995 3709 425 ) 
4 269 302 (-1233.369995 3072 425 ) (-1239 3072 425 ) (-1239 3072 64 ) (-1233.369995 3072 64 ) 
4 269 286 (-1233.369995 3072 64 ) (-1239 3072 64 ) (-1239 4096 64 ) (-1233.369995 4096 64 ) 
4 269 271 (-1239 3072 115 ) (-1239 3072 425 ) (-1239 3588 425 ) (-1239 3588 115 ) 
4 269 270 (-1239 4096 64 ) (-1239 3588 64 ) (-1239 3588 425 ) (-1239 4096 425 ) 
4 270 287 (-1520 3588 64 ) (-1520 4096 64 ) (-1239 4096 64 ) (-1239 3588 64 ) 
4 270 272 (-1520 4096 64 ) (-1520 3588 64 ) (-1520 3588 425 ) (-1520 4096 425 ) 
4 270 271 (-1520 3588 425 ) (-1520 3588 115 ) (-1239 3588 115 ) (-1239 3588 425 ) 
4 271 303 (-1239 3072 425 ) (-1520 3072 425 ) (-1520 3072 115 ) (-1239 3072 115 ) 
4 271 272 (-1520 3072 115 ) (-1520 3072 425 ) (-1520 3588 425 ) (-1520 3588 115 ) 
4 272 305 (-1520 3072 425 ) (-1558 3072 425 ) (-1558 3072 64 ) (-1520 3072 64 ) 
4 272 288 (-1520 3072 64 ) (-1558 3072 64 ) (-1558 4096 64 ) (-1520 4096 64 ) 
4 272 274 (-1558 4041.850098 222 ) (-1558 4041.850098 425 ) (-1558 4073.850098 425 ) (-1558 4073.850098 222 ) 
4 272 273 (-1558 4096 64 ) (-1558 4073.850098 64 ) (-1558 4073.850098 425 ) (-1558 4096 425 ) 
4 272 275 (-1558 4041.850098 64 ) (-1558 3072 64 ) (-1558 3072 425 ) (-1558 4041.850098 425 ) 
4 273 289 (-1590 4073.850098 64 ) (-1590 4096 64 ) (-1558 4096 64 ) (-1558 4073.850098 64 ) 
4 273 276 (-1590 4096 64 ) (-1590 4073.850098 64 ) (-1590 4073.850098 425 ) (-1590 4096 425 ) 
4 273 274 (-1590 4073.850098 425 ) (-1590 4073.850098 222 ) (-1558 4073.850098 222 ) (-1558 4073.850098 425 ) 
4 274 276 (-1590 4041.850098 222 ) (-1590 4041.850098 425 ) (-1590 4073.850098 425 ) (-1590 4073.850098 222 ) 
4 274 275 (-1590 4041.850098 425 ) (-1590 4041.850098 222 ) (-1558 4041.850098 222 ) (-1558 4041.850098 425 ) 
4 275 305 (-1558 3072 425 ) (-1590 3072 425 ) (-1590 3072 64 ) (-1558 3072 64 ) 
4 275 291 (-1558 3072 64 ) (-1590 3072 64 ) (-1590 4041.850098 64 ) (-1558 4041.850098 64 ) 
4 275 282 (-1590 3972 64 ) (-1590 3072 64 ) (-1590 3072 425 ) (-1590 3972 425 ) 
4 275 276 (-1590 4041.850098 64 ) (-1590 3972 64 ) (-1590 3972 425 ) (-1590 4041.850098 425 ) 
4 276 292 (-1920.630005 4096 64 ) (-1590 4096 64 ) (-1590 3972 64 ) (-1920.630005 3972 64 ) 
4 276 283 (-1920 3972 133 ) (-1920 3972 425 ) (-1920.630005 3972 425 ) (-1920.630005 3972 133 ) 
4 276 284 (-1920.630005 3972 64 ) (-1920 3972 64 ) (-1920 3972 128 ) (-1920.630005 3972 128 ) 
4 276 282 (-1920 3972 64 ) (-1590 3972 64 ) (-1590 3972 425 ) (-1920 3972 425 ) 
4 276 277 (-1920.630005 3972 136.078003 ) (-1920.630005 3972 425 ) (-1920.630005 4096 425 ) (-1920.630005 4096 136.078003 ) 
4 276 278 (-1920.630005 4096 64 ) (-1920.630005 3972 64 ) (-1920.630005 3972 131.078003 ) (-1920.630005 4096 131.078003 ) 
4 277 283 (-1920.630005 3972 136.078003 ) (-1920.630005 3972 425 ) (-2024 3972 425 ) (-2024 3972 136.078003 ) 
4 277 279 (-2024 3972 136.078003 ) (-2024 3972 425 ) (-2024 4096 425 ) (-2024 4096 136.078003 ) 
4 278 292 (-2024 4096 64 ) (-1920.630005 4096 64 ) (-1920.630005 3972 64 ) (-2024 3972 64 ) 
4 278 284 (-2024 3972 64 ) (-1920.630005 3972 64 ) (-1920.630005 3972 128 ) (-2024 3972 128 ) 
4 278 279 (-2024 4096 64 ) (-2024 3972 64 ) (-2024 3972 131.078003 ) (-2024 4096 131.078003 ) 
4 279 292 (-2024.209961 4096 64 ) (-2024 4096 64 ) (-2024 3972 64 ) (-2024.209961 3972 64 ) 
4 279 283 (-2024 3972 133 ) (-2024 3972 425 ) (-2024.209961 3972 425 ) (-2024.209961 3972 133 ) 
4 279 284 (-2024.209961 3972 64 ) (-2024 3972 64 ) (-2024 3972 128 ) (-2024.209961 3972 128 ) 
4 279 280 (-2024.209961 3972 133 ) (-2024.209961 3972 425 ) (-2024.209961 4096 425 ) (-2024.209961 4096 133 ) 
4 279 281 (-2024.209961 4096 64 ) (-2024.209961 3972 64 ) (-2024.209961 3972 128 ) (-2024.209961 4096 128 ) 
4 280 295 (-2048 4096 425 ) (-2048 4096 133 ) (-2048 3972 133 ) (-2048 3972 425 ) 
4 280 283 (-2024.209961 3972 133 ) (-2024.209961 3972 425 ) (-2048 3972 425 ) (-2048 3972 133 ) 
4 281 296 (-2048 4096 128 ) (-2048 4096 64 ) (-2048 3972 64 ) (-2048 3972 128 ) 
4 281 292 (-2048 3972 64 ) (-2048 4096 64 ) (-2024.209961 4096 64 ) (-2024.209961 3972 64 ) 
4 281 284 (-2048 3972 64 ) (-2024.209961 3972 64 ) (-2024.209961 3972 128 ) (-2048 3972 128 ) 
4 282 305 (-1590 3072 425 ) (-1920 3072 425 ) (-1920 3072 64 ) (-1590 3072 64 ) 
4 282 292 (-1590 3072 64 ) (-1920 3072 64 ) (-1920 3972 64 ) (-1590 3972 64 ) 
4 282 283 (-1920 3972 425 ) (-1920 3972 133 ) (-1920 3968 133 ) (-1920 3968 425 ) 
4 282 284 (-1920 3972 128 ) (-1920 3972 64 ) (-1920 3968 64 ) (-1920 3968 128 ) 
4 282 285 (-1920 3968 64 ) (-1920 3072 64 ) (-1920 3072 425 ) (-1920 3968 425 ) 
4 283 295 (-2048 3968 133 ) (-2048 3968 425 ) (-2048 3972 425 ) (-2048 3972 133 ) 
4 283 285 (-1920 3968 133 ) (-1920 3968 425 ) (-2048 3968 425 ) (-2048 3968 133 ) 
4 284 297 (-2048 3972 64 ) (-2048 3968 64 ) (-2048 3968 128 ) (-2048 3972 128 ) 
4 284 292 (-2048 3968 64 ) (-2048 3972 64 ) (-1920 3972 64 ) (-1920 3968 64 ) 
4 284 285 (-2048 3968 64 ) (-1920 3968 64 ) (-1920 3968 128 ) (-2048 3968 128 ) 
4 285 305 (-1920 3072 425 ) (-2048 3072 425 ) (-2048 3072 64 ) (-1920 3072 64 ) 
4 285 298 (-2048 3968 64 ) (-2048 3072 64 ) (-2048 3072 133 ) (-2048 3968 133 ) 
4 285 295 (-2048 3072 133 ) (-2048 3072 425 ) (-2048 3968 425 ) (-2048 3968 133 ) 
4 285 292 (-1920 3072 64 ) (-2048 3072 64 ) (-2048 3968 64 ) (-1920 3968 64 ) 
4 286 306 (-1024 3072 -127 ) (-1024 3072 64 ) (-1239 3072 64 ) (-1239 3072 -127 ) 
4 286 293 (-1239 3584 -127 ) (-1239 4096 -127 ) (-1024 4096 -127 ) (-1024 3584 -127 ) 
4 286 287 (-1239 4096 -127 ) (-1239 3588 -127 ) (-1239 3588 64 ) (-1239 4096 64 ) 
4 287 293 (-1520 3588 -127 ) (-1520 4096 -127 ) (-1239 4096 -127 ) (-1239 3588 -127 ) 
4 287 288 (-1520 4096 -127 ) (-1520 3588 -127 ) (-1520 3588 64 ) (-1520 4096 64 ) 
4 288 308 (-1520 3072 64 ) (-1558 3072 64 ) (-1558 3072 -127 ) (-1520 3072 -127 ) 
4 288 293 (-1558 3584 -127 ) (-1558 4096 -127 ) (-1520 4096 -127 ) (-1520 3584 -127 ) 
4 288 290 (-1558 4073.850098 -127 ) (-1558 4041.850098 -127 ) (-1558 4041.850098 30 ) (-1558 4073.850098 30 ) 
4 288 289 (-1558 4096 -127 ) (-1558 4073.850098 -127 ) (-1558 4073.850098 64 ) (-1558 4096 64 ) 
4 288 291 (-1558 4041.850098 -127 ) (-1558 3072 -127 ) (-1558 3072 64 ) (-1558 4041.850098 64 ) 
4 289 293 (-1590 4073.850098 -127 ) (-1590 4096 -127 ) (-1558 4096 -127 ) (-1558 4073.850098 -127 ) 
4 289 290 (-1590 4073.850098 30 ) (-1590 4073.850098 -127 ) (-1558 4073.850098 -127 ) (-1558 4073.850098 30 ) 
4 289 292 (-1590 4096 -127 ) (-1590 4073.850098 -127 ) (-1590 4073.850098 64 ) (-1590 4096 64 ) 
4 290 293 (-1590 4041.850098 -127 ) (-1590 4073.850098 -127 ) (-1558 4073.850098 -127 ) (-1558 4041.850098 -127 ) 
4 290 292 (-1590 4073.850098 -127 ) (-1590 4041.850098 -127 ) (-1590 4041.850098 30 ) (-1590 4073.850098 30 ) 
4 290 291 (-1590 4041.850098 30 ) (-1590 4041.850098 -127 ) (-1558 4041.850098 -127 ) (-1558 4041.850098 30 ) 
4 291 308 (-1558 3072 64 ) (-1590 3072 64 ) (-1590 3072 -127 ) (-1558 3072 -127 ) 
4 291 293 (-1590 3584 -127 ) (-1590 4041.850098 -127 ) (-1558 4041.850098 -127 ) (-1558 3584 -127 ) 
4 291 292 (-1590 4041.850098 -127 ) (-1590 3072 -127 ) (-1590 3072 64 ) (-1590 4041.850098 64 ) 
4 292 308 (-1590 3072 64 ) (-2048 3072 64 ) (-2048 3072 -127 ) (-1590 3072 -127 ) 
4 292 300 (-2048 3584 -127 ) (-2048 3072 -127 ) (-2048 3072 64 ) (-2048 3584 64 ) 
4 292 299 (-2048 4096 64 ) (-2048 4096 -127 ) (-2048 3584 -127 ) (-2048 3584 64 ) 
4 292 293 (-2048 3584 -127 ) (-2048 4096 -127 ) (-1590 4096 -127 ) (-1590 3584 -127 ) 
4 293 299 (-2048 4096 -127 ) (-2048 4096 -128 ) (-2048 3584 -128 ) (-2048 3584 -127 ) 
4 293 294 (-2048 3584 -128 ) (-2048 4096 -128 ) (-1024 4096 -128 ) (-1024 3584 -128 ) 
4 294 309 (-1024 3072 -1152.239990 ) (-1024 3072 -128 ) (-2048 3072 -128 ) (-2048 3072 -1152.239990 ) 
4 294 301 (-2048 4096 -128 ) (-2048 4096 -1152.239990 ) (-2048 3072 -1152.239990 ) (-2048 3072 -128 ) 
4 295 370 (-3072 3970 256.135010 ) (-3072 3970 133 ) (-3072 3968 133 ) (-3072 3968 256.135010 ) 
4 295 371 (-3072 3968 133 ) (-3072 3837 133 ) (-3072 3837 256.135010 ) (-3072 3968 256.135010 ) 
4 295 366 (-3072 3837 257.135010 ) (-3072 3970 257.135010 ) (-3072 3970 256.135010 ) (-3072 3837 256.135010 ) 
4 295 365 (-3072 3970 257.135010 ) (-3072 3972 257.135010 ) (-3072 3972 133 ) (-3072 3970 133 ) 
4 295 389 (-3072 3072 133 ) (-3072 3072 257.135010 ) (-3072 3837 257.135010 ) (-3072 3837 133 ) 
4 295 363 (-3072 3972 257.135010 ) (-3072 4096 257.135010 ) (-3072 4096 133 ) (-3072 3972 133 ) 
4 295 362 (-3072 3072 257.135010 ) (-3072 3072 5850.240234 ) (-3072 4096 5850.240234 ) (-3072 4096 257.135010 ) 
4 295 310 (-2048 3072 133 ) (-2048 3072 5850.240234 ) (-3072 3072 5850.240234 ) (-3072 3072 133 ) 
4 295 298 (-2048 3072 133 ) (-3072 3072 133 ) (-3072 3968 133 ) (-2048 3968 133 ) 
4 296 364 (-3072 4096 128 ) (-3072 4096 64 ) (-3072 3972 64 ) (-3072 3972 128 ) 
4 296 299 (-2048 4096 64 ) (-2048 3972 64 ) (-3072 3972 64 ) (-3072 4096 64 ) 
4 296 297 (-3072 3972 64 ) (-2048 3972 64 ) (-2048 3972 128 ) (-3072 3972 128 ) 
4 297 390 (-3072 3972 128 ) (-3072 3972 64 ) (-3072 3968 64 ) (-3072 3968 128 ) 
4 297 299 (-2048 3972 64 ) (-2048 3968 64 ) (-3072 3968 64 ) (-3072 3972 64 ) 
4 297 298 (-3072 3968 64 ) (-2048 3968 64 ) (-2048 3968 128 ) (-3072 3968 128 ) 
4 298 371 (-3072 3837 133 ) (-3072 3968 133 ) (-3072 3968 128 ) (-3072 3837 128 ) 
4 298 389 (-3072 3072 128 ) (-3072 3072 133 ) (-3072 3837 133 ) (-3072 3837 128 ) 
4 298 390 (-3072 3072 64 ) (-3072 3072 128 ) (-3072 3968 128 ) (-3072 3968 64 ) 
4 298 310 (-2048 3072 64 ) (-2048 3072 133 ) (-3072 3072 133 ) (-3072 3072 64 ) 
4 298 300 (-2048 3584 64 ) (-2048 3072 64 ) (-3072 3072 64 ) (-3072 3584 64 ) 
4 298 299 (-2048 3968 64 ) (-2048 3584 64 ) (-3072 3584 64 ) (-3072 3968 64 ) 
4 299 391 (-3072 3584 64 ) (-3072 4096 64 ) (-3072 4096 -128 ) (-3072 3584 -128 ) 
4 299 301 (-3072 3584 -128 ) (-3072 4096 -128 ) (-2048 4096 -128 ) (-2048 3584 -128 ) 
4 299 300 (-2048 3584 -127 ) (-2048 3584 64 ) (-3072 3584 64 ) (-3072 3584 -127 ) 
4 300 392 (-3072 3072 -127 ) (-3072 3072 64 ) (-3072 3584 64 ) (-3072 3584 -127 ) 
4 300 311 (-2048 3072 -127 ) (-2048 3072 64 ) (-3072 3072 64 ) (-3072 3072 -127 ) 
4 301 394 (-3072 3072 -1152.239990 ) (-3072 3072 -128 ) (-3072 4096 -128 ) (-3072 4096 -1152.239990 ) 
4 301 312 (-2048 3072 -1152.239990 ) (-2048 3072 -128 ) (-3072 3072 -128 ) (-3072 3072 -1152.239990 ) 
4 302 583 (-1024 2048 64 ) (-1024 2048 5850.240234 ) (-1239 2048 5850.240234 ) (-1239 2048 64 ) 
4 302 306 (-1239 3072 64 ) (-1024 3072 64 ) (-1024 2048 64 ) (-1239 2048 64 ) 
4 302 303 (-1239 2559 115 ) (-1239 2559 5850.240234 ) (-1239 3072 5850.240234 ) (-1239 3072 115 ) 
4 302 304 (-1239 2559 64 ) (-1239 2048 64 ) (-1239 2048 5850.240234 ) (-1239 2559 5850.240234 ) 
4 303 304 (-1520 2559 5850.240234 ) (-1520 2559 115 ) (-1239 2559 115 ) (-1239 2559 5850.240234 ) 
4 303 305 (-1520 2559 115 ) (-1520 2559 5850.240234 ) (-1520 3072 5850.240234 ) (-1520 3072 115 ) 
4 304 583 (-1239 2048 5850.240234 ) (-1520 2048 5850.240234 ) (-1520 2048 64 ) (-1239 2048 64 ) 
4 304 307 (-1239 2559 64 ) (-1239 2048 64 ) (-1520 2048 64 ) (-1520 2559 64 ) 
4 304 305 (-1520 2559 64 ) (-1520 2048 64 ) (-1520 2048 5850.240234 ) (-1520 2559 5850.240234 ) 
4 305 583 (-1520 2048 5850.240234 ) (-2048 2048 5850.240234 ) (-2048 2048 64 ) (-1520 2048 64 ) 
4 305 310 (-2048 3072 5850.240234 ) (-2048 3072 64 ) (-2048 2048 64 ) (-2048 2048 5850.240234 ) 
4 305 308 (-2048 3072 64 ) (-1520 3072 64 ) (-1520 2048 64 ) (-2048 2048 64 ) 
4 306 584 (-1024 2048 -127 ) (-1024 2048 64 ) (-1239 2048 64 ) (-1239 2048 -127 ) 
4 306 307 (-1239 2559 -127 ) (-1239 2048 -127 ) (-1239 2048 64 ) (-1239 2559 64 ) 
4 307 584 (-1239 2048 64 ) (-1520 2048 64 ) (-1520 2048 -127 ) (-1239 2048 -127 ) 
4 307 308 (-1520 2559 -127 ) (-1520 2048 -127 ) (-1520 2048 64 ) (-1520 2559 64 ) 
4 308 584 (-1520 2048 64 ) (-2048 2048 64 ) (-2048 2048 -127 ) (-1520 2048 -127 ) 
4 308 311 (-2048 3072 64 ) (-2048 3072 -127 ) (-2048 2048 -127 ) (-2048 2048 64 ) 
4 309 585 (-1024 2048 -1152.239990 ) (-1024 2048 -128 ) (-2048 2048 -128 ) (-2048 2048 -1152.239990 ) 
4 309 312 (-2048 3072 -128 ) (-2048 3072 -1152.239990 ) (-2048 2048 -1152.239990 ) (-2048 2048 -128 ) 
4 310 586 (-2048 2048 64 ) (-2048 2048 5850.240234 ) (-3072 2048 5850.240234 ) (-3072 2048 64 ) 
4 310 395 (-3072 2048 64 ) (-3072 2048 5850.240234 ) (-3072 3072 5850.240234 ) (-3072 3072 64 ) 
4 310 311 (-2048 3072 64 ) (-2048 2048 64 ) (-3072 2048 64 ) (-3072 3072 64 ) 
4 311 587 (-2048 2048 -127 ) (-2048 2048 64 ) (-3072 2048 64 ) (-3072 2048 -127 ) 
4 311 396 (-3072 2048 -127 ) (-3072 2048 64 ) (-3072 3072 64 ) (-3072 3072 -127 ) 
4 312 588 (-2048 2048 -1152.239990 ) (-2048 2048 -128 ) (-3072 2048 -128 ) (-3072 2048 -1152.239990 ) 
4 312 398 (-3072 2048 -1152.239990 ) (-3072 2048 -128 ) (-3072 3072 -128 ) (-3072 3072 -1152.239990 ) 
4 313 361 (-4096 4609 -1152.239990 ) (-4096 4608 -1152.239990 ) (-4096 4608 -128 ) (-4096 4609 -128 ) 
4 313 343 (-4096 4608 -128 ) (-4096 4608 5850.240234 ) (-4096 4609 5850.240234 ) (-4096 4609 -128 ) 
4 313 342 (-3072 4608 -1152.239990 ) (-3072 4608 -128 ) (-4096 4608 -128 ) (-4096 4608 -1152.239990 ) 
4 313 315 (-3072 4608 64 ) (-3072 4608 128 ) (-4096 4608 128 ) (-4096 4608 64 ) 
4 313 314 (-3072 4608 400 ) (-3072 4608 5850.240234 ) (-4096 4608 5850.240234 ) (-4096 4608 400 ) 
4 313 341 (-3072 4608 -128 ) (-3072 4608 64 ) (-4096 4608 64 ) (-4096 4608 -128 ) 
4 314 344 (-4096 4608 5850.240234 ) (-4096 4608 400 ) (-4096 4584 400 ) (-4096 4584 5850.240234 ) 
4 314 316 (-4096 4584 5850.240234 ) (-4096 4584 400 ) (-3072 4584 400 ) (-3072 4584 5850.240234 ) 
4 315 345 (-4096 4608 128 ) (-4096 4608 64 ) (-4096 4584 64 ) (-4096 4584 128 ) 
4 315 337 (-4096 4584 128 ) (-4096 4584 64 ) (-3999.639893 4584 64 ) (-3999.639893 4584 128 ) 
4 315 334 (-3957.090088 4584 64 ) (-3900.360107 4584 64 ) (-3900.360107 4584 128 ) (-3957.090088 4584 128 ) 
4 315 335 (-3999.639893 4584 64 ) (-3957.090088 4584 64 ) (-3957.090088 4584 128 ) (-3999.639893 4584 128 ) 
4 315 333 (-3900.360107 4584 64 ) (-3864.909912 4584 64 ) (-3864.909912 4584 128 ) (-3900.360107 4584 128 ) 
4 315 332 (-3864.909912 4584 64 ) (-3822.360107 4584 64 ) (-3822.360107 4584 128 ) (-3864.909912 4584 128 ) 
4 315 330 (-3822.360107 4584 64 ) (-3772.729980 4584 64 ) (-3772.729980 4584 128 ) (-3822.360107 4584 128 ) 
4 315 328 (-3772.729980 4584 64 ) (-3723.090088 4584 64 ) (-3723.090088 4584 128 ) (-3772.729980 4584 128 ) 
4 315 325 (-3723.090088 4584 64 ) (-3560 4584 64 ) (-3560 4584 128 ) (-3723.090088 4584 128 ) 
4 315 322 (-3560 4584 64 ) (-3311.820068 4584 64 ) (-3311.820068 4584 128 ) (-3560 4584 128 ) 
4 315 319 (-3219.639893 4584 64 ) (-3162.909912 4584 64 ) (-3162.909912 4584 128 ) (-3219.639893 4584 128 ) 
4 315 320 (-3311.820068 4584 64 ) (-3219.639893 4584 64 ) (-3219.639893 4584 128 ) (-3311.820068 4584 128 ) 
4 315 318 (-3162.909912 4584 64 ) (-3072 4584 64 ) (-3072 4584 128 ) (-3162.909912 4584 128 ) 
4 315 341 (-4096 4584 64 ) (-4096 4608 64 ) (-3072 4608 64 ) (-3072 4584 64 ) 
4 316 346 (-4096 4584 5850.240234 ) (-4096 4584 368 ) (-4096 4578 368 ) (-4096 4578 5850.240234 ) 
4 316 338 (-3072 4578 368 ) (-3072 4578 5850.240234 ) (-4096 4578 5850.240234 ) (-4096 4578 368 ) 
4 316 335 (-3957.090088 4578 368 ) (-3999.639893 4578 368 ) (-3999.639893 4584 368 ) (-3957.090088 4584 368 ) 
4 316 324 (-3666.360107 4578 368 ) (-3723.090088 4578 368 ) (-3723.090088 4584 368 ) (-3666.360107 4584 368 ) 
4 316 323 (-3616.729980 4578 368 ) (-3666.360107 4578 368 ) (-3666.360107 4584 368 ) (-3616.729980 4584 368 ) 
4 316 320 (-3219.639893 4578 368 ) (-3311.820068 4578 368 ) (-3311.820068 4584 368 ) (-3219.639893 4584 368 ) 
4 317 338 (-3072 4578 321.230988 ) (-3072 4578 344.614990 ) (-3162.909912 4578 344.614990 ) (-3162.909912 4578 321.230988 ) 
4 318 339 (-3072 4578 128 ) (-3072 4578 133 ) (-3162.909912 4578 133 ) (-3162.909912 4578 128 ) 
4 318 340 (-3162.909912 4578 64 ) (-3072 4578 64 ) (-3072 4578 128 ) (-3162.909912 4578 128 ) 
4 318 338 (-3072 4578 133 ) (-3072 4578 297.846008 ) (-3162.909912 4578 297.846008 ) (-3162.909912 4578 133 ) 
4 318 319 (-3162.909912 4578 64 ) (-3162.909912 4578 227.692001 ) (-3162.909912 4584 227.692001 ) (-3162.909912 4584 64 ) 
4 318 341 (-3162.909912 4584 64 ) (-3072 4584 64 ) (-3072 4578 64 ) (-3162.909912 4578 64 ) 
4 319 339 (-3162.909912 4578 128 ) (-3162.909912 4578 133 ) (-3219.639893 4578 133 ) (-3219.639893 4578 128 ) 
4 319 340 (-3219.639893 4578 64 ) (-3162.909912 4578 64 ) (-3162.909912 4578 128 ) (-3219.639893 4578 128 ) 
4 319 338 (-3162.909912 4578 133 ) (-3162.909912 4578 227.692001 ) (-3219.639893 4578 227.692001 ) (-3219.639893 4578 133 ) 
4 319 320 (-3219.639893 4578 64 ) (-3219.639893 4578 227.692001 ) (-3219.639893 4584 227.692001 ) (-3219.639893 4584 64 ) 
4 319 341 (-3219.639893 4584 64 ) (-3162.909912 4584 64 ) (-3162.909912 4578 64 ) (-3219.639893 4578 64 ) 
4 320 339 (-3219.639893 4578 128 ) (-3219.639893 4578 133 ) (-3311.820068 4578 133 ) (-3311.820068 4578 128 ) 
4 320 340 (-3311.820068 4578 64 ) (-3219.639893 4578 64 ) (-3219.639893 4578 128 ) (-3311.820068 4578 128 ) 
4 320 338 (-3219.639893 4578 133 ) (-3219.639893 4578 368 ) (-3311.820068 4578 368 ) (-3311.820068 4578 133 ) 
4 320 322 (-3311.820068 4578 64 ) (-3311.820068 4578 227.692001 ) (-3311.820068 4584 227.692001 ) (-3311.820068 4584 64 ) 
4 320 341 (-3311.820068 4584 64 ) (-3219.639893 4584 64 ) (-3219.639893 4578 64 ) (-3311.820068 4578 64 ) 
4 321 338 (-3368.550049 4578 344.614990 ) (-3560 4578 344.614990 ) (-3560 4578 251.076996 ) (-3368.550049 4578 251.076996 ) 
4 322 339 (-3311.820068 4578 128 ) (-3311.820068 4578 133 ) (-3560 4578 133 ) (-3560 4578 128 ) 
4 322 340 (-3560 4578 64 ) (-3311.820068 4578 64 ) (-3311.820068 4578 128 ) (-3560 4578 128 ) 
4 322 338 (-3311.820068 4578 133 ) (-3311.820068 4578 227.692001 ) (-3560 4578 227.692001 ) (-3560 4578 133 ) 
4 322 325 (-3560 4578 64 ) (-3560 4578 227.692001 ) (-3560 4584 227.692001 ) (-3560 4584 64 ) 
4 322 341 (-3560 4584 64 ) (-3311.820068 4584 64 ) (-3311.820068 4578 64 ) (-3560 4578 64 ) 
4 323 338 (-3616.729980 4578 368 ) (-3666.360107 4578 368 ) (-3666.360107 4578 227.692001 ) (-3616.729980 4578 227.692001 ) 
4 323 324 (-3666.360107 4578 251.076996 ) (-3666.360107 4578 368 ) (-3666.360107 4584 368 ) (-3666.360107 4584 251.076996 ) 
4 323 325 (-3666.360107 4584 227.692001 ) (-3616.729980 4584 227.692001 ) (-3616.729980 4578 227.692001 ) (-3666.360107 4578 227.692001 ) 
4 324 338 (-3666.360107 4578 368 ) (-3723.090088 4578 368 ) (-3723.090088 4578 251.076996 ) (-3666.360107 4578 251.076996 ) 
4 324 327 (-3723.090088 4578 271.537994 ) (-3723.090088 4578 321.230988 ) (-3723.090088 4584 321.230988 ) (-3723.090088 4584 271.537994 ) 
4 325 339 (-3560 4578 128 ) (-3560 4578 133 ) (-3723.090088 4578 133 ) (-3723.090088 4578 128 ) 
4 325 340 (-3723.090088 4578 64 ) (-3560 4578 64 ) (-3560 4578 128 ) (-3723.090088 4578 128 ) 
4 325 338 (-3560 4578 133 ) (-3560 4578 227.692001 ) (-3723.090088 4578 227.692001 ) (-3723.090088 4578 133 ) 
4 325 328 (-3723.090088 4578 64 ) (-3723.090088 4578 227.692001 ) (-3723.090088 4584 227.692001 ) (-3723.090088 4584 64 ) 
4 325 341 (-3723.090088 4584 64 ) (-3560 4584 64 ) (-3560 4578 64 ) (-3723.090088 4578 64 ) 
4 326 338 (-3751.449951 4578 353.385010 ) (-3900.360107 4578 353.385010 ) (-3900.360107 4578 330 ) (-3751.449951 4578 330 ) 
4 327 338 (-3723.090088 4578 271.537994 ) (-3723.090088 4578 321.230988 ) (-3772.729980 4578 321.230988 ) (-3772.729980 4578 271.537994 ) 
4 327 329 (-3772.729980 4578 289.076996 ) (-3772.729980 4578 321.230988 ) (-3772.729980 4584 321.230988 ) (-3772.729980 4584 289.076996 ) 
4 328 339 (-3723.090088 4578 128 ) (-3723.090088 4578 133 ) (-3772.729980 4578 133 ) (-3772.729980 4578 128 ) 
4 328 340 (-3772.729980 4578 64 ) (-3723.090088 4578 64 ) (-3723.090088 4578 128 ) (-3772.729980 4578 128 ) 
4 328 338 (-3723.090088 4578 133 ) (-3723.090088 4578 251.076996 ) (-3772.729980 4578 251.076996 ) (-3772.729980 4578 133 ) 
4 328 330 (-3772.729980 4578 64 ) (-3772.729980 4578 251.076996 ) (-3772.729980 4584 251.076996 ) (-3772.729980 4584 64 ) 
4 328 341 (-3772.729980 4584 64 ) (-3723.090088 4584 64 ) (-3723.090088 4578 64 ) (-3772.729980 4578 64 ) 
4 329 338 (-3772.729980 4578 289.076996 ) (-3772.729980 4578 321.230988 ) (-3822.360107 4578 321.230988 ) (-3822.360107 4578 289.076996 ) 
4 329 331 (-3822.360107 4578 306.614990 ) (-3822.360107 4578 321.230988 ) (-3822.360107 4584 321.230988 ) (-3822.360107 4584 306.614990 ) 
4 330 339 (-3772.729980 4578 128 ) (-3772.729980 4578 133 ) (-3822.360107 4578 133 ) (-3822.360107 4578 128 ) 
4 330 340 (-3822.360107 4578 64 ) (-3772.729980 4578 64 ) (-3772.729980 4578 128 ) (-3822.360107 4578 128 ) 
4 330 338 (-3772.729980 4578 133 ) (-3772.729980 4578 271.537994 ) (-3822.360107 4578 271.537994 ) (-3822.360107 4578 133 ) 
4 330 332 (-3822.360107 4578 64 ) (-3822.360107 4578 271.537994 ) (-3822.360107 4584 271.537994 ) (-3822.360107 4584 64 ) 
4 330 341 (-3822.360107 4584 64 ) (-3772.729980 4584 64 ) (-3772.729980 4578 64 ) (-3822.360107 4578 64 ) 
4 331 338 (-3822.360107 4578 306.614990 ) (-3822.360107 4578 321.230988 ) (-3864.909912 4578 321.230988 ) (-3864.909912 4578 306.614990 ) 
4 332 339 (-3822.360107 4578 128 ) (-3822.360107 4578 133 ) (-3864.909912 4578 133 ) (-3864.909912 4578 128 ) 
4 332 340 (-3864.909912 4578 64 ) (-3822.360107 4578 64 ) (-3822.360107 4578 128 ) (-3864.909912 4578 128 ) 
4 332 338 (-3822.360107 4578 133 ) (-3822.360107 4578 289.076996 ) (-3864.909912 4578 289.076996 ) (-3864.909912 4578 133 ) 
4 332 333 (-3864.909912 4578 64 ) (-3864.909912 4578 289.076996 ) (-3864.909912 4584 289.076996 ) (-3864.909912 4584 64 ) 
4 332 341 (-3864.909912 4584 64 ) (-3822.360107 4584 64 ) (-3822.360107 4578 64 ) (-3864.909912 4578 64 ) 
4 333 339 (-3864.909912 4578 128 ) (-3864.909912 4578 133 ) (-3900.360107 4578 133 ) (-3900.360107 4578 128 ) 
4 333 340 (-3900.360107 4578 64 ) (-3864.909912 4578 64 ) (-3864.909912 4578 128 ) (-3900.360107 4578 128 ) 
4 333 338 (-3864.909912 4578 133 ) (-3864.909912 4578 306.614990 ) (-3900.360107 4578 306.614990 ) (-3900.360107 4578 133 ) 
4 333 334 (-3900.360107 4578 64 ) (-3900.360107 4578 227.692001 ) (-3900.360107 4584 227.692001 ) (-3900.360107 4584 64 ) 
4 333 341 (-3900.360107 4584 64 ) (-3864.909912 4584 64 ) (-3864.909912 4578 64 ) (-3900.360107 4578 64 ) 
4 334 339 (-3900.360107 4578 128 ) (-3900.360107 4578 133 ) (-3957.090088 4578 133 ) (-3957.090088 4578 128 ) 
4 334 340 (-3957.090088 4578 64 ) (-3900.360107 4578 64 ) (-3900.360107 4578 128 ) (-3957.090088 4578 128 ) 
4 334 338 (-3900.360107 4578 133 ) (-3900.360107 4578 227.692001 ) (-3957.090088 4578 227.692001 ) (-3957.090088 4578 133 ) 
4 334 335 (-3957.090088 4578 64 ) (-3957.090088 4578 227.692001 ) (-3957.090088 4584 227.692001 ) (-3957.090088 4584 64 ) 
4 334 341 (-3957.090088 4584 64 ) (-3900.360107 4584 64 ) (-3900.360107 4578 64 ) (-3957.090088 4578 64 ) 
4 335 339 (-3957.090088 4578 128 ) (-3957.090088 4578 133 ) (-3999.639893 4578 133 ) (-3999.639893 4578 128 ) 
4 335 340 (-3999.639893 4578 64 ) (-3957.090088 4578 64 ) (-3957.090088 4578 128 ) (-3999.639893 4578 128 ) 
4 335 338 (-3957.090088 4578 133 ) (-3957.090088 4578 368 ) (-3999.639893 4578 368 ) (-3999.639893 4578 133 ) 
4 335 337 (-3999.639893 4578 64 ) (-3999.639893 4578 315.385010 ) (-3999.639893 4584 315.385010 ) (-3999.639893 4584 64 ) 
4 335 341 (-3999.639893 4584 64 ) (-3957.090088 4584 64 ) (-3957.090088 4578 64 ) (-3999.639893 4578 64 ) 
4 336 348 (-4096 4584 356.308014 ) (-4096 4584 330 ) (-4096 4578 330 ) (-4096 4578 356.308014 ) 
4 336 338 (-4028 4578 356.308014 ) (-4096 4578 356.308014 ) (-4096 4578 330 ) (-4028 4578 330 ) 
4 337 359 (-4096 4584 128 ) (-4096 4584 64 ) (-4096 4578 64 ) (-4096 4578 128 ) 
4 337 356 (-4096 4584 133 ) (-4096 4584 128 ) (-4096 4578 128 ) (-4096 4578 133 ) 
4 337 349 (-4096 4584 315.385010 ) (-4096 4584 133 ) (-4096 4578 133 ) (-4096 4578 315.385010 ) 
4 337 339 (-3999.639893 4578 128 ) (-3999.639893 4578 133 ) (-4096 4578 133 ) (-4096 4578 128 ) 
4 337 340 (-4096 4578 64 ) (-3999.639893 4578 64 ) (-3999.639893 4578 128 ) (-4096 4578 128 ) 
4 337 338 (-3999.639893 4578 133 ) (-3999.639893 4578 315.385010 ) (-4096 4578 315.385010 ) (-4096 4578 133 ) 
4 337 341 (-4096 4578 64 ) (-4096 4584 64 ) (-3999.639893 4584 64 ) (-3999.639893 4578 64 ) 
4 338 363 (-3072 4096 133 ) (-3072 4096 257.135010 ) (-4096 4096 257.135010 ) (-4096 4096 133 ) 
4 338 362 (-3072 4096 257.135010 ) (-3072 4096 5850.240234 ) (-4096 4096 5850.240234 ) (-4096 4096 257.135010 ) 
4 338 350 (-4096 4096 133 ) (-4096 4096 356.308014 ) (-4096 4578 356.308014 ) (-4096 4578 133 ) 
4 338 347 (-4096 4096 356.308014 ) (-4096 4096 5850.240234 ) (-4096 4578 5850.240234 ) (-4096 4578 356.308014 ) 
4 338 339 (-4096 4428 133 ) (-4096 4578 133 ) (-3072 4578 133 ) (-3072 4428 133 ) 
4 339 356 (-4096 4428 133 ) (-4096 4578 133 ) (-4096 4578 128 ) (-4096 4428 128 ) 
4 339 340 (-4096 4428 128 ) (-4096 4578 128 ) (-3072 4578 128 ) (-3072 4428 128 ) 
4 340 364 (-3072 4096 64 ) (-3072 4096 128 ) (-4096 4096 128 ) (-4096 4096 64 ) 
4 340 359 (-4096 4096 64 ) (-4096 4096 128 ) (-4096 4578 128 ) (-4096 4578 64 ) 
4 340 341 (-3072 4096 64 ) (-4096 4096 64 ) (-4096 4578 64 ) (-3072 4578 64 ) 
4 341 391 (-3072 4096 -128 ) (-3072 4096 64 ) (-3584 4096 64 ) (-3584 4096 -128 ) 
4 341 393 (-3584 4096 64 ) (-4096 4096 64 ) (-4096 4096 -128 ) (-3584 4096 -128 ) 
4 341 360 (-4096 4096 -128 ) (-4096 4096 64 ) (-4096 4608 64 ) (-4096 4608 -128 ) 
4 341 342 (-4096 4096 -128 ) (-4096 4608 -128 ) (-3072 4608 -128 ) (-3072 4096 -128 ) 
4 342 394 (-3072 4096 -1152.239990 ) (-3072 4096 -128 ) (-4096 4096 -128 ) (-4096 4096 -1152.239990 ) 
4 342 361 (-4096 4096 -1152.239990 ) (-4096 4096 -128 ) (-4096 4608 -128 ) (-4096 4608 -1152.239990 ) 
4 343 361 (-4096 4609 -128 ) (-4096 4608 -128 ) (-4608 4608 -128 ) (-4608 4609 -128 ) 
4 343 360 (-4608 4608 -128 ) (-4096 4608 -128 ) (-4096 4608 64 ) (-4608 4608 64 ) 
4 343 345 (-4096 4608 64 ) (-4096 4608 128 ) (-4608 4608 128 ) (-4608 4608 64 ) 
4 343 344 (-4096 4608 400 ) (-4096 4608 5850.240234 ) (-4608 4608 5850.240234 ) (-4608 4608 400 ) 
4 344 355 (-4584 4584 5850.240234 ) (-4608 4584 5850.240234 ) (-4608 4584 400 ) (-4584 4584 400 ) 
4 344 351 (-4148.540039 4584 5850.240234 ) (-4184 4584 5850.240234 ) (-4184 4584 400 ) (-4148.540039 4584 400 ) 
4 344 354 (-4184 4584 5850.240234 ) (-4584 4584 5850.240234 ) (-4584 4584 400 ) (-4184 4584 400 ) 
4 344 346 (-4096 4584 400 ) (-4096 4584 5850.240234 ) (-4148.540039 4584 5850.240234 ) (-4148.540039 4584 400 ) 
4 345 360 (-4608 4608 64 ) (-4096 4608 64 ) (-4096 4584 64 ) (-4608 4584 64 ) 
4 345 359 (-4608 4584 64 ) (-4096 4584 64 ) (-4096 4584 128 ) (-4608 4584 128 ) 
4 346 351 (-4148.540039 4584 5850.240234 ) (-4148.540039 4584 368 ) (-4148.540039 4578 368 ) (-4148.540039 4578 5850.240234 ) 
4 346 347 (-4096 4578 368 ) (-4096 4578 5850.240234 ) (-4148.540039 4578 5850.240234 ) (-4148.540039 4578 368 ) 
4 347 399 (-4096 4096 356.308014 ) (-4096 4096 5850.240234 ) (-4148.540039 4096 5850.240234 ) (-4148.540039 4096 356.308014 ) 
4 347 353 (-4148.540039 4578 356.308014 ) (-4148.540039 4096 356.308014 ) (-4148.540039 4096 5850.240234 ) (-4148.540039 4578 5850.240234 ) 
4 347 350 (-4096 4096 356.308014 ) (-4148.540039 4096 356.308014 ) (-4148.540039 4578 356.308014 ) (-4096 4578 356.308014 ) 
4 348 350 (-4096 4578 356.308014 ) (-4148.540039 4578 356.308014 ) (-4148.540039 4578 330 ) (-4096 4578 330 ) 
4 349 356 (-4148.540039 4578 133 ) (-4148.540039 4584 133 ) (-4096 4584 133 ) (-4096 4578 133 ) 
4 349 352 (-4148.540039 4584 230.615005 ) (-4148.540039 4584 133 ) (-4148.540039 4578 133 ) (-4148.540039 4578 230.615005 ) 
4 349 350 (-4148.540039 4578 315.385010 ) (-4148.540039 4578 133 ) (-4096 4578 133 ) (-4096 4578 315.385010 ) 
4 350 399 (-4096 4096 133 ) (-4096 4096 356.308014 ) (-4148.540039 4096 356.308014 ) (-4148.540039 4096 133 ) 
4 350 356 (-4148.540039 4428 133 ) (-4148.540039 4578 133 ) (-4096 4578 133 ) (-4096 4428 133 ) 
4 350 353 (-4148.540039 4578 133 ) (-4148.540039 4096 133 ) (-4148.540039 4096 356.308014 ) (-4148.540039 4578 356.308014 ) 
4 351 354 (-4184 4578 368 ) (-4184 4578 5850.240234 ) (-4184 4584 5850.240234 ) (-4184 4584 368 ) 
4 351 353 (-4184 4578 5850.240234 ) (-4184 4578 368 ) (-4148.540039 4578 368 ) (-4148.540039 4578 5850.240234 ) 
4 352 356 (-4184 4578 133 ) (-4184 4584 133 ) (-4148.540039 4584 133 ) (-4148.540039 4578 133 ) 
4 352 353 (-4184 4578 230.615005 ) (-4184 4578 133 ) (-4148.540039 4578 133 ) (-4148.540039 4578 230.615005 ) 
4 352 354 (-4184 4584 133 ) (-4184 4578 133 ) (-4184 4578 230.615005 ) (-4184 4584 230.615005 ) 
4 353 399 (-4184 4096 133 ) (-4148.540039 4096 133 ) (-4148.540039 4096 5850.240234 ) (-4184 4096 5850.240234 ) 
4 353 356 (-4184 4428 133 ) (-4184 4578 133 ) (-4148.540039 4578 133 ) (-4148.540039 4428 133 ) 
4 353 354 (-4184 4578 133 ) (-4184 4096 133 ) (-4184 4096 5850.240234 ) (-4184 4578 5850.240234 ) 
4 354 399 (-4584 4096 5850.240234 ) (-4584 4096 133 ) (-4184 4096 133 ) (-4184 4096 5850.240234 ) 
4 354 358 (-4540 4096 133 ) (-4584 4096 133 ) (-4584 4584 133 ) (-4540 4584 133 ) 
4 354 357 (-4516 4096 133 ) (-4540 4096 133 ) (-4540 4264 133 ) (-4516 4264 133 ) 
4 354 356 (-4540 4428 133 ) (-4540 4584 133 ) (-4184 4584 133 ) (-4184 4428 133 ) 
4 354 355 (-4584 4584 5850.240234 ) (-4584 4584 400 ) (-4584 4096 400 ) (-4584 4096 5850.240234 ) 
4 355 403 (-4608 4096 5850.240234 ) (-4608 4096 400 ) (-4584 4096 400 ) (-4584 4096 5850.240234 ) 
4 356 359 (-4540 4428 128 ) (-4540 4584 128 ) (-4096 4584 128 ) (-4096 4428 128 ) 
4 356 358 (-4540 4584 128 ) (-4540 4428 128 ) (-4540 4428 133 ) (-4540 4584 133 ) 
4 357 400 (-4516 4096 133 ) (-4540 4096 133 ) (-4540 4096 128 ) (-4516 4096 128 ) 
4 357 359 (-4516 4096 128 ) (-4540 4096 128 ) (-4540 4264 128 ) (-4516 4264 128 ) 
4 357 358 (-4540 4264 128 ) (-4540 4096 128 ) (-4540 4096 133 ) (-4540 4264 133 ) 
4 358 400 (-4540 4096 133 ) (-4584 4096 133 ) (-4584 4096 128 ) (-4540 4096 128 ) 
4 358 359 (-4540 4096 128 ) (-4584 4096 128 ) (-4584 4584 128 ) (-4540 4584 128 ) 
4 359 404 (-4096 4096 64 ) (-4096 4096 128 ) (-4608 4096 128 ) (-4608 4096 64 ) 
4 359 360 (-4096 4096 64 ) (-4608 4096 64 ) (-4608 4584 64 ) (-4096 4584 64 ) 
4 360 405 (-4096 4096 -128 ) (-4096 4096 64 ) (-4608 4096 64 ) (-4608 4096 -128 ) 
4 360 361 (-4096 4096 -128 ) (-4608 4096 -128 ) (-4608 4608 -128 ) (-4096 4608 -128 ) 
4 361 406 (-4096 4096 -1152.239990 ) (-4096 4096 -128 ) (-4608 4096 -128 ) (-4608 4096 -1152.239990 ) 
4 362 399 (-4096 4096 5850.240234 ) (-4096 4096 257.135010 ) (-4096 3072 257.135010 ) (-4096 3072 5850.240234 ) 
4 362 395 (-3072 3072 257.135010 ) (-3072 3072 5850.240234 ) (-4096 3072 5850.240234 ) (-4096 3072 257.135010 ) 
4 362 367 (-3139.679932 3970 257.135010 ) (-3139 3970 257.135010 ) (-3139 3839.340088 257.135010 ) (-3139.679932 3839.340088 257.135010 ) 
4 362 368 (-3103 3838 257.135010 ) (-3103 3837 257.135010 ) (-3139.679932 3837 257.135010 ) (-3139.679932 3838 257.135010 ) 
4 362 369 (-4096 3837 257.135010 ) (-4096 3970 257.135010 ) (-3139.679932 3970 257.135010 ) (-3139.679932 3837 257.135010 ) 
4 362 366 (-3103 3970 257.135010 ) (-3072 3970 257.135010 ) (-3072 3837 257.135010 ) (-3103 3837 257.135010 ) 
4 362 365 (-4096 3970 257.135010 ) (-4096 3972 257.135010 ) (-3072 3972 257.135010 ) (-3072 3970 257.135010 ) 
4 362 389 (-4096 3072 257.135010 ) (-4096 3837 257.135010 ) (-3072 3837 257.135010 ) (-3072 3072 257.135010 ) 
4 362 363 (-4096 3972 257.135010 ) (-4096 4096 257.135010 ) (-3072 4096 257.135010 ) (-3072 3972 257.135010 ) 
4 363 399 (-4096 4096 257.135010 ) (-4096 4096 133 ) (-4096 3972 133 ) (-4096 3972 257.135010 ) 
4 363 365 (-3072 3972 133 ) (-3072 3972 257.135010 ) (-4096 3972 257.135010 ) (-4096 3972 133 ) 
4 364 404 (-4096 4096 128 ) (-4096 4096 64 ) (-4096 3972 64 ) (-4096 3972 128 ) 
4 364 391 (-3584 4096 64 ) (-3072 4096 64 ) (-3072 3972 64 ) (-3584 3972 64 ) 
4 364 393 (-4096 3972 64 ) (-4096 4096 64 ) (-3584 4096 64 ) (-3584 3972 64 ) 
4 364 390 (-4096 3972 64 ) (-3072 3972 64 ) (-3072 3972 128 ) (-4096 3972 128 ) 
4 365 399 (-4096 3970 257.135010 ) (-4096 3972 257.135010 ) (-4096 3972 133 ) (-4096 3970 133 ) 
4 365 387 (-3936 3970 256.135010 ) (-4096 3970 256.135010 ) (-4096 3970 133 ) (-3936 3970 133 ) 
4 365 377 (-3138.679932 3970 256.135010 ) (-3936 3970 256.135010 ) (-3936 3970 133 ) (-3138.679932 3970 133 ) 
4 365 374 (-3104.679932 3970 256.135010 ) (-3138.679932 3970 256.135010 ) (-3138.679932 3970 133 ) (-3104.679932 3970 133 ) 
4 365 372 (-3103.679932 3970 256.135010 ) (-3104.679932 3970 256.135010 ) (-3104.679932 3970 133 ) (-3103.679932 3970 133 ) 
4 365 370 (-3072 3970 133 ) (-3072 3970 256.135010 ) (-3103.679932 3970 256.135010 ) (-3103.679932 3970 133 ) 
4 365 367 (-3139 3970 257.135010 ) (-3139.679932 3970 257.135010 ) (-3139.679932 3970 256.135010 ) (-3139 3970 256.135010 ) 
4 365 369 (-3139.679932 3970 257.135010 ) (-4096 3970 257.135010 ) (-4096 3970 256.135010 ) (-3139.679932 3970 256.135010 ) 
4 365 366 (-3072 3970 256.135010 ) (-3072 3970 257.135010 ) (-3103 3970 257.135010 ) (-3103 3970 256.135010 ) 
4 366 370 (-3103 3968 256.135010 ) (-3103 3970 256.135010 ) (-3072 3970 256.135010 ) (-3072 3968 256.135010 ) 
4 366 371 (-3072 3837 256.135010 ) (-3103 3837 256.135010 ) (-3103 3968 256.135010 ) (-3072 3968 256.135010 ) 
4 366 368 (-3103 3838 256.135010 ) (-3103 3837 256.135010 ) (-3103 3837 257.135010 ) (-3103 3838 257.135010 ) 
4 366 389 (-3072 3837 256.135010 ) (-3072 3837 257.135010 ) (-3103 3837 257.135010 ) (-3103 3837 256.135010 ) 
4 367 379 (-3139.679932 3839.340088 256.135010 ) (-3139.679932 3968 256.135010 ) (-3139 3968 256.135010 ) (-3139 3839.340088 256.135010 ) 
4 367 377 (-3139.679932 3968 256.135010 ) (-3139.679932 3970 256.135010 ) (-3139 3970 256.135010 ) (-3139 3968 256.135010 ) 
4 367 369 (-3139.679932 3970 257.135010 ) (-3139.679932 3970 256.135010 ) (-3139.679932 3839.340088 256.135010 ) (-3139.679932 3839.340088 257.135010 ) 
4 368 381 (-3103.679932 3837 256.135010 ) (-3139.679932 3837 256.135010 ) (-3139.679932 3838 256.135010 ) (-3103.679932 3838 256.135010 ) 
4 368 371 (-3103 3837 256.135010 ) (-3103.679932 3837 256.135010 ) (-3103.679932 3838 256.135010 ) (-3103 3838 256.135010 ) 
4 368 369 (-3139.679932 3838 256.135010 ) (-3139.679932 3837 256.135010 ) (-3139.679932 3837 257.135010 ) (-3139.679932 3838 257.135010 ) 
4 368 389 (-3103 3837 257.135010 ) (-3139.679932 3837 257.135010 ) (-3139.679932 3837 256.135010 ) (-3103 3837 256.135010 ) 
4 369 399 (-4096 3837 257.135010 ) (-4096 3970 257.135010 ) (-4096 3970 256.135010 ) (-4096 3837 256.135010 ) 
4 369 387 (-4096 3968 256.135010 ) (-4096 3970 256.135010 ) (-3936 3970 256.135010 ) (-3936 3968 256.135010 ) 
4 369 388 (-3936 3837 256.135010 ) (-4096 3837 256.135010 ) (-4096 3968 256.135010 ) (-3936 3968 256.135010 ) 
4 369 382 (-3139.679932 3837 256.135010 ) (-3936 3837 256.135010 ) (-3936 3839.340088 256.135010 ) (-3139.679932 3839.340088 256.135010 ) 
4 369 379 (-3936 3839.340088 256.135010 ) (-3936 3968 256.135010 ) (-3139.679932 3968 256.135010 ) (-3139.679932 3839.340088 256.135010 ) 
4 369 377 (-3936 3968 256.135010 ) (-3936 3970 256.135010 ) (-3139.679932 3970 256.135010 ) (-3139.679932 3968 256.135010 ) 
4 369 389 (-3139.679932 3837 257.135010 ) (-4096 3837 257.135010 ) (-4096 3837 256.135010 ) (-3139.679932 3837 256.135010 ) 
4 370 372 (-3103.679932 3969.340088 256.135010 ) (-3103.679932 3970 256.135010 ) (-3103.679932 3970 133 ) (-3103.679932 3969.340088 133 ) 
4 370 371 (-3103.679932 3968 256.135010 ) (-3103.679932 3968 133 ) (-3072 3968 133 ) (-3072 3968 256.135010 ) 
4 371 384 (-3103.679932 3837 128 ) (-3103.679932 3837 130 ) (-3103.679932 3838.340088 130 ) (-3103.679932 3838.340088 128 ) 
4 371 383 (-3103.679932 3837 130 ) (-3103.679932 3837 131 ) (-3103.679932 3838.340088 131 ) (-3103.679932 3838.340088 130 ) 
4 371 381 (-3103.679932 3837 131 ) (-3103.679932 3837 256.135010 ) (-3103.679932 3838.340088 256.135010 ) (-3103.679932 3838.340088 131 ) 
4 371 390 (-3072 3968 128 ) (-3072 3837 128 ) (-3103.679932 3837 128 ) (-3103.679932 3968 128 ) 
4 371 389 (-3103.679932 3837 128 ) (-3072 3837 128 ) (-3072 3837 256.135010 ) (-3103.679932 3837 256.135010 ) 
4 372 374 (-3104.679932 3969.340088 256.135010 ) (-3104.679932 3970 256.135010 ) (-3104.679932 3970 133 ) (-3104.679932 3969.340088 133 ) 
4 373 390 (-3103.679932 3968 128 ) (-3103.679932 3839.340088 128 ) (-3104.679932 3839.340088 128 ) (-3104.679932 3968 128 ) 
4 374 377 (-3138.679932 3969.340088 256.135010 ) (-3138.679932 3970 256.135010 ) (-3138.679932 3970 133 ) (-3138.679932 3969.340088 133 ) 
4 375 390 (-3104.679932 3968 128 ) (-3104.679932 3967.340088 128 ) (-3138.679932 3967.340088 128 ) (-3138.679932 3968 128 ) 
4 376 378 (-3138.679932 3839.340088 128 ) (-3138.679932 3839.340088 256.135010 ) (-3138.679932 3967.340088 256.135010 ) (-3138.679932 3967.340088 128 ) 
4 376 390 (-3104.679932 3967.340088 128 ) (-3104.679932 3839.340088 128 ) (-3138.679932 3839.340088 128 ) (-3138.679932 3967.340088 128 ) 
4 377 387 (-3936 3968 256.135010 ) (-3936 3970 256.135010 ) (-3936 3970 133 ) (-3936 3968 133 ) 
4 377 379 (-3936 3968 256.135010 ) (-3936 3968 133 ) (-3139 3968 133 ) (-3139 3968 256.135010 ) 
4 377 378 (-3139 3968 133 ) (-3138.679932 3968 133 ) (-3138.679932 3968 256.135010 ) (-3139 3968 256.135010 ) 
4 378 379 (-3139 3968 256.135010 ) (-3139 3968 131 ) (-3139 3839.340088 131 ) (-3139 3839.340088 256.135010 ) 
4 378 380 (-3139 3968 130 ) (-3139 3968 128 ) (-3139 3839.340088 128 ) (-3139 3839.340088 130 ) 
4 378 390 (-3138.679932 3968 128 ) (-3138.679932 3839.340088 128 ) (-3139 3839.340088 128 ) (-3139 3968 128 ) 
4 379 388 (-3936 3839.340088 256.135010 ) (-3936 3968 256.135010 ) (-3936 3968 131 ) (-3936 3839.340088 131 ) 
4 379 382 (-3936 3839.340088 256.135010 ) (-3936 3839.340088 131 ) (-3139.679932 3839.340088 131 ) (-3139.679932 3839.340088 256.135010 ) 
4 380 388 (-3936 3968 130 ) (-3936 3968 128 ) (-3936 3839.340088 128 ) (-3936 3839.340088 130 ) 
4 380 385 (-3936 3839.340088 130 ) (-3936 3839.340088 128 ) (-3139.679932 3839.340088 128 ) (-3139.679932 3839.340088 130 ) 
4 380 390 (-3139 3839.340088 128 ) (-3936 3839.340088 128 ) (-3936 3968 128 ) (-3139 3968 128 ) 
4 381 383 (-3103.679932 3838.340088 131 ) (-3103.679932 3837 131 ) (-3139 3837 131 ) (-3139 3838.340088 131 ) 
4 381 382 (-3139.679932 3838.340088 131 ) (-3139.679932 3837 131 ) (-3139.679932 3837 256.135010 ) (-3139.679932 3838.340088 256.135010 ) 
4 381 389 (-3103.679932 3837 131 ) (-3103.679932 3837 256.135010 ) (-3139.679932 3837 256.135010 ) (-3139.679932 3837 131 ) 
4 382 388 (-3936 3837 131 ) (-3936 3837 256.135010 ) (-3936 3839.340088 256.135010 ) (-3936 3839.340088 131 ) 
4 382 389 (-3139.679932 3837 256.135010 ) (-3936 3837 256.135010 ) (-3936 3837 131 ) (-3139.679932 3837 131 ) 
4 383 384 (-3139 3838.340088 130 ) (-3103.679932 3838.340088 130 ) (-3103.679932 3837 130 ) (-3139 3837 130 ) 
4 383 389 (-3103.679932 3837 130 ) (-3103.679932 3837 131 ) (-3139 3837 131 ) (-3139 3837 130 ) 
4 384 385 (-3139.679932 3838.340088 128.134995 ) (-3139.679932 3837 128.134995 ) (-3139.679932 3837 130 ) (-3139.679932 3838.340088 130 ) 
4 384 386 (-3103.679932 3838.340088 128.134995 ) (-3103.679932 3837 128.134995 ) (-3139.679932 3837 128.134995 ) (-3139.679932 3838.340088 128.134995 ) 
4 384 389 (-3139.679932 3837 128 ) (-3103.679932 3837 128 ) (-3103.679932 3837 130 ) (-3139.679932 3837 130 ) 
4 385 388 (-3936 3837 128 ) (-3936 3837 130 ) (-3936 3839.340088 130 ) (-3936 3839.340088 128 ) 
4 385 389 (-3936 3837 128 ) (-3139.679932 3837 128 ) (-3139.679932 3837 130 ) (-3936 3837 130 ) 
4 385 386 (-3936 3837 128.134995 ) (-3936 3839.340088 128.134995 ) (-3139.679932 3839.340088 128.134995 ) (-3139.679932 3837 128.134995 ) 
4 386 390 (-3103.679932 3839.340088 128 ) (-3103.679932 3837 128 ) (-3936 3837 128 ) (-3936 3839.340088 128 ) 
4 387 399 (-4096 3970 256.135010 ) (-4096 3970 133 ) (-4096 3968 133 ) (-4096 3968 256.135010 ) 
4 387 388 (-3936 3968 133 ) (-3936 3968 256.135010 ) (-4096 3968 256.135010 ) (-4096 3968 133 ) 
4 388 401 (-4096 3968 128 ) (-4096 3837 128 ) (-4096 3837 133 ) (-4096 3968 133 ) 
4 388 399 (-4096 3837 133 ) (-4096 3837 256.135010 ) (-4096 3968 256.135010 ) (-4096 3968 133 ) 
4 388 389 (-4096 3837 128 ) (-3936 3837 128 ) (-3936 3837 256.135010 ) (-4096 3837 256.135010 ) 
4 388 390 (-4096 3837 128 ) (-4096 3968 128 ) (-3936 3968 128 ) (-3936 3837 128 ) 
4 389 401 (-4096 3072 128 ) (-4096 3072 133 ) (-4096 3837 133 ) (-4096 3837 128 ) 
4 389 399 (-4096 3072 133 ) (-4096 3072 257.135010 ) (-4096 3837 257.135010 ) (-4096 3837 133 ) 
4 389 395 (-3072 3072 128 ) (-3072 3072 257.135010 ) (-4096 3072 257.135010 ) (-4096 3072 128 ) 
4 389 390 (-4096 3072 128 ) (-4096 3837 128 ) (-3072 3837 128 ) (-3072 3072 128 ) 
4 390 404 (-4096 3972 64 ) (-4096 3072 64 ) (-4096 3072 128 ) (-4096 3972 128 ) 
4 390 395 (-3072 3072 64 ) (-3072 3072 128 ) (-4096 3072 128 ) (-4096 3072 64 ) 
4 390 392 (-3072 3072 64 ) (-3584 3072 64 ) (-3584 3584 64 ) (-3072 3584 64 ) 
4 390 391 (-3584 3584 64 ) (-3584 3972 64 ) (-3072 3972 64 ) (-3072 3584 64 ) 
4 390 393 (-3584 3072 64 ) (-4096 3072 64 ) (-4096 3972 64 ) (-3584 3972 64 ) 
4 391 394 (-3584 4096 -128 ) (-3072 4096 -128 ) (-3072 3584 -128 ) (-3584 3584 -128 ) 
4 391 392 (-3584 3584 64 ) (-3584 3584 -127 ) (-3072 3584 -127 ) (-3072 3584 64 ) 
4 391 393 (-3584 4096 -128 ) (-3584 3584 -128 ) (-3584 3584 64 ) (-3584 4096 64 ) 
4 392 396 (-3072 3072 -127 ) (-3072 3072 64 ) (-3584 3072 64 ) (-3584 3072 -127 ) 
4 392 393 (-3584 3072 -127 ) (-3584 3072 64 ) (-3584 3584 64 ) (-3584 3584 -127 ) 
4 393 405 (-4096 4096 64 ) (-4096 4096 -128 ) (-4096 3072 -128 ) (-4096 3072 64 ) 
4 393 397 (-3584 3072 64 ) (-4096 3072 64 ) (-4096 3072 -128 ) (-3584 3072 -128 ) 
4 393 394 (-4096 3072 -128 ) (-4096 4096 -128 ) (-3584 4096 -128 ) (-3584 3072 -128 ) 
4 394 406 (-4096 4096 -128 ) (-4096 4096 -1152.239990 ) (-4096 3072 -1152.239990 ) (-4096 3072 -128 ) 
4 394 398 (-3072 3072 -1152.239990 ) (-3072 3072 -128 ) (-4096 3072 -128 ) (-4096 3072 -1152.239990 ) 
4 395 607 (-3072 2048 64 ) (-3072 2048 5850.240234 ) (-4096 2048 5850.240234 ) (-4096 2048 64 ) 
4 395 407 (-4096 2048 64 ) (-4096 2048 5850.240234 ) (-4096 3072 5850.240234 ) (-4096 3072 64 ) 
4 395 396 (-3072 2048 64 ) (-3584 2048 64 ) (-3584 3072 64 ) (-3072 3072 64 ) 
4 395 397 (-3584 2048 64 ) (-4096 2048 64 ) (-4096 3072 64 ) (-3584 3072 64 ) 
4 396 608 (-3072 2048 -127 ) (-3072 2048 64 ) (-3584 2048 64 ) (-3584 2048 -127 ) 
4 396 397 (-3584 2048 -127 ) (-3584 2048 64 ) (-3584 3072 64 ) (-3584 3072 -127 ) 
4 397 609 (-3584 2048 64 ) (-4096 2048 64 ) (-4096 2048 -128 ) (-3584 2048 -128 ) 
4 397 410 (-4096 2048 -128 ) (-4096 2048 64 ) (-4096 3072 64 ) (-4096 3072 -128 ) 
4 397 398 (-3584 2048 -128 ) (-4096 2048 -128 ) (-4096 3072 -128 ) (-3584 3072 -128 ) 
4 398 610 (-3072 2048 -1152.239990 ) (-3072 2048 -128 ) (-4096 2048 -128 ) (-4096 2048 -1152.239990 ) 
4 398 411 (-4096 2048 -1152.239990 ) (-4096 2048 -128 ) (-4096 3072 -128 ) (-4096 3072 -1152.239990 ) 
4 399 407 (-4096 3072 133 ) (-4096 3072 5850.240234 ) (-4584 3072 5850.240234 ) (-4584 3072 133 ) 
4 399 403 (-4584 3072 400 ) (-4584 3072 5850.240234 ) (-4584 4096 5850.240234 ) (-4584 4096 400 ) 
4 399 401 (-4096 3968 133 ) (-4096 3072 133 ) (-4516 3072 133 ) (-4516 3968 133 ) 
4 399 402 (-4584 3072 133 ) (-4584 3972 133 ) (-4516 3972 133 ) (-4516 3072 133 ) 
4 399 400 (-4584 3972 133 ) (-4584 4096 133 ) (-4516 4096 133 ) (-4516 3972 133 ) 
4 400 402 (-4516 3972 133 ) (-4584 3972 133 ) (-4584 3972 128 ) (-4516 3972 128 ) 
4 400 404 (-4584 4096 128 ) (-4516 4096 128 ) (-4516 3972 128 ) (-4584 3972 128 ) 
4 401 407 (-4096 3072 128 ) (-4096 3072 133 ) (-4516 3072 133 ) (-4516 3072 128 ) 
4 401 402 (-4516 3968 128 ) (-4516 3072 128 ) (-4516 3072 133 ) (-4516 3968 133 ) 
4 401 404 (-4096 3968 128 ) (-4096 3072 128 ) (-4516 3072 128 ) (-4516 3968 128 ) 
4 402 407 (-4516 3072 133 ) (-4584 3072 133 ) (-4584 3072 128 ) (-4516 3072 128 ) 
4 402 404 (-4516 3072 128 ) (-4584 3072 128 ) (-4584 3972 128 ) (-4516 3972 128 ) 
4 403 408 (-4608 3072 5850.240234 ) (-4608 3072 400 ) (-4584 3072 400 ) (-4584 3072 5850.240234 ) 
4 404 409 (-4584 3072 128 ) (-4608 3072 128 ) (-4608 3072 64 ) (-4584 3072 64 ) 
4 404 407 (-4096 3072 64 ) (-4096 3072 128 ) (-4584 3072 128 ) (-4584 3072 64 ) 
4 404 405 (-4608 4096 64 ) (-4096 4096 64 ) (-4096 3072 64 ) (-4608 3072 64 ) 
4 405 410 (-4096 3072 -128 ) (-4096 3072 64 ) (-4608 3072 64 ) (-4608 3072 -128 ) 
4 405 406 (-4096 3072 -128 ) (-4608 3072 -128 ) (-4608 4096 -128 ) (-4096 4096 -128 ) 
4 406 411 (-4096 3072 -1152.239990 ) (-4096 3072 -128 ) (-4608 3072 -128 ) (-4608 3072 -1152.239990 ) 
4 407 611 (-4096 2048 64 ) (-4096 2048 5850.240234 ) (-4584 2048 5850.240234 ) (-4584 2048 64 ) 
4 407 410 (-4096 2048 64 ) (-4584 2048 64 ) (-4584 3072 64 ) (-4096 3072 64 ) 
4 407 409 (-4584 3072 64 ) (-4584 2048 64 ) (-4584 2048 128 ) (-4584 3072 128 ) 
4 407 408 (-4584 2048 400 ) (-4584 2048 5850.240234 ) (-4584 3072 5850.240234 ) (-4584 3072 400 ) 
4 408 612 (-4584 2048 5850.240234 ) (-4608 2048 5850.240234 ) (-4608 2048 400 ) (-4584 2048 400 ) 
4 409 613 (-4608 2048 128 ) (-4608 2048 64 ) (-4584 2048 64 ) (-4584 2048 128 ) 
4 409 410 (-4584 2048 64 ) (-4608 2048 64 ) (-4608 3072 64 ) (-4584 3072 64 ) 
4 410 614 (-4096 2048 -128 ) (-4096 2048 64 ) (-4608 2048 64 ) (-4608 2048 -128 ) 
4 410 411 (-4608 3072 -128 ) (-4096 3072 -128 ) (-4096 2048 -128 ) (-4608 2048 -128 ) 
4 411 615 (-4096 2048 -1152.239990 ) (-4096 2048 -128 ) (-4608 2048 -128 ) (-4608 2048 -1152.239990 ) 
4 412 421 (4608 1024 400 ) (4608 1024 5850.240234 ) (4584 1024 5850.240234 ) (4584 1024 400 ) 
4 412 414 (4584 1024 400 ) (4584 1024 5850.240234 ) (4584 2048 5850.240234 ) (4584 2048 400 ) 
4 413 422 (4584 1024 64 ) (4608 1024 64 ) (4608 1024 128 ) (4584 1024 128 ) 
4 413 415 (4608 1024 64 ) (4584 1024 64 ) (4584 2048 64 ) (4608 2048 64 ) 
4 413 414 (4584 2048 64 ) (4584 1024 64 ) (4584 1024 128 ) (4584 2048 128 ) 
4 414 423 (4096 1024 5850.240234 ) (4096 1024 64 ) (4584 1024 64 ) (4584 1024 5850.240234 ) 
4 414 417 (4096 1024 64 ) (4096 1024 5850.240234 ) (4096 2048 5850.240234 ) (4096 2048 64 ) 
4 414 415 (4584 1024 64 ) (4096 1024 64 ) (4096 2048 64 ) (4584 2048 64 ) 
4 415 424 (4608 1024 64 ) (4096 1024 64 ) (4096 1024 -128 ) (4608 1024 -128 ) 
4 415 418 (4096 1024 -128 ) (4096 1024 64 ) (4096 2048 64 ) (4096 2048 -128 ) 
4 415 416 (4096 2048 -128 ) (4608 2048 -128 ) (4608 1024 -128 ) (4096 1024 -128 ) 
4 416 425 (4608 1024 -128 ) (4096 1024 -128 ) (4096 1024 -1152.239990 ) (4608 1024 -1152.239990 ) 
4 416 420 (4096 1024 -1152.239990 ) (4096 1024 -128 ) (4096 2048 -128 ) (4096 2048 -1152.239990 ) 
4 417 439 (3072 2048 5850.240234 ) (3072 2048 64 ) (3072 1024 64 ) (3072 1024 5850.240234 ) 
4 417 426 (4096 1024 64 ) (4096 1024 5850.240234 ) (3072 1024 5850.240234 ) (3072 1024 64 ) 
4 417 419 (3072 1024 64 ) (3072 2048 64 ) (3584 2048 64 ) (3584 1024 64 ) 
4 417 418 (3584 2048 64 ) (4096 2048 64 ) (4096 1024 64 ) (3584 1024 64 ) 
4 418 427 (4096 1024 -128 ) (4096 1024 64 ) (3584 1024 64 ) (3584 1024 -128 ) 
4 418 420 (4096 1024 -128 ) (3584 1024 -128 ) (3584 2048 -128 ) (4096 2048 -128 ) 
4 418 419 (3584 1024 -127 ) (3584 1024 64 ) (3584 2048 64 ) (3584 2048 -127 ) 
4 419 440 (3072 2048 64 ) (3072 2048 -127 ) (3072 1024 -127 ) (3072 1024 64 ) 
4 419 428 (3584 1024 64 ) (3072 1024 64 ) (3072 1024 -127 ) (3584 1024 -127 ) 
4 420 441 (3072 2048 -128 ) (3072 2048 -1152.239990 ) (3072 1024 -1152.239990 ) (3072 1024 -128 ) 
4 420 429 (4096 1024 -1152.239990 ) (4096 1024 -128 ) (3072 1024 -128 ) (3072 1024 -1152.239990 ) 
4 421 430 (4608 0 400 ) (4608 0 5850.240234 ) (4584 0 5850.240234 ) (4584 0 400 ) 
4 421 423 (4584 0 400 ) (4584 0 5850.240234 ) (4584 1024 5850.240234 ) (4584 1024 400 ) 
4 422 431 (4584 0 64 ) (4608 0 64 ) (4608 0 128 ) (4584 0 128 ) 
4 422 424 (4584 1024 64 ) (4608 1024 64 ) (4608 0 64 ) (4584 0 64 ) 
4 422 423 (4584 1024 64 ) (4584 0 64 ) (4584 0 128 ) (4584 1024 128 ) 
4 423 432 (4096 0 5850.240234 ) (4096 0 64 ) (4584 0 64 ) (4584 0 5850.240234 ) 
4 423 426 (4096 1024 5850.240234 ) (4096 1024 64 ) (4096 0 64 ) (4096 0 5850.240234 ) 
4 423 424 (4096 0 64 ) (4096 1024 64 ) (4584 1024 64 ) (4584 0 64 ) 
4 424 433 (4608 0 64 ) (4096 0 64 ) (4096 0 -128 ) (4608 0 -128 ) 
4 424 427 (4096 1024 64 ) (4096 1024 -128 ) (4096 0 -128 ) (4096 0 64 ) 
4 424 425 (4608 0 -128 ) (4096 0 -128 ) (4096 1024 -128 ) (4608 1024 -128 ) 
4 425 434 (4608 0 -128 ) (4096 0 -128 ) (4096 0 -1152.239990 ) (4608 0 -1152.239990 ) 
4 425 429 (4096 1024 -128 ) (4096 1024 -1152.239990 ) (4096 0 -1152.239990 ) (4096 0 -128 ) 
4 426 452 (3072 0 64 ) (3072 0 5850.240234 ) (3072 1024 5850.240234 ) (3072 1024 64 ) 
4 426 435 (4096 0 64 ) (4096 0 5850.240234 ) (3072 0 5850.240234 ) (3072 0 64 ) 
4 426 428 (3584 0 64 ) (3072 0 64 ) (3072 1024 64 ) (3584 1024 64 ) 
4 426 427 (4096 1024 64 ) (4096 0 64 ) (3584 0 64 ) (3584 1024 64 ) 
4 427 436 (4096 0 -128 ) (4096 0 64 ) (3584 0 64 ) (3584 0 -128 ) 
4 427 429 (4096 0 -128 ) (3584 0 -128 ) (3584 1024 -128 ) (4096 1024 -128 ) 
4 427 428 (3584 0 -127 ) (3584 0 64 ) (3584 1024 64 ) (3584 1024 -127 ) 
4 428 453 (3072 0 -127 ) (3072 0 64 ) (3072 1024 64 ) (3072 1024 -127 ) 
4 428 437 (3584 0 64 ) (3072 0 64 ) (3072 0 -127 ) (3584 0 -127 ) 
4 429 454 (3072 0 -1152.239990 ) (3072 0 -128 ) (3072 1024 -128 ) (3072 1024 -1152.239990 ) 
4 429 438 (4096 0 -1152.239990 ) (4096 0 -128 ) (3072 0 -128 ) (3072 0 -1152.239990 ) 
4 430 484 (4608 -1024 400 ) (4608 -1024 5850.240234 ) (4584 -1024 5850.240234 ) (4584 -1024 400 ) 
4 430 432 (4584 -1024 400 ) (4584 -1024 5850.240234 ) (4584 0 5850.240234 ) (4584 0 400 ) 
4 431 485 (4584 -1024 64 ) (4608 -1024 64 ) (4608 -1024 128 ) (4584 -1024 128 ) 
4 431 433 (4584 0 64 ) (4608 0 64 ) (4608 -1024 64 ) (4584 -1024 64 ) 
4 431 432 (4584 0 64 ) (4584 -1024 64 ) (4584 -1024 128 ) (4584 0 128 ) 
4 432 486 (4096 -1024 5850.240234 ) (4096 -1024 64 ) (4584 -1024 64 ) (4584 -1024 5850.240234 ) 
4 432 435 (4096 0 5850.240234 ) (4096 0 64 ) (4096 -1024 64 ) (4096 -1024 5850.240234 ) 
4 432 433 (4096 -1024 64 ) (4096 0 64 ) (4584 0 64 ) (4584 -1024 64 ) 
4 433 487 (4608 -1024 64 ) (4096 -1024 64 ) (4096 -1024 -128 ) (4608 -1024 -128 ) 
4 433 436 (4096 0 64 ) (4096 0 -128 ) (4096 -1024 -128 ) (4096 -1024 64 ) 
4 433 434 (4608 -1024 -128 ) (4096 -1024 -128 ) (4096 0 -128 ) (4608 0 -128 ) 
4 434 488 (4608 -1024 -128 ) (4096 -1024 -128 ) (4096 -1024 -1152.239990 ) (4608 -1024 -1152.239990 ) 
4 434 438 (4096 0 -128 ) (4096 0 -1152.239990 ) (4096 -1024 -1152.239990 ) (4096 -1024 -128 ) 
4 435 489 (4096 -1024 64 ) (4096 -1024 5850.240234 ) (3072 -1024 5850.240234 ) (3072 -1024 64 ) 
4 435 455 (3072 -1024 64 ) (3072 -1024 5850.240234 ) (3072 0 5850.240234 ) (3072 0 64 ) 
4 435 437 (3584 -1024 64 ) (3072 -1024 64 ) (3072 0 64 ) (3584 0 64 ) 
4 435 436 (4096 0 64 ) (4096 -1024 64 ) (3584 -1024 64 ) (3584 0 64 ) 
4 436 490 (4096 -1024 -128 ) (4096 -1024 64 ) (3584 -1024 64 ) (3584 -1024 -128 ) 
4 436 438 (4096 -1024 -128 ) (3584 -1024 -128 ) (3584 0 -128 ) (4096 0 -128 ) 
4 436 437 (3584 -1024 -127 ) (3584 -1024 64 ) (3584 0 64 ) (3584 0 -127 ) 
4 437 491 (3584 -1024 64 ) (3072 -1024 64 ) (3072 -1024 -127 ) (3584 -1024 -127 ) 
4 437 456 (3072 -1024 -127 ) (3072 -1024 64 ) (3072 0 64 ) (3072 0 -127 ) 
4 438 492 (4096 -1024 -1152.239990 ) (4096 -1024 -128 ) (3072 -1024 -128 ) (3072 -1024 -1152.239990 ) 
4 438 457 (3072 -1024 -1152.239990 ) (3072 -1024 -128 ) (3072 0 -128 ) (3072 0 -1152.239990 ) 
4 439 452 (3072 1024 64 ) (3072 1024 5850.240234 ) (2048 1024 5850.240234 ) (2048 1024 64 ) 
4 439 442 (2048 2048 5850.240234 ) (2048 2048 64 ) (2048 1024 64 ) (2048 1024 5850.240234 ) 
4 439 440 (3072 1024 64 ) (2048 1024 64 ) (2048 2048 64 ) (3072 2048 64 ) 
4 440 453 (3072 1024 -127 ) (3072 1024 64 ) (2048 1024 64 ) (2048 1024 -127 ) 
4 440 443 (2048 2048 64 ) (2048 2048 -127 ) (2048 1024 -127 ) (2048 1024 64 ) 
4 441 454 (3072 1024 -1152.239990 ) (3072 1024 -128 ) (2048 1024 -128 ) (2048 1024 -1152.239990 ) 
4 441 444 (2048 2048 -128 ) (2048 2048 -1152.239990 ) (2048 1024 -1152.239990 ) (2048 1024 -128 ) 
4 442 458 (2048 1024 64 ) (2048 1024 5850.240234 ) (1024 1024 5850.240234 ) (1024 1024 64 ) 
4 442 446 (1024 1024 128 ) (1024 1024 168 ) (1024 2048 168 ) (1024 2048 128 ) 
4 442 445 (1024 1024 168 ) (1024 1024 5850.240234 ) (1024 2048 5850.240234 ) (1024 2048 168 ) 
4 442 449 (1024 1024 64 ) (1024 1024 128 ) (1024 2048 128 ) (1024 2048 64 ) 
4 442 443 (2048 1024 64 ) (1024 1024 64 ) (1024 2048 64 ) (2048 2048 64 ) 
4 443 459 (2048 1024 -127 ) (2048 1024 64 ) (1024 1024 64 ) (1024 1024 -127 ) 
4 443 450 (1024 1024 -127 ) (1024 1024 64 ) (1024 2048 64 ) (1024 2048 -127 ) 
4 444 460 (2048 1024 -1152.239990 ) (2048 1024 -128 ) (1024 1024 -128 ) (1024 1024 -1152.239990 ) 
4 444 451 (1024 1024 -1152.239990 ) (1024 1024 -128 ) (1024 2048 -128 ) (1024 2048 -1152.239990 ) 
4 445 580 (0 2048 5850.240234 ) (0 2048 168 ) (0 1024 168 ) (0 1024 5850.240234 ) 
4 445 461 (1024 1024 168 ) (1024 1024 5850.240234 ) (0 1024 5850.240234 ) (0 1024 168 ) 
4 445 448 (0 1024 168 ) (0 2048 168 ) (48 2048 168 ) (48 1024 168 ) 
4 445 447 (64 2048 168 ) (192 2048 168 ) (192 1024 168 ) (64 1024 168 ) 
4 445 446 (208 2048 168 ) (1024 2048 168 ) (1024 1024 168 ) (208 1024 168 ) 
4 446 462 (1024 1024 128 ) (1024 1024 168 ) (208 1024 168 ) (208 1024 128 ) 
4 446 449 (1024 1024 128 ) (208 1024 128 ) (208 2048 128 ) (1024 2048 128 ) 
4 447 463 (192 1024 168 ) (64 1024 168 ) (64 1024 144 ) (192 1024 144 ) 
4 448 580 (0 2048 168 ) (0 2048 128 ) (0 1024 128 ) (0 1024 168 ) 
4 448 464 (48 1024 168 ) (0 1024 168 ) (0 1024 128 ) (48 1024 128 ) 
4 448 449 (48 1024 128 ) (0 1024 128 ) (0 2048 128 ) (48 2048 128 ) 
4 449 580 (0 2048 128 ) (0 2048 64 ) (0 1024 64 ) (0 1024 128 ) 
4 449 466 (160 1024 128 ) (96 1024 128 ) (96 1024 64 ) (160 1024 64 ) 
4 449 465 (1024 1024 64 ) (1024 1024 128 ) (160 1024 128 ) (160 1024 64 ) 
4 449 468 (96 1024 128 ) (0 1024 128 ) (0 1024 64 ) (96 1024 64 ) 
4 449 450 (0 1024 64 ) (0 2048 64 ) (1024 2048 64 ) (1024 1024 64 ) 
4 450 581 (0 2048 64 ) (0 2048 -127 ) (0 1024 -127 ) (0 1024 64 ) 
4 450 470 (160 1024 64 ) (96 1024 64 ) (96 1024 -127 ) (160 1024 -127 ) 
4 450 469 (1024 1024 -127 ) (1024 1024 64 ) (160 1024 64 ) (160 1024 -127 ) 
4 450 472 (96 1024 64 ) (0 1024 64 ) (0 1024 -127 ) (96 1024 -127 ) 
4 451 582 (0 2048 -128 ) (0 2048 -1152.239990 ) (0 1024 -1152.239990 ) (0 1024 -128 ) 
4 451 473 (1024 1024 -1152.239990 ) (1024 1024 -128 ) (0 1024 -128 ) (0 1024 -1152.239990 ) 
4 452 458 (2048 1024 5850.240234 ) (2048 1024 64 ) (2048 0 64 ) (2048 0 5850.240234 ) 
4 452 455 (3072 0 64 ) (3072 0 5850.240234 ) (2048 0 5850.240234 ) (2048 0 64 ) 
4 452 453 (2048 0 64 ) (2048 1024 64 ) (3072 1024 64 ) (3072 0 64 ) 
4 453 459 (2048 1024 64 ) (2048 1024 -127 ) (2048 0 -127 ) (2048 0 64 ) 
4 453 456 (3072 0 -127 ) (3072 0 64 ) (2048 0 64 ) (2048 0 -127 ) 
4 454 460 (2048 1024 -128 ) (2048 1024 -1152.239990 ) (2048 0 -1152.239990 ) (2048 0 -128 ) 
4 454 457 (3072 0 -1152.239990 ) (3072 0 -128 ) (2048 0 -128 ) (2048 0 -1152.239990 ) 
4 455 515 (3072 -1024 64 ) (3072 -1024 5850.240234 ) (2048 -1024 5850.240234 ) (2048 -1024 64 ) 
4 455 474 (2048 -1024 64 ) (2048 -1024 5850.240234 ) (2048 0 5850.240234 ) (2048 0 64 ) 
4 455 456 (3072 -1024 64 ) (2048 -1024 64 ) (2048 0 64 ) (3072 0 64 ) 
4 456 516 (3072 -1024 -127 ) (3072 -1024 64 ) (2048 -1024 64 ) (2048 -1024 -127 ) 
4 456 475 (2048 -1024 -127 ) (2048 -1024 64 ) (2048 0 64 ) (2048 0 -127 ) 
4 457 517 (3072 -1024 -1152.239990 ) (3072 -1024 -128 ) (2048 -1024 -128 ) (2048 -1024 -1152.239990 ) 
4 457 476 (2048 -1024 -1152.239990 ) (2048 -1024 -128 ) (2048 0 -128 ) (2048 0 -1152.239990 ) 
4 458 474 (2048 0 64 ) (2048 0 5850.240234 ) (1024 0 5850.240234 ) (1024 0 64 ) 
4 458 465 (1024 1024 128 ) (1024 1024 64 ) (1024 0 64 ) (1024 0 128 ) 
4 458 462 (1024 1024 168 ) (1024 1024 128 ) (1024 0 128 ) (1024 0 168 ) 
4 458 461 (1024 1024 5850.240234 ) (1024 1024 168 ) (1024 0 168 ) (1024 0 5850.240234 ) 
4 458 459 (2048 0 64 ) (1024 0 64 ) (1024 1024 64 ) (2048 1024 64 ) 
4 459 475 (2048 0 -127 ) (2048 0 64 ) (1024 0 64 ) (1024 0 -127 ) 
4 459 469 (1024 1024 64 ) (1024 1024 -127 ) (1024 0 -127 ) (1024 0 64 ) 
4 460 476 (2048 0 -1152.239990 ) (2048 0 -128 ) (1024 0 -128 ) (1024 0 -1152.239990 ) 
4 460 473 (1024 1024 -128 ) (1024 1024 -1152.239990 ) (1024 0 -1152.239990 ) (1024 0 -128 ) 
4 461 589 (0 0 168 ) (0 0 5850.240234 ) (0 1024 5850.240234 ) (0 1024 168 ) 
4 461 477 (1024 0 168 ) (1024 0 5850.240234 ) (0 0 5850.240234 ) (0 0 168 ) 
4 461 464 (48 0 168 ) (0 0 168 ) (0 1024 168 ) (48 1024 168 ) 
4 461 463 (192 0 168 ) (64 0 168 ) (64 1024 168 ) (192 1024 168 ) 
4 461 462 (1024 1024 168 ) (1024 0 168 ) (208 0 168 ) (208 1024 168 ) 
4 462 478 (1024 0 128 ) (1024 0 168 ) (208 0 168 ) (208 0 128 ) 
4 462 465 (1024 0 128 ) (208 0 128 ) (208 1024 128 ) (1024 1024 128 ) 
4 463 479 (192 0 168 ) (64 0 168 ) (64 0 144 ) (192 0 144 ) 
4 464 589 (0 0 128 ) (0 0 168 ) (0 1024 168 ) (0 1024 128 ) 
4 464 480 (48 0 168 ) (0 0 168 ) (0 0 128 ) (48 0 128 ) 
4 464 468 (48 0 128 ) (0 0 128 ) (0 1024 128 ) (48 1024 128 ) 
4 465 481 (1024 0 64 ) (1024 0 128 ) (160 0 128 ) (160 0 64 ) 
4 465 469 (1024 1024 64 ) (1024 0 64 ) (160 0 64 ) (160 1024 64 ) 
4 465 466 (160 1024 64 ) (160 576 64 ) (160 576 128 ) (160 1024 128 ) 
4 465 467 (160 512 64 ) (160 0 64 ) (160 0 128 ) (160 512 128 ) 
4 466 470 (96 576 64 ) (96 1024 64 ) (160 1024 64 ) (160 576 64 ) 
4 466 468 (96 1024 64 ) (96 576 64 ) (96 576 128 ) (96 1024 128 ) 
4 467 481 (160 0 128 ) (96 0 128 ) (96 0 64 ) (160 0 64 ) 
4 467 471 (160 0 64 ) (96 0 64 ) (96 512 64 ) (160 512 64 ) 
4 467 468 (96 512 64 ) (96 0 64 ) (96 0 128 ) (96 512 128 ) 
4 468 589 (0 0 64 ) (0 0 128 ) (0 1024 128 ) (0 1024 64 ) 
4 468 481 (96 0 128 ) (0 0 128 ) (0 0 64 ) (96 0 64 ) 
4 468 472 (96 0 64 ) (0 0 64 ) (0 1024 64 ) (96 1024 64 ) 
4 469 482 (1024 0 -127 ) (1024 0 64 ) (160 0 64 ) (160 0 -127 ) 
4 469 470 (160 1024 -127 ) (160 576 -127 ) (160 576 64 ) (160 1024 64 ) 
4 469 471 (160 512 -127 ) (160 0 -127 ) (160 0 64 ) (160 512 64 ) 
4 470 472 (96 1024 -127 ) (96 576 -127 ) (96 576 64 ) (96 1024 64 ) 
4 471 482 (160 0 64 ) (96 0 64 ) (96 0 -127 ) (160 0 -127 ) 
4 471 472 (96 512 -127 ) (96 0 -127 ) (96 0 64 ) (96 512 64 ) 
4 472 590 (0 0 -127 ) (0 0 64 ) (0 1024 64 ) (0 1024 -127 ) 
4 472 482 (96 0 64 ) (0 0 64 ) (0 0 -127 ) (96 0 -127 ) 
4 473 591 (0 0 -1152.239990 ) (0 0 -128 ) (0 1024 -128 ) (0 1024 -1152.239990 ) 
4 473 483 (1024 0 -1152.239990 ) (1024 0 -128 ) (0 0 -128 ) (0 0 -1152.239990 ) 
4 474 522 (2048 -1024 64 ) (2048 -1024 5850.240234 ) (1024 -1024 5850.240234 ) (1024 -1024 64 ) 
4 474 478 (1024 0 168 ) (1024 0 128 ) (1024 -1024 128 ) (1024 -1024 168 ) 
4 474 477 (1024 0 5850.240234 ) (1024 0 168 ) (1024 -1024 168 ) (1024 -1024 5850.240234 ) 
4 474 481 (1024 0 128 ) (1024 0 64 ) (1024 -1024 64 ) (1024 -1024 128 ) 
4 474 475 (1024 0 64 ) (2048 0 64 ) (2048 -1024 64 ) (1024 -1024 64 ) 
4 475 523 (2048 -1024 -127 ) (2048 -1024 64 ) (1024 -1024 64 ) (1024 -1024 -127 ) 
4 475 482 (1024 0 64 ) (1024 0 -127 ) (1024 -1024 -127 ) (1024 -1024 64 ) 
4 476 524 (2048 -1024 -1152.239990 ) (2048 -1024 -128 ) (1024 -1024 -128 ) (1024 -1024 -1152.239990 ) 
4 476 483 (1024 0 -128 ) (1024 0 -1152.239990 ) (1024 -1024 -1152.239990 ) (1024 -1024 -128 ) 
4 477 592 (0 -1024 168 ) (0 -1024 5850.240234 ) (0 0 5850.240234 ) (0 0 168 ) 
4 477 525 (1024 -1024 168 ) (1024 -1024 5850.240234 ) (0 -1024 5850.240234 ) (0 -1024 168 ) 
4 477 480 (48 -1024 168 ) (0 -1024 168 ) (0 0 168 ) (48 0 168 ) 
4 477 479 (192 -1024 168 ) (64 -1024 168 ) (64 0 168 ) (192 0 168 ) 
4 477 478 (1024 0 168 ) (1024 -1024 168 ) (208 -1024 168 ) (208 0 168 ) 
4 478 526 (1024 -1024 128 ) (1024 -1024 168 ) (208 -1024 168 ) (208 -1024 128 ) 
4 478 481 (1024 -1024 128 ) (208 -1024 128 ) (208 0 128 ) (1024 0 128 ) 
4 479 527 (192 -1024 168 ) (64 -1024 168 ) (64 -1024 144 ) (192 -1024 144 ) 
4 480 592 (0 -1024 128 ) (0 -1024 168 ) (0 0 168 ) (0 0 128 ) 
4 480 528 (48 -1024 168 ) (0 -1024 168 ) (0 -1024 128 ) (48 -1024 128 ) 
4 480 481 (48 -1024 128 ) (0 -1024 128 ) (0 0 128 ) (48 0 128 ) 
4 481 592 (0 -1024 64 ) (0 -1024 128 ) (0 0 128 ) (0 0 64 ) 
4 481 530 (160 -1024 128 ) (96 -1024 128 ) (96 -1024 64 ) (160 -1024 64 ) 
4 481 529 (1024 -1024 64 ) (1024 -1024 128 ) (160 -1024 128 ) (160 -1024 64 ) 
4 481 532 (96 -1024 128 ) (0 -1024 128 ) (0 -1024 64 ) (96 -1024 64 ) 
4 481 482 (1024 0 64 ) (1024 -1024 64 ) (0 -1024 64 ) (0 0 64 ) 
4 482 593 (0 -1024 -127 ) (0 -1024 64 ) (0 0 64 ) (0 0 -127 ) 
4 482 534 (160 -1024 64 ) (96 -1024 64 ) (96 -1024 -127 ) (160 -1024 -127 ) 
4 482 533 (1024 -1024 -127 ) (1024 -1024 64 ) (160 -1024 64 ) (160 -1024 -127 ) 
4 482 536 (96 -1024 64 ) (0 -1024 64 ) (0 -1024 -127 ) (96 -1024 -127 ) 
4 483 594 (0 -1024 -1152.239990 ) (0 -1024 -128 ) (0 0 -128 ) (0 0 -1152.239990 ) 
4 483 537 (1024 -1024 -1152.239990 ) (1024 -1024 -128 ) (0 -1024 -128 ) (0 -1024 -1152.239990 ) 
4 484 493 (4608 -2048 400 ) (4608 -2048 5850.240234 ) (4584 -2048 5850.240234 ) (4584 -2048 400 ) 
4 484 486 (4584 -2048 400 ) (4584 -2048 5850.240234 ) (4584 -1024 5850.240234 ) (4584 -1024 400 ) 
4 485 494 (4584 -2048 64 ) (4608 -2048 64 ) (4608 -2048 128 ) (4584 -2048 128 ) 
4 485 487 (4584 -1024 64 ) (4608 -1024 64 ) (4608 -2048 64 ) (4584 -2048 64 ) 
4 485 486 (4584 -1024 64 ) (4584 -2048 64 ) (4584 -2048 128 ) (4584 -1024 128 ) 
4 486 495 (4096 -2048 5850.240234 ) (4096 -2048 64 ) (4584 -2048 64 ) (4584 -2048 5850.240234 ) 
4 486 489 (4096 -1024 5850.240234 ) (4096 -1024 64 ) (4096 -2048 64 ) (4096 -2048 5850.240234 ) 
4 486 487 (4096 -2048 64 ) (4096 -1024 64 ) (4584 -1024 64 ) (4584 -2048 64 ) 
4 487 496 (4608 -2048 64 ) (4096 -2048 64 ) (4096 -2048 -128 ) (4608 -2048 -128 ) 
4 487 490 (4096 -1024 64 ) (4096 -1024 -128 ) (4096 -2048 -128 ) (4096 -2048 64 ) 
4 487 488 (4608 -2048 -128 ) (4096 -2048 -128 ) (4096 -1024 -128 ) (4608 -1024 -128 ) 
4 488 497 (4608 -2048 -128 ) (4096 -2048 -128 ) (4096 -2048 -1152.239990 ) (4608 -2048 -1152.239990 ) 
4 488 492 (4096 -1024 -128 ) (4096 -1024 -1152.239990 ) (4096 -2048 -1152.239990 ) (4096 -2048 -128 ) 
4 489 515 (3072 -1024 5850.240234 ) (3072 -1024 64 ) (3072 -2048 64 ) (3072 -2048 5850.240234 ) 
4 489 498 (4096 -2048 64 ) (4096 -2048 5850.240234 ) (3072 -2048 5850.240234 ) (3072 -2048 64 ) 
4 489 491 (3072 -1024 64 ) (3584 -1024 64 ) (3584 -2048 64 ) (3072 -2048 64 ) 
4 489 490 (3584 -1024 64 ) (4096 -1024 64 ) (4096 -2048 64 ) (3584 -2048 64 ) 
4 490 499 (4096 -2048 -128 ) (4096 -2048 64 ) (3584 -2048 64 ) (3584 -2048 -128 ) 
4 490 492 (4096 -2048 -128 ) (3584 -2048 -128 ) (3584 -1024 -128 ) (4096 -1024 -128 ) 
4 490 491 (3584 -2048 -127 ) (3584 -2048 64 ) (3584 -1024 64 ) (3584 -1024 -127 ) 
4 491 516 (3072 -1024 64 ) (3072 -1024 -127 ) (3072 -2048 -127 ) (3072 -2048 64 ) 
4 491 500 (3584 -2048 64 ) (3072 -2048 64 ) (3072 -2048 -127 ) (3584 -2048 -127 ) 
4 492 517 (3072 -1024 -128 ) (3072 -1024 -1152.239990 ) (3072 -2048 -1152.239990 ) (3072 -2048 -128 ) 
4 492 502 (4096 -2048 -1152.239990 ) (4096 -2048 -128 ) (3072 -2048 -128 ) (3072 -2048 -1152.239990 ) 
4 493 503 (4608 -3072 400 ) (4608 -3072 5850.240234 ) (4584 -3072 5850.240234 ) (4584 -3072 400 ) 
4 493 495 (4584 -3072 400 ) (4584 -3072 5850.240234 ) (4584 -2048 5850.240234 ) (4584 -2048 400 ) 
4 494 504 (4584 -3072 64 ) (4608 -3072 64 ) (4608 -3072 128 ) (4584 -3072 128 ) 
4 494 496 (4584 -2048 64 ) (4608 -2048 64 ) (4608 -3072 64 ) (4584 -3072 64 ) 
4 494 495 (4584 -2048 64 ) (4584 -3072 64 ) (4584 -3072 128 ) (4584 -2048 128 ) 
4 495 506 (4096 -3072 400 ) (4096 -3072 64 ) (4584 -3072 64 ) (4584 -3072 400 ) 
4 495 503 (4096 -3072 5850.240234 ) (4096 -3072 400 ) (4584 -3072 400 ) (4584 -3072 5850.240234 ) 
4 495 498 (4096 -2048 5850.240234 ) (4096 -2048 64 ) (4096 -3072 64 ) (4096 -3072 5850.240234 ) 
4 495 496 (4096 -3072 64 ) (4096 -2048 64 ) (4584 -2048 64 ) (4584 -3072 64 ) 
4 496 508 (4608 -3072 64 ) (4096 -3072 64 ) (4096 -3072 -128 ) (4608 -3072 -128 ) 
4 496 499 (4096 -2048 64 ) (4096 -2048 -128 ) (4096 -3072 -128 ) (4096 -3072 64 ) 
4 496 497 (4608 -3072 -128 ) (4096 -3072 -128 ) (4096 -2048 -128 ) (4608 -2048 -128 ) 
4 497 509 (4608 -3072 -128 ) (4096 -3072 -128 ) (4096 -3072 -1152.239990 ) (4608 -3072 -1152.239990 ) 
4 497 502 (4096 -2048 -128 ) (4096 -2048 -1152.239990 ) (4096 -3072 -1152.239990 ) (4096 -3072 -128 ) 
4 498 518 (3072 -3072 64 ) (3072 -3072 5850.240234 ) (3072 -2048 5850.240234 ) (3072 -2048 64 ) 
4 498 510 (4096 -3072 64 ) (4096 -3072 5850.240234 ) (3072 -3072 5850.240234 ) (3072 -3072 64 ) 
4 498 500 (3072 -2560 64 ) (3072 -2048 64 ) (3584 -2048 64 ) (3584 -2560 64 ) 
4 498 501 (3584 -3072 64 ) (3072 -3072 64 ) (3072 -2560 64 ) (3584 -2560 64 ) 
4 498 499 (4096 -2048 64 ) (4096 -3072 64 ) (3584 -3072 64 ) (3584 -2048 64 ) 
4 499 513 (4096 -3072 -128 ) (4096 -3072 64 ) (3584 -3072 64 ) (3584 -3072 -128 ) 
4 499 502 (4096 -3072 -128 ) (3584 -3072 -128 ) (3584 -2048 -128 ) (4096 -2048 -128 ) 
4 499 500 (3584 -2560 -127 ) (3584 -2560 64 ) (3584 -2048 64 ) (3584 -2048 -127 ) 
4 499 501 (3584 -2560 -128 ) (3584 -3072 -128 ) (3584 -3072 64 ) (3584 -2560 64 ) 
4 500 519 (3072 -2560 64 ) (3072 -2048 64 ) (3072 -2048 -127 ) (3072 -2560 -127 ) 
4 500 501 (3584 -2560 -127 ) (3584 -2560 64 ) (3072 -2560 64 ) (3072 -2560 -127 ) 
4 501 520 (3072 -3072 -128 ) (3072 -3072 64 ) (3072 -2560 64 ) (3072 -2560 -128 ) 
4 501 513 (3584 -3072 64 ) (3072 -3072 64 ) (3072 -3072 -128 ) (3584 -3072 -128 ) 
4 501 502 (3584 -3072 -128 ) (3072 -3072 -128 ) (3072 -2560 -128 ) (3584 -2560 -128 ) 
4 502 521 (3072 -3072 -1152.239990 ) (3072 -3072 -128 ) (3072 -2048 -128 ) (3072 -2048 -1152.239990 ) 
4 502 514 (4096 -3072 -1152.239990 ) (4096 -3072 -128 ) (3072 -3072 -128 ) (3072 -3072 -1152.239990 ) 
4 503 511 (4096 -3560 400 ) (4096 -3584 400 ) (4096 -3584 5850.240234 ) (4096 -3560 5850.240234 ) 
4 503 510 (4096 -3072 5850.240234 ) (4096 -3072 400 ) (4096 -3560 400 ) (4096 -3560 5850.240234 ) 
4 503 506 (4096 -3560 400 ) (4096 -3072 400 ) (4584 -3072 400 ) (4584 -3560 400 ) 
4 504 508 (4584 -3072 64 ) (4608 -3072 64 ) (4608 -3560 64 ) (4584 -3560 64 ) 
4 504 506 (4584 -3072 64 ) (4584 -3560 64 ) (4584 -3560 128 ) (4584 -3072 128 ) 
4 504 505 (4584 -3560 128 ) (4584 -3560 64 ) (4608 -3560 64 ) (4608 -3560 128 ) 
4 505 508 (4608 -3560 64 ) (4608 -3584 64 ) (4584 -3584 64 ) (4584 -3560 64 ) 
4 505 507 (4584 -3560 64 ) (4584 -3584 64 ) (4584 -3584 128 ) (4584 -3560 128 ) 
4 506 510 (4096 -3072 400 ) (4096 -3072 64 ) (4096 -3560 64 ) (4096 -3560 400 ) 
4 506 508 (4096 -3560 64 ) (4096 -3072 64 ) (4584 -3072 64 ) (4584 -3560 64 ) 
4 506 507 (4096 -3560 64 ) (4584 -3560 64 ) (4584 -3560 128 ) (4096 -3560 128 ) 
4 507 512 (4096 -3560 64 ) (4096 -3584 64 ) (4096 -3584 128 ) (4096 -3560 128 ) 
4 507 508 (4096 -3584 64 ) (4096 -3560 64 ) (4584 -3560 64 ) (4584 -3584 64 ) 
4 508 513 (4096 -3072 64 ) (4096 -3072 -128 ) (4096 -3584 -128 ) (4096 -3584 64 ) 
4 508 509 (4096 -3584 -128 ) (4096 -3072 -128 ) (4608 -3072 -128 ) (4608 -3584 -128 ) 
4 509 514 (4096 -3072 -128 ) (4096 -3072 -1152.239990 ) (4096 -3584 -1152.239990 ) (4096 -3584 -128 ) 
4 510 565 (3072 -3072 5850.240234 ) (3072 -3072 64 ) (3072 -3560 64 ) (3072 -3560 5850.240234 ) 
4 510 513 (3072 -3560 64 ) (3072 -3072 64 ) (4096 -3072 64 ) (4096 -3560 64 ) 
4 510 512 (3072 -3560 64 ) (4096 -3560 64 ) (4096 -3560 128 ) (3072 -3560 128 ) 
4 510 511 (4096 -3560 400 ) (4096 -3560 5850.240234 ) (3072 -3560 5850.240234 ) (3072 -3560 400 ) 
4 511 566 (3072 -3584 400 ) (3072 -3584 5850.240234 ) (3072 -3560 5850.240234 ) (3072 -3560 400 ) 
4 512 567 (3072 -3560 64 ) (3072 -3584 64 ) (3072 -3584 128 ) (3072 -3560 128 ) 
4 512 513 (3072 -3584 64 ) (3072 -3560 64 ) (4096 -3560 64 ) (4096 -3584 64 ) 
4 513 568 (3072 -3584 64 ) (3072 -3072 64 ) (3072 -3072 -128 ) (3072 -3584 -128 ) 
4 513 514 (4096 -3072 -128 ) (4096 -3584 -128 ) (3072 -3584 -128 ) (3072 -3072 -128 ) 
4 514 569 (3072 -3584 -128 ) (3072 -3072 -128 ) (3072 -3072 -1152.239990 ) (3072 -3584 -1152.239990 ) 
4 515 522 (2048 -1024 5850.240234 ) (2048 -1024 64 ) (2048 -2048 64 ) (2048 -2048 5850.240234 ) 
4 515 518 (3072 -2048 64 ) (3072 -2048 5850.240234 ) (2048 -2048 5850.240234 ) (2048 -2048 64 ) 
4 515 516 (2048 -2048 64 ) (2048 -1024 64 ) (3072 -1024 64 ) (3072 -2048 64 ) 
4 516 523 (2048 -1024 64 ) (2048 -1024 -127 ) (2048 -2048 -127 ) (2048 -2048 64 ) 
4 516 519 (3072 -2048 -127 ) (3072 -2048 64 ) (2048 -2048 64 ) (2048 -2048 -127 ) 
4 517 524 (2048 -1024 -128 ) (2048 -1024 -1152.239990 ) (2048 -2048 -1152.239990 ) (2048 -2048 -128 ) 
4 517 521 (3072 -2048 -1152.239990 ) (3072 -2048 -128 ) (2048 -2048 -128 ) (2048 -2048 -1152.239990 ) 
4 518 565 (3072 -3072 64 ) (3072 -3072 5850.240234 ) (2048 -3072 5850.240234 ) (2048 -3072 64 ) 
4 518 538 (2048 -3072 64 ) (2048 -3072 5850.240234 ) (2048 -2048 5850.240234 ) (2048 -2048 64 ) 
4 518 519 (2048 -2560 64 ) (2048 -2048 64 ) (3072 -2048 64 ) (3072 -2560 64 ) 
4 518 520 (2048 -3072 64 ) (2048 -2560 64 ) (3072 -2560 64 ) (3072 -3072 64 ) 
4 519 539 (2048 -2560 64 ) (2048 -2048 64 ) (2048 -2048 -127 ) (2048 -2560 -127 ) 
4 519 520 (3072 -2560 -127 ) (3072 -2560 64 ) (2048 -2560 64 ) (2048 -2560 -127 ) 
4 520 568 (3072 -3072 -128 ) (3072 -3072 64 ) (2048 -3072 64 ) (2048 -3072 -128 ) 
4 520 540 (2048 -3072 -128 ) (2048 -3072 64 ) (2048 -2560 64 ) (2048 -2560 -128 ) 
4 520 521 (3072 -3072 -128 ) (2048 -3072 -128 ) (2048 -2560 -128 ) (3072 -2560 -128 ) 
4 521 569 (3072 -3072 -1152.239990 ) (3072 -3072 -128 ) (2048 -3072 -128 ) (2048 -3072 -1152.239990 ) 
4 521 541 (2048 -3072 -1152.239990 ) (2048 -3072 -128 ) (2048 -2048 -128 ) (2048 -2048 -1152.239990 ) 
4 522 538 (2048 -2048 64 ) (2048 -2048 5850.240234 ) (1024 -2048 5850.240234 ) (1024 -2048 64 ) 
4 522 529 (1024 -1024 128 ) (1024 -1024 64 ) (1024 -2048 64 ) (1024 -2048 128 ) 
4 522 526 (1024 -1024 168 ) (1024 -1024 128 ) (1024 -2048 128 ) (1024 -2048 168 ) 
4 522 525 (1024 -1024 5850.240234 ) (1024 -1024 168 ) (1024 -2048 168 ) (1024 -2048 5850.240234 ) 
4 522 523 (2048 -2048 64 ) (1024 -2048 64 ) (1024 -1024 64 ) (2048 -1024 64 ) 
4 523 539 (2048 -2048 -127 ) (2048 -2048 64 ) (1024 -2048 64 ) (1024 -2048 -127 ) 
4 523 533 (1024 -1024 64 ) (1024 -1024 -127 ) (1024 -2048 -127 ) (1024 -2048 64 ) 
4 524 541 (2048 -2048 -1152.239990 ) (2048 -2048 -128 ) (1024 -2048 -128 ) (1024 -2048 -1152.239990 ) 
4 524 537 (1024 -1024 -128 ) (1024 -1024 -1152.239990 ) (1024 -2048 -1152.239990 ) (1024 -2048 -128 ) 
4 525 634 (0 -2048 168 ) (0 -2048 5850.240234 ) (0 -1024 5850.240234 ) (0 -1024 168 ) 
4 525 542 (1024 -2048 168 ) (1024 -2048 5850.240234 ) (0 -2048 5850.240234 ) (0 -2048 168 ) 
4 525 528 (48 -2048 168 ) (0 -2048 168 ) (0 -1024 168 ) (48 -1024 168 ) 
4 525 527 (192 -2048 168 ) (64 -2048 168 ) (64 -1024 168 ) (192 -1024 168 ) 
4 525 526 (1024 -1024 168 ) (1024 -2048 168 ) (208 -2048 168 ) (208 -1024 168 ) 
4 526 543 (1024 -2048 128 ) (1024 -2048 168 ) (208 -2048 168 ) (208 -2048 128 ) 
4 526 529 (1024 -2048 128 ) (208 -2048 128 ) (208 -1024 128 ) (1024 -1024 128 ) 
4 527 544 (192 -2048 168 ) (64 -2048 168 ) (64 -2048 144 ) (192 -2048 144 ) 
4 528 634 (0 -2048 128 ) (0 -2048 168 ) (0 -1024 168 ) (0 -1024 128 ) 
4 528 545 (48 -2048 168 ) (0 -2048 168 ) (0 -2048 128 ) (48 -2048 128 ) 
4 528 532 (48 -2048 128 ) (0 -2048 128 ) (0 -1024 128 ) (48 -1024 128 ) 
4 529 546 (1024 -2048 64 ) (1024 -2048 128 ) (160 -2048 128 ) (160 -2048 64 ) 
4 529 533 (1024 -1024 64 ) (1024 -2048 64 ) (160 -2048 64 ) (160 -1024 64 ) 
4 529 530 (160 -1024 64 ) (160 -1408 64 ) (160 -1408 128 ) (160 -1024 128 ) 
4 529 531 (160 -1472 64 ) (160 -2048 64 ) (160 -2048 128 ) (160 -1472 128 ) 
4 530 534 (96 -1408 64 ) (96 -1024 64 ) (160 -1024 64 ) (160 -1408 64 ) 
4 530 532 (96 -1024 64 ) (96 -1408 64 ) (96 -1408 128 ) (96 -1024 128 ) 
4 531 546 (160 -2048 128 ) (96 -2048 128 ) (96 -2048 64 ) (160 -2048 64 ) 
4 531 535 (160 -2048 64 ) (96 -2048 64 ) (96 -1472 64 ) (160 -1472 64 ) 
4 531 532 (96 -1472 64 ) (96 -2048 64 ) (96 -2048 128 ) (96 -1472 128 ) 
4 532 634 (0 -2048 64 ) (0 -2048 128 ) (0 -1024 128 ) (0 -1024 64 ) 
4 532 546 (96 -2048 128 ) (0 -2048 128 ) (0 -2048 64 ) (96 -2048 64 ) 
4 532 536 (96 -2048 64 ) (0 -2048 64 ) (0 -1024 64 ) (96 -1024 64 ) 
4 533 558 (1024 -2048 -127 ) (1024 -2048 64 ) (160 -2048 64 ) (160 -2048 -127 ) 
4 533 534 (160 -1024 -127 ) (160 -1408 -127 ) (160 -1408 64 ) (160 -1024 64 ) 
4 533 535 (160 -1472 -127 ) (160 -2048 -127 ) (160 -2048 64 ) (160 -1472 64 ) 
4 534 536 (96 -1024 -127 ) (96 -1408 -127 ) (96 -1408 64 ) (96 -1024 64 ) 
4 535 558 (160 -2048 64 ) (96 -2048 64 ) (96 -2048 -127 ) (160 -2048 -127 ) 
4 535 536 (96 -1472 -127 ) (96 -2048 -127 ) (96 -2048 64 ) (96 -1472 64 ) 
4 536 635 (0 -2048 -127 ) (0 -2048 64 ) (0 -1024 64 ) (0 -1024 -127 ) 
4 536 558 (96 -2048 64 ) (0 -2048 64 ) (0 -2048 -127 ) (96 -2048 -127 ) 
4 537 636 (0 -2048 -1152.239990 ) (0 -2048 -128 ) (0 -1024 -128 ) (0 -1024 -1152.239990 ) 
4 537 564 (1024 -2048 -1152.239990 ) (1024 -2048 -128 ) (0 -2048 -128 ) (0 -2048 -1152.239990 ) 
4 538 570 (2048 -3072 64 ) (2048 -3072 5850.240234 ) (1024 -3072 5850.240234 ) (1024 -3072 64 ) 
4 538 547 (1024 -2560 64 ) (1024 -3072 64 ) (1024 -3072 5850.240234 ) (1024 -2560 5850.240234 ) 
4 538 543 (1024 -2048 168 ) (1024 -2048 128 ) (1024 -2560 128 ) (1024 -2560 168 ) 
4 538 542 (1024 -2048 5850.240234 ) (1024 -2048 168 ) (1024 -2560 168 ) (1024 -2560 5850.240234 ) 
4 538 546 (1024 -2048 128 ) (1024 -2048 64 ) (1024 -2560 64 ) (1024 -2560 128 ) 
4 538 539 (1024 -2048 64 ) (2048 -2048 64 ) (2048 -2560 64 ) (1024 -2560 64 ) 
4 538 540 (2048 -2560 64 ) (2048 -3072 64 ) (1024 -3072 64 ) (1024 -2560 64 ) 
4 539 558 (1024 -2048 64 ) (1024 -2048 -127 ) (1024 -2560 -127 ) (1024 -2560 64 ) 
4 539 540 (2048 -2560 -127 ) (2048 -2560 64 ) (1024 -2560 64 ) (1024 -2560 -127 ) 
4 540 573 (2048 -3072 -128 ) (2048 -3072 64 ) (1024 -3072 64 ) (1024 -3072 -128 ) 
4 540 559 (1024 -2688 -112 ) (1024 -2688 64 ) (1024 -2560 64 ) (1024 -2560 -112 ) 
4 540 562 (1024 -2560 -128 ) (1024 -2688 -128 ) (1024 -2688 -112 ) (1024 -2560 -112 ) 
4 540 563 (1024 -2688 -128 ) (1024 -3072 -128 ) (1024 -3072 64 ) (1024 -2688 64 ) 
4 540 541 (2048 -3072 -128 ) (1024 -3072 -128 ) (1024 -2560 -128 ) (2048 -2560 -128 ) 
4 541 574 (2048 -3072 -1152.239990 ) (2048 -3072 -128 ) (1024 -3072 -128 ) (1024 -3072 -1152.239990 ) 
4 541 564 (1024 -2048 -128 ) (1024 -2048 -1152.239990 ) (1024 -3072 -1152.239990 ) (1024 -3072 -128 ) 
4 542 637 (0 -2048 5850.240234 ) (0 -2048 168 ) (0 -2560 168 ) (0 -2560 5850.240234 ) 
4 542 555 (0 -2560 5850.240234 ) (0 -2560 168 ) (32 -2560 168 ) (32 -2560 5850.240234 ) 
4 542 552 (48 -2560 168 ) (64 -2560 168 ) (64 -2560 5850.240234 ) (48 -2560 5850.240234 ) 
4 542 554 (32 -2560 168 ) (48 -2560 168 ) (48 -2560 5850.240234 ) (32 -2560 5850.240234 ) 
4 542 550 (64 -2560 168 ) (192 -2560 168 ) (192 -2560 5850.240234 ) (64 -2560 5850.240234 ) 
4 542 548 (192 -2560 168 ) (208 -2560 168 ) (208 -2560 5850.240234 ) (192 -2560 5850.240234 ) 
4 542 547 (208 -2560 168 ) (1024 -2560 168 ) (1024 -2560 5850.240234 ) (208 -2560 5850.240234 ) 
4 542 545 (48 -2560 168 ) (0 -2560 168 ) (0 -2048 168 ) (48 -2048 168 ) 
4 542 544 (192 -2560 168 ) (64 -2560 168 ) (64 -2048 168 ) (192 -2048 168 ) 
4 542 543 (1024 -2560 168 ) (208 -2560 168 ) (208 -2048 168 ) (1024 -2048 168 ) 
4 543 547 (208 -2560 128 ) (1024 -2560 128 ) (1024 -2560 168 ) (208 -2560 168 ) 
4 543 546 (1024 -2560 128 ) (208 -2560 128 ) (208 -2048 128 ) (1024 -2048 128 ) 
4 544 550 (192 -2560 144 ) (192 -2560 168 ) (64 -2560 168 ) (64 -2560 144 ) 
4 545 638 (0 -2048 144 ) (0 -2048 128 ) (0 -2560 128 ) (0 -2560 144 ) 
4 545 637 (0 -2048 168 ) (0 -2048 144 ) (0 -2560 144 ) (0 -2560 168 ) 
4 545 555 (0 -2560 168 ) (0 -2560 144 ) (32 -2560 144 ) (32 -2560 168 ) 
4 545 554 (32 -2560 128 ) (48 -2560 128 ) (48 -2560 168 ) (32 -2560 168 ) 
4 545 546 (48 -2560 128 ) (0 -2560 128 ) (0 -2048 128 ) (48 -2048 128 ) 
4 546 638 (0 -2048 128 ) (0 -2048 64 ) (0 -2560 64 ) (0 -2560 128 ) 
4 546 558 (1024 -2048 64 ) (1024 -2560 64 ) (0 -2560 64 ) (0 -2048 64 ) 
4 546 556 (0 -2560 116 ) (0 -2560 64 ) (32 -2560 64 ) (32 -2560 116 ) 
4 546 554 (32 -2560 64 ) (48 -2560 64 ) (48 -2560 128 ) (32 -2560 128 ) 
4 546 551 (64 -2560 64 ) (192 -2560 64 ) (192 -2560 128 ) (64 -2560 128 ) 
4 546 547 (208 -2560 64 ) (1024 -2560 64 ) (1024 -2560 128 ) (208 -2560 128 ) 
4 547 575 (1024 -3072 64 ) (1024 -3072 5850.240234 ) (208 -3072 5850.240234 ) (208 -3072 64 ) 
4 547 559 (1024 -2560 64 ) (1024 -2688 64 ) (208 -2688 64 ) (208 -2560 64 ) 
4 547 563 (1024 -2688 64 ) (1024 -3072 64 ) (208 -3072 64 ) (208 -2688 64 ) 
4 547 548 (208 -2688 5850.240234 ) (208 -2560 5850.240234 ) (208 -2560 167.987854 ) (208 -2688 143.988007 ) 
4 547 549 (208 -3072 5850.240234 ) (208 -2688 5850.240234 ) (208 -2688 64 ) (208 -3072 64 ) 
4 548 550 (192 -2560 5850.240234 ) (192 -2560 167.988892 ) (192 -2688 143.988998 ) (192 -2688 5850.240234 ) 
4 548 549 (208 -2688 143.988007 ) (208 -2688 5850.240234 ) (192 -2688 5850.240234 ) (192 -2688 143.988907 ) 
4 549 575 (208 -3072 5850.240234 ) (192 -3072 5850.240234 ) (192 -3072 64 ) (208 -3072 64 ) 
4 549 563 (208 -3072 64 ) (192 -3072 64 ) (192 -2688 64 ) (208 -2688 64 ) 
4 549 550 (192 -3072 128 ) (192 -3072 5850.240234 ) (192 -2688 5850.240234 ) (192 -2688 128 ) 
4 549 551 (192 -2688 64 ) (192 -3072 64 ) (192 -3072 128 ) (192 -2688 128 ) 
4 550 575 (64 -3072 5850.240234 ) (64 -3072 128 ) (192 -3072 128 ) (192 -3072 5850.240234 ) 
4 550 552 (64 -2560 5850.240234 ) (64 -2560 167.997086 ) (64 -2688 143.997009 ) (64 -2688 5850.240234 ) 
4 550 553 (64 -2688 128 ) (64 -3072 128 ) (64 -3072 5850.240234 ) (64 -2688 5850.240234 ) 
4 550 551 (64 -3072 128 ) (64 -2688 128 ) (192 -2688 128 ) (192 -3072 128 ) 
4 551 575 (64 -3072 128 ) (64 -3072 64 ) (192 -3072 64 ) (192 -3072 128 ) 
4 551 560 (64 -2688 64 ) (64 -2560 64 ) (192 -2560 64 ) (192 -2688 64 ) 
4 551 563 (192 -3072 64 ) (64 -3072 64 ) (64 -2688 64 ) (192 -2688 64 ) 
4 551 553 (64 -2688 64 ) (64 -3072 64 ) (64 -3072 128 ) (64 -2688 128 ) 
4 552 553 (48 -2688 5850.240234 ) (48 -2688 144 ) (64 -2688 143.997009 ) (64 -2688 5850.240234 ) 
4 552 554 (48 -2688 5850.240234 ) (48 -2560 5850.240234 ) (48 -2560 168 ) (48 -2688 144 ) 
4 553 575 (48 -3072 64 ) (64 -3072 64 ) (64 -3072 5850.240234 ) (48 -3072 5850.240234 ) 
4 553 563 (64 -3072 64 ) (48 -3072 64 ) (48 -2688 64 ) (64 -2688 64 ) 
4 553 554 (48 -3072 5850.240234 ) (48 -2688 5850.240234 ) (48 -2688 64 ) (48 -3072 64 ) 
4 554 575 (32 -3072 64 ) (48 -3072 64 ) (48 -3072 5850.240234 ) (32 -3072 5850.240234 ) 
4 554 561 (32 -2688 64 ) (32 -2560 64 ) (48 -2560 64 ) (48 -2688 64 ) 
4 554 563 (48 -3072 64 ) (32 -3072 64 ) (32 -2688 64 ) (48 -2688 64 ) 
4 554 555 (32 -2816 5850.240234 ) (32 -2560 5850.240234 ) (32 -2560 144 ) (32 -2816 144 ) 
4 554 556 (32 -2560 116 ) (32 -2560 64 ) (32 -2816 64 ) (32 -2816 116 ) 
4 554 557 (32 -3072 5850.240234 ) (32 -2816 5850.240234 ) (32 -2816 64 ) (32 -3072 64 ) 
4 555 637 (0 -2816 5850.240234 ) (0 -2560 5850.240234 ) (0 -2560 144 ) (0 -2816 144 ) 
4 555 557 (32 -2816 144 ) (32 -2816 5850.240234 ) (0 -2816 5850.240234 ) (0 -2816 144 ) 
4 556 639 (0 -2560 116 ) (0 -2560 64 ) (0 -2816 64 ) (0 -2816 116 ) 
4 556 561 (0 -2688 64 ) (0 -2560 64 ) (32 -2560 64 ) (32 -2688 64 ) 
4 556 563 (0 -2816 64 ) (0 -2688 64 ) (32 -2688 64 ) (32 -2816 64 ) 
4 556 557 (0 -2816 64 ) (32 -2816 64 ) (32 -2816 116 ) (0 -2816 116 ) 
4 557 643 (0 -3072 120 ) (0 -3072 136 ) (0 -2856 136 ) (0 -2856 120 ) 
4 557 651 (0 -3072 64 ) (0 -3072 120 ) (0 -2856 120 ) (0 -2856 64 ) 
4 557 642 (0 -3072 136 ) (0 -3072 5850.240234 ) (0 -2856 5850.240234 ) (0 -2856 136 ) 
4 557 640 (0 -2816 144 ) (0 -2816 64 ) (0 -2856 64 ) (0 -2856 144 ) 
4 557 637 (0 -2856 5850.240234 ) (0 -2816 5850.240234 ) (0 -2816 144 ) (0 -2856 144 ) 
4 557 575 (0 -3072 5850.240234 ) (0 -3072 64 ) (32 -3072 64 ) (32 -3072 5850.240234 ) 
4 557 563 (32 -3072 64 ) (0 -3072 64 ) (0 -2816 64 ) (32 -2816 64 ) 
4 558 652 (0 -2560 64 ) (0 -2048 64 ) (0 -2048 -127 ) (0 -2560 -127 ) 
4 558 560 (192 -2560 64 ) (64 -2560 64 ) (64 -2560 -112 ) (192 -2560 -112 ) 
4 558 561 (48 -2560 64 ) (0 -2560 64 ) (0 -2560 -112 ) (48 -2560 -112 ) 
4 558 559 (1024 -2560 -112 ) (1024 -2560 64 ) (208 -2560 64 ) (208 -2560 -112 ) 
4 558 562 (1024 -2560 -127 ) (1024 -2560 -112 ) (0 -2560 -112 ) (0 -2560 -127 ) 
4 559 563 (1024 -2688 -112 ) (1024 -2688 64 ) (208 -2688 64 ) (208 -2688 -112 ) 
4 559 562 (1024 -2688 -112 ) (208 -2688 -112 ) (208 -2560 -112 ) (1024 -2560 -112 ) 
4 560 562 (192 -2688 -112 ) (64 -2688 -112 ) (64 -2560 -112 ) (192 -2560 -112 ) 
4 560 563 (192 -2688 64 ) (64 -2688 64 ) (64 -2688 -112 ) (192 -2688 -112 ) 
4 561 653 (0 -2688 64 ) (0 -2560 64 ) (0 -2560 -112 ) (0 -2688 -112 ) 
4 561 563 (48 -2688 64 ) (0 -2688 64 ) (0 -2688 -112 ) (48 -2688 -112 ) 
4 561 562 (48 -2688 -112 ) (0 -2688 -112 ) (0 -2560 -112 ) (48 -2560 -112 ) 
4 562 653 (0 -2560 -112 ) (0 -2560 -128 ) (0 -2688 -128 ) (0 -2688 -112 ) 
4 562 564 (0 -2688 -128 ) (0 -2560 -128 ) (1024 -2560 -128 ) (1024 -2688 -128 ) 
4 562 563 (0 -2688 -128 ) (1024 -2688 -128 ) (1024 -2688 -112 ) (0 -2688 -112 ) 
4 563 653 (0 -3072 -128 ) (0 -3072 64 ) (0 -2688 64 ) (0 -2688 -128 ) 
4 563 578 (1024 -3072 -128 ) (1024 -3072 64 ) (0 -3072 64 ) (0 -3072 -128 ) 
4 563 564 (1024 -3072 -128 ) (0 -3072 -128 ) (0 -2688 -128 ) (1024 -2688 -128 ) 
4 564 654 (0 -3072 -1152.239990 ) (0 -3072 -128 ) (0 -2048 -128 ) (0 -2048 -1152.239990 ) 
4 564 579 (1024 -3072 -1152.239990 ) (1024 -3072 -128 ) (0 -3072 -128 ) (0 -3072 -1152.239990 ) 
4 565 570 (2048 -3072 5850.240234 ) (2048 -3072 64 ) (2048 -3560 64 ) (2048 -3560 5850.240234 ) 
4 565 568 (2048 -3560 64 ) (2048 -3072 64 ) (3072 -3072 64 ) (3072 -3560 64 ) 
4 565 567 (2048 -3560 64 ) (3072 -3560 64 ) (3072 -3560 128 ) (2048 -3560 128 ) 
4 565 566 (3072 -3560 400 ) (3072 -3560 5850.240234 ) (2048 -3560 5850.240234 ) (2048 -3560 400 ) 
4 566 571 (2048 -3584 400 ) (2048 -3584 5850.240234 ) (2048 -3560 5850.240234 ) (2048 -3560 400 ) 
4 567 572 (2048 -3560 64 ) (2048 -3584 64 ) (2048 -3584 128 ) (2048 -3560 128 ) 
4 567 568 (2048 -3584 64 ) (2048 -3560 64 ) (3072 -3560 64 ) (3072 -3584 64 ) 
4 568 573 (2048 -3072 64 ) (2048 -3072 -128 ) (2048 -3584 -128 ) (2048 -3584 64 ) 
4 568 569 (2048 -3584 -128 ) (2048 -3072 -128 ) (3072 -3072 -128 ) (3072 -3584 -128 ) 
4 569 574 (2048 -3072 -128 ) (2048 -3072 -1152.239990 ) (2048 -3584 -1152.239990 ) (2048 -3584 -128 ) 
4 570 575 (1024 -3072 5850.240234 ) (1024 -3072 64 ) (1024 -3560 64 ) (1024 -3560 5850.240234 ) 
4 570 573 (1024 -3560 64 ) (1024 -3072 64 ) (2048 -3072 64 ) (2048 -3560 64 ) 
4 570 572 (1024 -3560 64 ) (2048 -3560 64 ) (2048 -3560 128 ) (1024 -3560 128 ) 
4 570 571 (2048 -3560 400 ) (2048 -3560 5850.240234 ) (1024 -3560 5850.240234 ) (1024 -3560 400 ) 
4 571 576 (1024 -3584 400 ) (1024 -3584 5850.240234 ) (1024 -3560 5850.240234 ) (1024 -3560 400 ) 
4 572 577 (1024 -3560 64 ) (1024 -3584 64 ) (1024 -3584 128 ) (1024 -3560 128 ) 
4 572 573 (1024 -3584 64 ) (1024 -3560 64 ) (2048 -3560 64 ) (2048 -3584 64 ) 
4 573 578 (1024 -3072 64 ) (1024 -3072 -128 ) (1024 -3584 -128 ) (1024 -3584 64 ) 
4 573 574 (1024 -3584 -128 ) (1024 -3072 -128 ) (2048 -3072 -128 ) (2048 -3584 -128 ) 
4 574 579 (1024 -3072 -128 ) (1024 -3072 -1152.239990 ) (1024 -3584 -1152.239990 ) (1024 -3584 -128 ) 
4 575 669 (0 -3072 5850.240234 ) (0 -3072 64 ) (0 -3560 64 ) (0 -3560 5850.240234 ) 
4 575 578 (0 -3560 64 ) (0 -3072 64 ) (1024 -3072 64 ) (1024 -3560 64 ) 
4 575 577 (0 -3560 64 ) (1024 -3560 64 ) (1024 -3560 128 ) (0 -3560 128 ) 
4 575 576 (1024 -3560 400 ) (1024 -3560 5850.240234 ) (0 -3560 5850.240234 ) (0 -3560 400 ) 
4 576 670 (0 -3584 400 ) (0 -3584 5850.240234 ) (0 -3560 5850.240234 ) (0 -3560 400 ) 
4 577 671 (0 -3560 64 ) (0 -3584 64 ) (0 -3584 128 ) (0 -3560 128 ) 
4 577 578 (0 -3584 64 ) (0 -3560 64 ) (1024 -3560 64 ) (1024 -3584 64 ) 
4 578 672 (0 -3584 64 ) (0 -3072 64 ) (0 -3072 -128 ) (0 -3584 -128 ) 
4 578 579 (1024 -3072 -128 ) (1024 -3584 -128 ) (0 -3584 -128 ) (0 -3072 -128 ) 
4 579 673 (0 -3584 -128 ) (0 -3072 -128 ) (0 -3072 -1152.239990 ) (0 -3584 -1152.239990 ) 
4 580 589 (0 1024 64 ) (0 1024 5850.240234 ) (-1024 1024 5850.240234 ) (-1024 1024 64 ) 
4 580 583 (-1024 2048 5850.240234 ) (-1024 2048 64 ) (-1024 1024 64 ) (-1024 1024 5850.240234 ) 
4 580 581 (0 1024 64 ) (-1024 1024 64 ) (-1024 2048 64 ) (0 2048 64 ) 
4 581 590 (0 1024 -127 ) (0 1024 64 ) (-1024 1024 64 ) (-1024 1024 -127 ) 
4 581 584 (-1024 2048 64 ) (-1024 2048 -127 ) (-1024 1024 -127 ) (-1024 1024 64 ) 
4 582 591 (0 1024 -1152.239990 ) (0 1024 -128 ) (-1024 1024 -128 ) (-1024 1024 -1152.239990 ) 
4 582 585 (-1024 2048 -128 ) (-1024 2048 -1152.239990 ) (-1024 1024 -1152.239990 ) (-1024 1024 -128 ) 
4 583 595 (-1024 1024 64 ) (-1024 1024 5850.240234 ) (-2048 1024 5850.240234 ) (-2048 1024 64 ) 
4 583 586 (-2048 1024 64 ) (-2048 1024 5850.240234 ) (-2048 2048 5850.240234 ) (-2048 2048 64 ) 
4 583 584 (-1024 1024 64 ) (-2048 1024 64 ) (-2048 2048 64 ) (-1024 2048 64 ) 
4 584 596 (-1024 1024 -127 ) (-1024 1024 64 ) (-2048 1024 64 ) (-2048 1024 -127 ) 
4 584 587 (-2048 1024 -127 ) (-2048 1024 64 ) (-2048 2048 64 ) (-2048 2048 -127 ) 
4 585 597 (-1024 1024 -1152.239990 ) (-1024 1024 -128 ) (-2048 1024 -128 ) (-2048 1024 -1152.239990 ) 
4 585 588 (-2048 1024 -1152.239990 ) (-2048 1024 -128 ) (-2048 2048 -128 ) (-2048 2048 -1152.239990 ) 
4 586 607 (-3072 2048 5850.240234 ) (-3072 2048 64 ) (-3072 1024 64 ) (-3072 1024 5850.240234 ) 
4 586 598 (-2048 1024 64 ) (-2048 1024 5850.240234 ) (-3072 1024 5850.240234 ) (-3072 1024 64 ) 
4 586 587 (-3072 1024 64 ) (-3072 2048 64 ) (-2048 2048 64 ) (-2048 1024 64 ) 
4 587 608 (-3072 2048 64 ) (-3072 2048 -127 ) (-3072 1024 -127 ) (-3072 1024 64 ) 
4 587 599 (-2048 1024 -127 ) (-2048 1024 64 ) (-3072 1024 64 ) (-3072 1024 -127 ) 
4 588 610 (-3072 2048 -128 ) (-3072 2048 -1152.239990 ) (-3072 1024 -1152.239990 ) (-3072 1024 -128 ) 
4 588 600 (-2048 1024 -1152.239990 ) (-2048 1024 -128 ) (-3072 1024 -128 ) (-3072 1024 -1152.239990 ) 
4 589 595 (-1024 1024 5850.240234 ) (-1024 1024 64 ) (-1024 0 64 ) (-1024 0 5850.240234 ) 
4 589 592 (0 0 64 ) (0 0 5850.240234 ) (-1024 0 5850.240234 ) (-1024 0 64 ) 
4 589 590 (-1024 0 64 ) (-1024 1024 64 ) (0 1024 64 ) (0 0 64 ) 
4 590 596 (-1024 1024 64 ) (-1024 1024 -127 ) (-1024 0 -127 ) (-1024 0 64 ) 
4 590 593 (0 0 -127 ) (0 0 64 ) (-1024 0 64 ) (-1024 0 -127 ) 
4 591 597 (-1024 1024 -128 ) (-1024 1024 -1152.239990 ) (-1024 0 -1152.239990 ) (-1024 0 -128 ) 
4 591 594 (0 0 -1152.239990 ) (0 0 -128 ) (-1024 0 -128 ) (-1024 0 -1152.239990 ) 
4 592 634 (0 -1024 64 ) (0 -1024 5850.240234 ) (-1024 -1024 5850.240234 ) (-1024 -1024 64 ) 
4 592 601 (-1024 -1024 64 ) (-1024 -1024 5850.240234 ) (-1024 0 5850.240234 ) (-1024 0 64 ) 
4 592 593 (-1024 -1024 64 ) (-1024 0 64 ) (0 0 64 ) (0 -1024 64 ) 
4 593 635 (0 -1024 -127 ) (0 -1024 64 ) (-1024 -1024 64 ) (-1024 -1024 -127 ) 
4 593 602 (-1024 -1024 -127 ) (-1024 -1024 64 ) (-1024 0 64 ) (-1024 0 -127 ) 
4 594 636 (0 -1024 -1152.239990 ) (0 -1024 -128 ) (-1024 -1024 -128 ) (-1024 -1024 -1152.239990 ) 
4 594 603 (-1024 -1024 -1152.239990 ) (-1024 -1024 -128 ) (-1024 0 -128 ) (-1024 0 -1152.239990 ) 
4 595 601 (-1024 0 64 ) (-1024 0 5850.240234 ) (-2048 0 5850.240234 ) (-2048 0 64 ) 
4 595 598 (-2048 1024 5850.240234 ) (-2048 1024 64 ) (-2048 0 64 ) (-2048 0 5850.240234 ) 
4 595 596 (-1024 0 64 ) (-2048 0 64 ) (-2048 1024 64 ) (-1024 1024 64 ) 
4 596 602 (-1024 0 -127 ) (-1024 0 64 ) (-2048 0 64 ) (-2048 0 -127 ) 
4 596 599 (-2048 1024 64 ) (-2048 1024 -127 ) (-2048 0 -127 ) (-2048 0 64 ) 
4 597 603 (-1024 0 -1152.239990 ) (-1024 0 -128 ) (-2048 0 -128 ) (-2048 0 -1152.239990 ) 
4 597 600 (-2048 1024 -128 ) (-2048 1024 -1152.239990 ) (-2048 0 -1152.239990 ) (-2048 0 -128 ) 
4 598 616 (-3072 0 64 ) (-3072 0 5850.240234 ) (-3072 1024 5850.240234 ) (-3072 1024 64 ) 
4 598 604 (-2048 0 64 ) (-2048 0 5850.240234 ) (-3072 0 5850.240234 ) (-3072 0 64 ) 
4 598 599 (-2048 1024 64 ) (-2048 0 64 ) (-3072 0 64 ) (-3072 1024 64 ) 
4 599 617 (-3072 0 -127 ) (-3072 0 64 ) (-3072 1024 64 ) (-3072 1024 -127 ) 
4 599 605 (-2048 0 -127 ) (-2048 0 64 ) (-3072 0 64 ) (-3072 0 -127 ) 
4 600 619 (-3072 0 -1152.239990 ) (-3072 0 -128 ) (-3072 1024 -128 ) (-3072 1024 -1152.239990 ) 
4 600 606 (-2048 0 -1152.239990 ) (-2048 0 -128 ) (-3072 0 -128 ) (-3072 0 -1152.239990 ) 
4 601 655 (-1024 -1024 64 ) (-1024 -1024 5850.240234 ) (-2048 -1024 5850.240234 ) (-2048 -1024 64 ) 
4 601 604 (-2048 0 5850.240234 ) (-2048 0 64 ) (-2048 -1024 64 ) (-2048 -1024 5850.240234 ) 
4 601 602 (-2048 0 64 ) (-1024 0 64 ) (-1024 -1024 64 ) (-2048 -1024 64 ) 
4 602 656 (-1024 -1024 -127 ) (-1024 -1024 64 ) (-2048 -1024 64 ) (-2048 -1024 -127 ) 
4 602 605 (-2048 0 64 ) (-2048 0 -127 ) (-2048 -1024 -127 ) (-2048 -1024 64 ) 
4 603 657 (-1024 -1024 -1152.239990 ) (-1024 -1024 -128 ) (-2048 -1024 -128 ) (-2048 -1024 -1152.239990 ) 
4 603 606 (-2048 0 -128 ) (-2048 0 -1152.239990 ) (-2048 -1024 -1152.239990 ) (-2048 -1024 -128 ) 
4 604 658 (-2048 -1024 64 ) (-2048 -1024 5850.240234 ) (-3072 -1024 5850.240234 ) (-3072 -1024 64 ) 
4 604 620 (-3072 -1024 64 ) (-3072 -1024 5850.240234 ) (-3072 0 5850.240234 ) (-3072 0 64 ) 
4 604 605 (-2048 0 64 ) (-2048 -1024 64 ) (-3072 -1024 64 ) (-3072 0 64 ) 
4 605 659 (-2048 -1024 -127 ) (-2048 -1024 64 ) (-3072 -1024 64 ) (-3072 -1024 -127 ) 
4 605 621 (-3072 -1024 -127 ) (-3072 -1024 64 ) (-3072 0 64 ) (-3072 0 -127 ) 
4 606 660 (-2048 -1024 -1152.239990 ) (-2048 -1024 -128 ) (-3072 -1024 -128 ) (-3072 -1024 -1152.239990 ) 
4 606 623 (-3072 -1024 -1152.239990 ) (-3072 -1024 -128 ) (-3072 0 -128 ) (-3072 0 -1152.239990 ) 
4 607 616 (-3072 1024 64 ) (-3072 1024 5850.240234 ) (-4096 1024 5850.240234 ) (-4096 1024 64 ) 
4 607 611 (-4096 2048 5850.240234 ) (-4096 2048 64 ) (-4096 1024 64 ) (-4096 1024 5850.240234 ) 
4 607 608 (-3072 1024 64 ) (-3584 1024 64 ) (-3584 2048 64 ) (-3072 2048 64 ) 
4 607 609 (-3584 1024 64 ) (-4096 1024 64 ) (-4096 2048 64 ) (-3584 2048 64 ) 
4 608 617 (-3072 1024 -127 ) (-3072 1024 64 ) (-3584 1024 64 ) (-3584 1024 -127 ) 
4 608 609 (-3584 1024 -127 ) (-3584 1024 64 ) (-3584 2048 64 ) (-3584 2048 -127 ) 
4 609 618 (-3584 1024 64 ) (-4096 1024 64 ) (-4096 1024 -128 ) (-3584 1024 -128 ) 
4 609 614 (-4096 2048 64 ) (-4096 2048 -128 ) (-4096 1024 -128 ) (-4096 1024 64 ) 
4 609 610 (-4096 1024 -128 ) (-4096 2048 -128 ) (-3584 2048 -128 ) (-3584 1024 -128 ) 
4 610 619 (-3072 1024 -1152.239990 ) (-3072 1024 -128 ) (-4096 1024 -128 ) (-4096 1024 -1152.239990 ) 
4 610 615 (-4096 2048 -128 ) (-4096 2048 -1152.239990 ) (-4096 1024 -1152.239990 ) (-4096 1024 -128 ) 
4 611 624 (-4096 1024 64 ) (-4096 1024 5850.240234 ) (-4584 1024 5850.240234 ) (-4584 1024 64 ) 
4 611 614 (-4584 2048 64 ) (-4096 2048 64 ) (-4096 1024 64 ) (-4584 1024 64 ) 
4 611 613 (-4584 2048 64 ) (-4584 1024 64 ) (-4584 1024 128 ) (-4584 2048 128 ) 
4 611 612 (-4584 1024 400 ) (-4584 1024 5850.240234 ) (-4584 2048 5850.240234 ) (-4584 2048 400 ) 
4 612 625 (-4584 1024 5850.240234 ) (-4608 1024 5850.240234 ) (-4608 1024 400 ) (-4584 1024 400 ) 
4 613 626 (-4608 1024 128 ) (-4608 1024 64 ) (-4584 1024 64 ) (-4584 1024 128 ) 
4 613 614 (-4608 2048 64 ) (-4584 2048 64 ) (-4584 1024 64 ) (-4608 1024 64 ) 
4 614 627 (-4096 1024 -128 ) (-4096 1024 64 ) (-4608 1024 64 ) (-4608 1024 -128 ) 
4 614 615 (-4096 1024 -128 ) (-4608 1024 -128 ) (-4608 2048 -128 ) (-4096 2048 -128 ) 
4 615 628 (-4096 1024 -1152.239990 ) (-4096 1024 -128 ) (-4608 1024 -128 ) (-4608 1024 -1152.239990 ) 
4 616 624 (-4096 1024 5850.240234 ) (-4096 1024 64 ) (-4096 0 64 ) (-4096 0 5850.240234 ) 
4 616 620 (-3072 0 64 ) (-3072 0 5850.240234 ) (-4096 0 5850.240234 ) (-4096 0 64 ) 
4 616 617 (-3584 1024 64 ) (-3072 1024 64 ) (-3072 0 64 ) (-3584 0 64 ) 
4 616 618 (-4096 0 64 ) (-4096 1024 64 ) (-3584 1024 64 ) (-3584 0 64 ) 
4 617 621 (-3072 0 -127 ) (-3072 0 64 ) (-3584 0 64 ) (-3584 0 -127 ) 
4 617 618 (-3584 0 -127 ) (-3584 0 64 ) (-3584 1024 64 ) (-3584 1024 -127 ) 
4 618 627 (-4096 1024 64 ) (-4096 1024 -128 ) (-4096 0 -128 ) (-4096 0 64 ) 
4 618 622 (-3584 0 64 ) (-4096 0 64 ) (-4096 0 -128 ) (-3584 0 -128 ) 
4 618 619 (-3584 0 -128 ) (-4096 0 -128 ) (-4096 1024 -128 ) (-3584 1024 -128 ) 
4 619 628 (-4096 1024 -128 ) (-4096 1024 -1152.239990 ) (-4096 0 -1152.239990 ) (-4096 0 -128 ) 
4 619 623 (-3072 0 -1152.239990 ) (-3072 0 -128 ) (-4096 0 -128 ) (-4096 0 -1152.239990 ) 
4 620 684 (-3072 -1024 64 ) (-3072 -1024 5850.240234 ) (-4096 -1024 5850.240234 ) (-4096 -1024 64 ) 
4 620 629 (-4096 -1024 64 ) (-4096 -1024 5850.240234 ) (-4096 0 5850.240234 ) (-4096 0 64 ) 
4 620 621 (-3072 -1024 64 ) (-3584 -1024 64 ) (-3584 0 64 ) (-3072 0 64 ) 
4 620 622 (-3584 -1024 64 ) (-4096 -1024 64 ) (-4096 0 64 ) (-3584 0 64 ) 
4 621 685 (-3072 -1024 -127 ) (-3072 -1024 64 ) (-3584 -1024 64 ) (-3584 -1024 -127 ) 
4 621 622 (-3584 -1024 -127 ) (-3584 -1024 64 ) (-3584 0 64 ) (-3584 0 -127 ) 
4 622 686 (-3584 -1024 64 ) (-4096 -1024 64 ) (-4096 -1024 -128 ) (-3584 -1024 -128 ) 
4 622 632 (-4096 -1024 -128 ) (-4096 -1024 64 ) (-4096 0 64 ) (-4096 0 -128 ) 
4 622 623 (-3584 -1024 -128 ) (-4096 -1024 -128 ) (-4096 0 -128 ) (-3584 0 -128 ) 
4 623 687 (-3072 -1024 -1152.239990 ) (-3072 -1024 -128 ) (-4096 -1024 -128 ) (-4096 -1024 -1152.239990 ) 
4 623 633 (-4096 -1024 -1152.239990 ) (-4096 -1024 -128 ) (-4096 0 -128 ) (-4096 0 -1152.239990 ) 
4 624 629 (-4096 0 64 ) (-4096 0 5850.240234 ) (-4584 0 5850.240234 ) (-4584 0 64 ) 
4 624 627 (-4584 1024 64 ) (-4096 1024 64 ) (-4096 0 64 ) (-4584 0 64 ) 
4 624 626 (-4584 1024 64 ) (-4584 0 64 ) (-4584 0 128 ) (-4584 1024 128 ) 
4 624 625 (-4584 0 400 ) (-4584 0 5850.240234 ) (-4584 1024 5850.240234 ) (-4584 1024 400 ) 
4 625 630 (-4584 0 5850.240234 ) (-4608 0 5850.240234 ) (-4608 0 400 ) (-4584 0 400 ) 
4 626 631 (-4608 0 128 ) (-4608 0 64 ) (-4584 0 64 ) (-4584 0 128 ) 
4 626 627 (-4608 1024 64 ) (-4584 1024 64 ) (-4584 0 64 ) (-4608 0 64 ) 
4 627 632 (-4096 0 -128 ) (-4096 0 64 ) (-4608 0 64 ) (-4608 0 -128 ) 
4 627 628 (-4096 0 -128 ) (-4608 0 -128 ) (-4608 1024 -128 ) (-4096 1024 -128 ) 
4 628 633 (-4096 0 -1152.239990 ) (-4096 0 -128 ) (-4608 0 -128 ) (-4608 0 -1152.239990 ) 
4 629 693 (-4096 -1024 64 ) (-4096 -1024 5850.240234 ) (-4584 -1024 5850.240234 ) (-4584 -1024 64 ) 
4 629 632 (-4096 -1024 64 ) (-4584 -1024 64 ) (-4584 0 64 ) (-4096 0 64 ) 
4 629 631 (-4584 0 64 ) (-4584 -1024 64 ) (-4584 -1024 128 ) (-4584 0 128 ) 
4 629 630 (-4584 -1024 400 ) (-4584 -1024 5850.240234 ) (-4584 0 5850.240234 ) (-4584 0 400 ) 
4 630 694 (-4584 -1024 5850.240234 ) (-4608 -1024 5850.240234 ) (-4608 -1024 400 ) (-4584 -1024 400 ) 
4 631 695 (-4608 -1024 128 ) (-4608 -1024 64 ) (-4584 -1024 64 ) (-4584 -1024 128 ) 
4 631 632 (-4584 -1024 64 ) (-4608 -1024 64 ) (-4608 0 64 ) (-4584 0 64 ) 
4 632 696 (-4096 -1024 -128 ) (-4096 -1024 64 ) (-4608 -1024 64 ) (-4608 -1024 -128 ) 
4 632 633 (-4608 0 -128 ) (-4096 0 -128 ) (-4096 -1024 -128 ) (-4608 -1024 -128 ) 
4 633 697 (-4096 -1024 -1152.239990 ) (-4096 -1024 -128 ) (-4608 -1024 -128 ) (-4608 -1024 -1152.239990 ) 
4 634 655 (-1024 -1024 5850.240234 ) (-1024 -1024 64 ) (-1024 -2048 64 ) (-1024 -2048 5850.240234 ) 
4 634 638 (0 -2048 64 ) (0 -2048 144 ) (-224 -2048 144 ) (-224 -2048 64 ) 
4 634 641 (-224 -2048 144 ) (-1024 -2048 144 ) (-1024 -2048 64 ) (-224 -2048 64 ) 
4 634 637 (0 -2048 144 ) (0 -2048 5850.240234 ) (-1024 -2048 5850.240234 ) (-1024 -2048 144 ) 
4 634 635 (-1024 -2048 64 ) (-1024 -1024 64 ) (0 -1024 64 ) (0 -2048 64 ) 
4 635 656 (-1024 -1024 64 ) (-1024 -1024 -127 ) (-1024 -2048 -127 ) (-1024 -2048 64 ) 
4 635 652 (0 -2048 -127 ) (0 -2048 64 ) (-1024 -2048 64 ) (-1024 -2048 -127 ) 
4 636 657 (-1024 -1024 -128 ) (-1024 -1024 -1152.239990 ) (-1024 -2048 -1152.239990 ) (-1024 -2048 -128 ) 
4 636 654 (0 -2048 -1152.239990 ) (0 -2048 -128 ) (-1024 -2048 -128 ) (-1024 -2048 -1152.239990 ) 
4 637 661 (-1024 -2048 5850.240234 ) (-1024 -2048 144 ) (-1024 -2856 144 ) (-1024 -2856 5850.240234 ) 
4 637 642 (0 -2856 144 ) (0 -2856 5850.240234 ) (-1024 -2856 5850.240234 ) (-1024 -2856 144 ) 
4 637 638 (-224 -2560 144 ) (-224 -2048 144 ) (0 -2048 144 ) (0 -2560 144 ) 
4 637 640 (0 -2856 144 ) (-224 -2856 144 ) (-224 -2816 144 ) (0 -2816 144 ) 
4 637 641 (-224 -2856 144 ) (-1024 -2856 144 ) (-1024 -2048 144 ) (-224 -2048 144 ) 
4 638 652 (-224 -2048 64 ) (0 -2048 64 ) (0 -2560 64 ) (-224 -2560 64 ) 
4 638 639 (-224 -2560 116 ) (-224 -2560 64 ) (0 -2560 64 ) (0 -2560 116 ) 
4 638 641 (-224 -2048 64 ) (-224 -2560 64 ) (-224 -2560 144 ) (-224 -2048 144 ) 
4 639 653 (0 -2560 64 ) (0 -2816 64 ) (-224 -2816 64 ) (-224 -2560 64 ) 
4 639 641 (-224 -2560 64 ) (-224 -2816 64 ) (-224 -2816 116 ) (-224 -2560 116 ) 
4 639 640 (-224 -2816 116 ) (-224 -2816 64 ) (0 -2816 64 ) (0 -2816 116 ) 
4 640 653 (0 -2816 64 ) (0 -2856 64 ) (-224 -2856 64 ) (-224 -2816 64 ) 
4 640 647 (-96 -2856 136 ) (-128 -2856 136 ) (-128 -2856 120 ) (-96 -2856 120 ) 
4 640 650 (-136 -2856 136 ) (-224 -2856 136 ) (-224 -2856 120 ) (-136 -2856 120 ) 
4 640 645 (-48 -2856 136 ) (-88 -2856 136 ) (-88 -2856 120 ) (-48 -2856 120 ) 
4 640 643 (0 -2856 120 ) (0 -2856 136 ) (-40 -2856 136 ) (-40 -2856 120 ) 
4 640 651 (-224 -2856 64 ) (0 -2856 64 ) (0 -2856 120 ) (-224 -2856 120 ) 
4 640 642 (0 -2856 136 ) (0 -2856 144 ) (-224 -2856 144 ) (-224 -2856 136 ) 
4 640 641 (-224 -2816 64 ) (-224 -2856 64 ) (-224 -2856 144 ) (-224 -2816 144 ) 
4 641 661 (-1024 -2048 144 ) (-1024 -2048 64 ) (-1024 -2856 64 ) (-1024 -2856 144 ) 
4 641 652 (-1024 -2560 64 ) (-1024 -2048 64 ) (-224 -2048 64 ) (-224 -2560 64 ) 
4 641 653 (-1024 -2856 64 ) (-1024 -2560 64 ) (-224 -2560 64 ) (-224 -2856 64 ) 
4 641 650 (-224 -2856 120 ) (-224 -2856 136 ) (-1024 -2856 136 ) (-1024 -2856 120 ) 
4 641 651 (-1024 -2856 64 ) (-224 -2856 64 ) (-224 -2856 120 ) (-1024 -2856 120 ) 
4 641 642 (-224 -2856 136 ) (-224 -2856 144 ) (-1024 -2856 144 ) (-1024 -2856 136 ) 
4 642 669 (0 -3072 136 ) (0 -3072 5850.240234 ) (-1024 -3072 5850.240234 ) (-1024 -3072 136 ) 
4 642 661 (-1024 -3072 136 ) (-1024 -3072 5850.240234 ) (-1024 -2856 5850.240234 ) (-1024 -2856 136 ) 
4 642 648 (-128 -2936 136 ) (-128 -2944 136 ) (-136 -2944 136 ) (-136 -2936 136 ) 
4 642 649 (-128 -2952 136 ) (-128 -3072 136 ) (-136 -3072 136 ) (-136 -2952 136 ) 
4 642 647 (-128 -2856 136 ) (-96 -2856 136 ) (-96 -3072 136 ) (-128 -3072 136 ) 
4 642 650 (-1024 -3072 136 ) (-1024 -2856 136 ) (-136 -2856 136 ) (-136 -3072 136 ) 
4 642 646 (-48 -2928 136 ) (-48 -3072 136 ) (-96 -3072 136 ) (-96 -2928 136 ) 
4 642 645 (-88 -2856 136 ) (-48 -2856 136 ) (-48 -2920 136 ) (-88 -2920 136 ) 
4 642 644 (-40 -2984 136 ) (-40 -3072 136 ) (-48 -3072 136 ) (-48 -2984 136 ) 
4 642 643 (-40 -2856 136 ) (0 -2856 136 ) (0 -3072 136 ) (-40 -3072 136 ) 
4 643 669 (0 -3072 120 ) (0 -3072 136 ) (-40 -3072 136 ) (-40 -3072 120 ) 
4 643 644 (-40 -2984 120 ) (-40 -3072 120 ) (-40 -3072 136 ) (-40 -2984 136 ) 
4 643 651 (0 -3072 120 ) (-40 -3072 120 ) (-40 -2856 120 ) (0 -2856 120 ) 
4 644 669 (-40 -3072 136 ) (-48 -3072 136 ) (-48 -3072 120 ) (-40 -3072 120 ) 
4 644 646 (-48 -2984 120 ) (-48 -3072 120 ) (-48 -3072 136 ) (-48 -2984 136 ) 
4 644 651 (-40 -3072 120 ) (-48 -3072 120 ) (-48 -2984 120 ) (-40 -2984 120 ) 
4 645 651 (-88 -2856 120 ) (-48 -2856 120 ) (-48 -2920 120 ) (-88 -2920 120 ) 
4 646 669 (-48 -3072 136 ) (-96 -3072 136 ) (-96 -3072 120 ) (-48 -3072 120 ) 
4 646 647 (-96 -2928 120 ) (-96 -3072 120 ) (-96 -3072 136 ) (-96 -2928 136 ) 
4 646 651 (-48 -3072 120 ) (-96 -3072 120 ) (-96 -2928 120 ) (-48 -2928 120 ) 
4 647 669 (-96 -3072 136 ) (-128 -3072 136 ) (-128 -3072 120 ) (-96 -3072 120 ) 
4 647 648 (-128 -2936 120 ) (-128 -2944 120 ) (-128 -2944 136 ) (-128 -2936 136 ) 
4 647 649 (-128 -2952 120 ) (-128 -3072 120 ) (-128 -3072 136 ) (-128 -2952 136 ) 
4 647 651 (-96 -3072 120 ) (-128 -3072 120 ) (-128 -2856 120 ) (-96 -2856 120 ) 
4 648 651 (-136 -2944 120 ) (-136 -2936 120 ) (-128 -2936 120 ) (-128 -2944 120 ) 
4 648 650 (-136 -2936 120 ) (-136 -2944 120 ) (-136 -2944 136 ) (-136 -2936 136 ) 
4 649 669 (-128 -3072 136 ) (-136 -3072 136 ) (-136 -3072 120 ) (-128 -3072 120 ) 
4 649 650 (-136 -2952 120 ) (-136 -3072 120 ) (-136 -3072 136 ) (-136 -2952 136 ) 
4 649 651 (-128 -3072 120 ) (-136 -3072 120 ) (-136 -2952 120 ) (-128 -2952 120 ) 
4 650 669 (-136 -3072 136 ) (-1024 -3072 136 ) (-1024 -3072 120 ) (-136 -3072 120 ) 
4 650 661 (-1024 -3072 120 ) (-1024 -3072 136 ) (-1024 -2856 136 ) (-1024 -2856 120 ) 
4 650 651 (-136 -3072 120 ) (-1024 -3072 120 ) (-1024 -2856 120 ) (-136 -2856 120 ) 
4 651 669 (0 -3072 64 ) (0 -3072 120 ) (-1024 -3072 120 ) (-1024 -3072 64 ) 
4 651 661 (-1024 -3072 64 ) (-1024 -3072 120 ) (-1024 -2856 120 ) (-1024 -2856 64 ) 
4 651 653 (-1024 -3072 64 ) (-1024 -2856 64 ) (0 -2856 64 ) (0 -3072 64 ) 
4 652 662 (-1024 -2560 64 ) (-1024 -2048 64 ) (-1024 -2048 -127 ) (-1024 -2560 -127 ) 
4 652 653 (0 -2560 -127 ) (0 -2560 64 ) (-1024 -2560 64 ) (-1024 -2560 -127 ) 
4 653 672 (0 -3072 -128 ) (0 -3072 64 ) (-1024 -3072 64 ) (-1024 -3072 -128 ) 
4 653 663 (-1024 -3072 -128 ) (-1024 -3072 64 ) (-1024 -2560 64 ) (-1024 -2560 -128 ) 
4 653 654 (0 -3072 -128 ) (-1024 -3072 -128 ) (-1024 -2560 -128 ) (0 -2560 -128 ) 
4 654 673 (0 -3072 -1152.239990 ) (0 -3072 -128 ) (-1024 -3072 -128 ) (-1024 -3072 -1152.239990 ) 
4 654 664 (-1024 -3072 -1152.239990 ) (-1024 -3072 -128 ) (-1024 -2048 -128 ) (-1024 -2048 -1152.239990 ) 
4 655 661 (-1024 -2048 64 ) (-1024 -2048 5850.240234 ) (-2048 -2048 5850.240234 ) (-2048 -2048 64 ) 
4 655 658 (-2048 -1024 5850.240234 ) (-2048 -1024 64 ) (-2048 -2048 64 ) (-2048 -2048 5850.240234 ) 
4 655 656 (-1024 -2048 64 ) (-2048 -2048 64 ) (-2048 -1024 64 ) (-1024 -1024 64 ) 
4 656 662 (-1024 -2048 -127 ) (-1024 -2048 64 ) (-2048 -2048 64 ) (-2048 -2048 -127 ) 
4 656 659 (-2048 -1024 64 ) (-2048 -1024 -127 ) (-2048 -2048 -127 ) (-2048 -2048 64 ) 
4 657 664 (-1024 -2048 -1152.239990 ) (-1024 -2048 -128 ) (-2048 -2048 -128 ) (-2048 -2048 -1152.239990 ) 
4 657 660 (-2048 -1024 -128 ) (-2048 -1024 -1152.239990 ) (-2048 -2048 -1152.239990 ) (-2048 -2048 -128 ) 
4 658 684 (-3072 -1024 5850.240234 ) (-3072 -1024 64 ) (-3072 -2048 64 ) (-3072 -2048 5850.240234 ) 
4 658 665 (-2048 -2048 64 ) (-2048 -2048 5850.240234 ) (-3072 -2048 5850.240234 ) (-3072 -2048 64 ) 
4 658 659 (-3072 -1024 64 ) (-2048 -1024 64 ) (-2048 -2048 64 ) (-3072 -2048 64 ) 
4 659 685 (-3072 -1024 64 ) (-3072 -1024 -127 ) (-3072 -2048 -127 ) (-3072 -2048 64 ) 
4 659 666 (-2048 -2048 -127 ) (-2048 -2048 64 ) (-3072 -2048 64 ) (-3072 -2048 -127 ) 
4 660 687 (-3072 -1024 -128 ) (-3072 -1024 -1152.239990 ) (-3072 -2048 -1152.239990 ) (-3072 -2048 -128 ) 
4 660 668 (-2048 -2048 -1152.239990 ) (-2048 -2048 -128 ) (-3072 -2048 -128 ) (-3072 -2048 -1152.239990 ) 
4 661 674 (-1024 -3072 64 ) (-1024 -3072 5850.240234 ) (-2048 -3072 5850.240234 ) (-2048 -3072 64 ) 
4 661 665 (-2048 -2048 5850.240234 ) (-2048 -2048 64 ) (-2048 -3072 64 ) (-2048 -3072 5850.240234 ) 
4 661 662 (-2048 -2048 64 ) (-1024 -2048 64 ) (-1024 -2560 64 ) (-2048 -2560 64 ) 
4 661 663 (-1024 -2560 64 ) (-1024 -3072 64 ) (-2048 -3072 64 ) (-2048 -2560 64 ) 
4 662 666 (-2048 -2048 64 ) (-2048 -2048 -127 ) (-2048 -2560 -127 ) (-2048 -2560 64 ) 
4 662 663 (-1024 -2560 -127 ) (-1024 -2560 64 ) (-2048 -2560 64 ) (-2048 -2560 -127 ) 
4 663 677 (-1024 -3072 -128 ) (-1024 -3072 64 ) (-2048 -3072 64 ) (-2048 -3072 -128 ) 
4 663 667 (-2048 -2560 -128 ) (-2048 -3072 -128 ) (-2048 -3072 64 ) (-2048 -2560 64 ) 
4 663 664 (-1024 -3072 -128 ) (-2048 -3072 -128 ) (-2048 -2560 -128 ) (-1024 -2560 -128 ) 
4 664 678 (-1024 -3072 -1152.239990 ) (-1024 -3072 -128 ) (-2048 -3072 -128 ) (-2048 -3072 -1152.239990 ) 
4 664 668 (-2048 -2048 -128 ) (-2048 -2048 -1152.239990 ) (-2048 -3072 -1152.239990 ) (-2048 -3072 -128 ) 
4 665 688 (-3072 -3072 64 ) (-3072 -3072 5850.240234 ) (-3072 -2048 5850.240234 ) (-3072 -2048 64 ) 
4 665 679 (-2048 -3072 64 ) (-2048 -3072 5850.240234 ) (-3072 -3072 5850.240234 ) (-3072 -3072 64 ) 
4 665 666 (-2048 -2048 64 ) (-2048 -2560 64 ) (-3072 -2560 64 ) (-3072 -2048 64 ) 
4 665 667 (-2048 -2560 64 ) (-2048 -3072 64 ) (-3072 -3072 64 ) (-3072 -2560 64 ) 
4 666 689 (-3072 -2560 64 ) (-3072 -2048 64 ) (-3072 -2048 -127 ) (-3072 -2560 -127 ) 
4 666 667 (-2048 -2560 -127 ) (-2048 -2560 64 ) (-3072 -2560 64 ) (-3072 -2560 -127 ) 
4 667 690 (-3072 -3072 -128 ) (-3072 -3072 64 ) (-3072 -2560 64 ) (-3072 -2560 -128 ) 
4 667 682 (-2048 -3072 -128 ) (-2048 -3072 64 ) (-3072 -3072 64 ) (-3072 -3072 -128 ) 
4 667 668 (-2048 -3072 -128 ) (-3072 -3072 -128 ) (-3072 -2560 -128 ) (-2048 -2560 -128 ) 
4 668 692 (-3072 -3072 -1152.239990 ) (-3072 -3072 -128 ) (-3072 -2048 -128 ) (-3072 -2048 -1152.239990 ) 
4 668 683 (-2048 -3072 -1152.239990 ) (-2048 -3072 -128 ) (-3072 -3072 -128 ) (-3072 -3072 -1152.239990 ) 
4 669 674 (-1024 -3072 5850.240234 ) (-1024 -3072 64 ) (-1024 -3560 64 ) (-1024 -3560 5850.240234 ) 
4 669 672 (-1024 -3560 64 ) (-1024 -3072 64 ) (0 -3072 64 ) (0 -3560 64 ) 
4 669 671 (-1024 -3560 64 ) (0 -3560 64 ) (0 -3560 128 ) (-1024 -3560 128 ) 
4 669 670 (0 -3560 400 ) (0 -3560 5850.240234 ) (-1024 -3560 5850.240234 ) (-1024 -3560 400 ) 
4 670 675 (-1024 -3584 400 ) (-1024 -3584 5850.240234 ) (-1024 -3560 5850.240234 ) (-1024 -3560 400 ) 
4 671 676 (-1024 -3560 64 ) (-1024 -3584 64 ) (-1024 -3584 128 ) (-1024 -3560 128 ) 
4 671 672 (-1024 -3584 64 ) (-1024 -3560 64 ) (0 -3560 64 ) (0 -3584 64 ) 
4 672 677 (-1024 -3072 64 ) (-1024 -3072 -128 ) (-1024 -3584 -128 ) (-1024 -3584 64 ) 
4 672 673 (-1024 -3584 -128 ) (-1024 -3072 -128 ) (0 -3072 -128 ) (0 -3584 -128 ) 
4 673 678 (-1024 -3072 -128 ) (-1024 -3072 -1152.239990 ) (-1024 -3584 -1152.239990 ) (-1024 -3584 -128 ) 
4 674 679 (-2048 -3072 5850.240234 ) (-2048 -3072 64 ) (-2048 -3560 64 ) (-2048 -3560 5850.240234 ) 
4 674 677 (-2048 -3560 64 ) (-2048 -3072 64 ) (-1024 -3072 64 ) (-1024 -3560 64 ) 
4 674 676 (-2048 -3560 64 ) (-1024 -3560 64 ) (-1024 -3560 128 ) (-2048 -3560 128 ) 
4 674 675 (-1024 -3560 400 ) (-1024 -3560 5850.240234 ) (-2048 -3560 5850.240234 ) (-2048 -3560 400 ) 
4 675 680 (-2048 -3584 400 ) (-2048 -3584 5850.240234 ) (-2048 -3560 5850.240234 ) (-2048 -3560 400 ) 
4 676 681 (-2048 -3560 64 ) (-2048 -3584 64 ) (-2048 -3584 128 ) (-2048 -3560 128 ) 
4 676 677 (-2048 -3584 64 ) (-2048 -3560 64 ) (-1024 -3560 64 ) (-1024 -3584 64 ) 
4 677 682 (-2048 -3072 64 ) (-2048 -3072 -128 ) (-2048 -3584 -128 ) (-2048 -3584 64 ) 
4 677 678 (-2048 -3584 -128 ) (-2048 -3072 -128 ) (-1024 -3072 -128 ) (-1024 -3584 -128 ) 
4 678 683 (-2048 -3072 -128 ) (-2048 -3072 -1152.239990 ) (-2048 -3584 -1152.239990 ) (-2048 -3584 -128 ) 
4 679 703 (-3072 -3072 5850.240234 ) (-3072 -3072 64 ) (-3072 -3560 64 ) (-3072 -3560 5850.240234 ) 
4 679 682 (-3072 -3560 64 ) (-3072 -3072 64 ) (-2048 -3072 64 ) (-2048 -3560 64 ) 
4 679 681 (-3072 -3560 64 ) (-2048 -3560 64 ) (-2048 -3560 128 ) (-3072 -3560 128 ) 
4 679 680 (-2048 -3560 400 ) (-2048 -3560 5850.240234 ) (-3072 -3560 5850.240234 ) (-3072 -3560 400 ) 
4 680 704 (-3072 -3584 400 ) (-3072 -3584 5850.240234 ) (-3072 -3560 5850.240234 ) (-3072 -3560 400 ) 
4 681 705 (-3072 -3560 64 ) (-3072 -3584 64 ) (-3072 -3584 128 ) (-3072 -3560 128 ) 
4 681 682 (-3072 -3584 64 ) (-3072 -3560 64 ) (-2048 -3560 64 ) (-2048 -3584 64 ) 
4 682 706 (-3072 -3584 64 ) (-3072 -3072 64 ) (-3072 -3072 -128 ) (-3072 -3584 -128 ) 
4 682 683 (-2048 -3072 -128 ) (-2048 -3584 -128 ) (-3072 -3584 -128 ) (-3072 -3072 -128 ) 
4 683 707 (-3072 -3584 -128 ) (-3072 -3072 -128 ) (-3072 -3072 -1152.239990 ) (-3072 -3584 -1152.239990 ) 
4 684 693 (-4096 -1024 5850.240234 ) (-4096 -1024 64 ) (-4096 -2048 64 ) (-4096 -2048 5850.240234 ) 
4 684 688 (-3072 -2048 64 ) (-3072 -2048 5850.240234 ) (-4096 -2048 5850.240234 ) (-4096 -2048 64 ) 
4 684 685 (-3584 -1024 64 ) (-3072 -1024 64 ) (-3072 -2048 64 ) (-3584 -2048 64 ) 
4 684 686 (-4096 -2048 64 ) (-4096 -1024 64 ) (-3584 -1024 64 ) (-3584 -2048 64 ) 
4 685 689 (-3072 -2048 -127 ) (-3072 -2048 64 ) (-3584 -2048 64 ) (-3584 -2048 -127 ) 
4 685 686 (-3584 -2048 -127 ) (-3584 -2048 64 ) (-3584 -1024 64 ) (-3584 -1024 -127 ) 
4 686 696 (-4096 -1024 64 ) (-4096 -1024 -128 ) (-4096 -2048 -128 ) (-4096 -2048 64 ) 
4 686 691 (-3584 -2048 64 ) (-4096 -2048 64 ) (-4096 -2048 -128 ) (-3584 -2048 -128 ) 
4 686 687 (-3584 -2048 -128 ) (-4096 -2048 -128 ) (-4096 -1024 -128 ) (-3584 -1024 -128 ) 
4 687 697 (-4096 -1024 -128 ) (-4096 -1024 -1152.239990 ) (-4096 -2048 -1152.239990 ) (-4096 -2048 -128 ) 
4 687 692 (-3072 -2048 -1152.239990 ) (-3072 -2048 -128 ) (-4096 -2048 -128 ) (-4096 -2048 -1152.239990 ) 
4 688 703 (-3072 -3072 64 ) (-3072 -3072 5850.240234 ) (-4096 -3072 5850.240234 ) (-4096 -3072 64 ) 
4 688 698 (-4096 -3072 64 ) (-4096 -3072 5850.240234 ) (-4096 -2048 5850.240234 ) (-4096 -2048 64 ) 
4 688 689 (-3584 -2048 64 ) (-3072 -2048 64 ) (-3072 -2560 64 ) (-3584 -2560 64 ) 
4 688 690 (-3072 -2560 64 ) (-3072 -3072 64 ) (-3584 -3072 64 ) (-3584 -2560 64 ) 
4 688 691 (-4096 -3072 64 ) (-4096 -2048 64 ) (-3584 -2048 64 ) (-3584 -3072 64 ) 
4 689 690 (-3584 -2560 64 ) (-3584 -2560 -127 ) (-3072 -2560 -127 ) (-3072 -2560 64 ) 
4 689 691 (-3584 -2560 -127 ) (-3584 -2560 64 ) (-3584 -2048 64 ) (-3584 -2048 -127 ) 
4 690 706 (-3072 -3072 -128 ) (-3072 -3072 64 ) (-3584 -3072 64 ) (-3584 -3072 -128 ) 
4 690 692 (-3072 -3072 -128 ) (-3584 -3072 -128 ) (-3584 -2560 -128 ) (-3072 -2560 -128 ) 
4 690 691 (-3584 -2560 -128 ) (-3584 -3072 -128 ) (-3584 -3072 64 ) (-3584 -2560 64 ) 
4 691 706 (-3584 -3072 64 ) (-4096 -3072 64 ) (-4096 -3072 -128 ) (-3584 -3072 -128 ) 
4 691 701 (-4096 -3072 -128 ) (-4096 -3072 64 ) (-4096 -2048 64 ) (-4096 -2048 -128 ) 
4 691 692 (-3584 -3072 -128 ) (-4096 -3072 -128 ) (-4096 -2048 -128 ) (-3584 -2048 -128 ) 
4 692 707 (-3072 -3072 -1152.239990 ) (-3072 -3072 -128 ) (-4096 -3072 -128 ) (-4096 -3072 -1152.239990 ) 
4 692 702 (-4096 -3072 -1152.239990 ) (-4096 -3072 -128 ) (-4096 -2048 -128 ) (-4096 -2048 -1152.239990 ) 
4 693 698 (-4096 -2048 64 ) (-4096 -2048 5850.240234 ) (-4584 -2048 5850.240234 ) (-4584 -2048 64 ) 
4 693 696 (-4584 -1024 64 ) (-4096 -1024 64 ) (-4096 -2048 64 ) (-4584 -2048 64 ) 
4 693 695 (-4584 -1024 64 ) (-4584 -2048 64 ) (-4584 -2048 128 ) (-4584 -1024 128 ) 
4 693 694 (-4584 -2048 400 ) (-4584 -2048 5850.240234 ) (-4584 -1024 5850.240234 ) (-4584 -1024 400 ) 
4 694 699 (-4584 -2048 5850.240234 ) (-4608 -2048 5850.240234 ) (-4608 -2048 400 ) (-4584 -2048 400 ) 
4 695 700 (-4608 -2048 128 ) (-4608 -2048 64 ) (-4584 -2048 64 ) (-4584 -2048 128 ) 
4 695 696 (-4608 -1024 64 ) (-4584 -1024 64 ) (-4584 -2048 64 ) (-4608 -2048 64 ) 
4 696 701 (-4096 -2048 -128 ) (-4096 -2048 64 ) (-4608 -2048 64 ) (-4608 -2048 -128 ) 
4 696 697 (-4096 -2048 -128 ) (-4608 -2048 -128 ) (-4608 -1024 -128 ) (-4096 -1024 -128 ) 
4 697 702 (-4096 -2048 -1152.239990 ) (-4096 -2048 -128 ) (-4608 -2048 -128 ) (-4608 -2048 -1152.239990 ) 
4 698 709 (-4096 -3072 64 ) (-4096 -3072 400 ) (-4584 -3072 400 ) (-4584 -3072 64 ) 
4 698 708 (-4096 -3072 400 ) (-4096 -3072 5850.240234 ) (-4584 -3072 5850.240234 ) (-4584 -3072 400 ) 
4 698 701 (-4096 -3072 64 ) (-4584 -3072 64 ) (-4584 -2048 64 ) (-4096 -2048 64 ) 
4 698 700 (-4584 -2048 64 ) (-4584 -3072 64 ) (-4584 -3072 128 ) (-4584 -2048 128 ) 
4 698 699 (-4584 -3072 400 ) (-4584 -3072 5850.240234 ) (-4584 -2048 5850.240234 ) (-4584 -2048 400 ) 
4 699 711 (-4584 -3072 5850.240234 ) (-4608 -3072 5850.240234 ) (-4608 -3072 400 ) (-4584 -3072 400 ) 
4 700 712 (-4608 -3072 128 ) (-4608 -3072 64 ) (-4584 -3072 64 ) (-4584 -3072 128 ) 
4 700 701 (-4584 -3072 64 ) (-4608 -3072 64 ) (-4608 -2048 64 ) (-4584 -2048 64 ) 
4 701 713 (-4096 -3072 -128 ) (-4096 -3072 64 ) (-4608 -3072 64 ) (-4608 -3072 -128 ) 
4 701 702 (-4608 -2048 -128 ) (-4096 -2048 -128 ) (-4096 -3072 -128 ) (-4608 -3072 -128 ) 
4 702 714 (-4096 -3072 -1152.239990 ) (-4096 -3072 -128 ) (-4608 -3072 -128 ) (-4608 -3072 -1152.239990 ) 
4 703 709 (-4096 -3072 400 ) (-4096 -3072 64 ) (-4096 -3560 64 ) (-4096 -3560 400 ) 
4 703 708 (-4096 -3072 5850.240234 ) (-4096 -3072 400 ) (-4096 -3560 400 ) (-4096 -3560 5850.240234 ) 
4 703 706 (-4096 -3560 64 ) (-4096 -3072 64 ) (-3072 -3072 64 ) (-3072 -3560 64 ) 
4 703 705 (-4096 -3560 64 ) (-3072 -3560 64 ) (-3072 -3560 128 ) (-4096 -3560 128 ) 
4 703 704 (-3072 -3560 400 ) (-3072 -3560 5850.240234 ) (-4096 -3560 5850.240234 ) (-4096 -3560 400 ) 
4 704 708 (-4096 -3584 400 ) (-4096 -3584 5850.240234 ) (-4096 -3560 5850.240234 ) (-4096 -3560 400 ) 
4 705 710 (-4096 -3560 64 ) (-4096 -3584 64 ) (-4096 -3584 128 ) (-4096 -3560 128 ) 
4 705 706 (-4096 -3584 64 ) (-4096 -3560 64 ) (-3072 -3560 64 ) (-3072 -3584 64 ) 
4 706 713 (-4096 -3072 64 ) (-4096 -3072 -128 ) (-4096 -3584 -128 ) (-4096 -3584 64 ) 
4 706 707 (-4096 -3584 -128 ) (-4096 -3072 -128 ) (-3072 -3072 -128 ) (-3072 -3584 -128 ) 
4 707 714 (-4096 -3072 -128 ) (-4096 -3072 -1152.239990 ) (-4096 -3584 -1152.239990 ) (-4096 -3584 -128 ) 
4 708 711 (-4584 -3072 5850.240234 ) (-4584 -3072 400 ) (-4584 -3584 400 ) (-4584 -3584 5850.240234 ) 
4 708 709 (-4584 -3560 400 ) (-4584 -3072 400 ) (-4096 -3072 400 ) (-4096 -3560 400 ) 
4 709 713 (-4584 -3072 64 ) (-4096 -3072 64 ) (-4096 -3560 64 ) (-4584 -3560 64 ) 
4 709 712 (-4584 -3072 128 ) (-4584 -3072 64 ) (-4584 -3560 64 ) (-4584 -3560 128 ) 
4 709 710 (-4584 -3560 128 ) (-4584 -3560 64 ) (-4096 -3560 64 ) (-4096 -3560 128 ) 
4 710 713 (-4096 -3560 64 ) (-4096 -3584 64 ) (-4584 -3584 64 ) (-4584 -3560 64 ) 
4 710 712 (-4584 -3560 64 ) (-4584 -3584 64 ) (-4584 -3584 128 ) (-4584 -3560 128 ) 
4 712 713 (-4608 -3072 64 ) (-4584 -3072 64 ) (-4584 -3584 64 ) (-4608 -3584 64 ) 
4 713 714 (-4608 -3584 -128 ) (-4608 -3072 -128 ) (-4096 -3072 -128 ) (-4096 -3584 -128 ) 
