PRT1
623
1718
4 0 17 (4034 -5120 14974.799805 ) (4032 -5120 14974.799805 ) (4032 -5120 -511.842987 ) (4034 -5120 -511.842987 ) 
4 0 10 (4032 -5120 185.066864 ) (4032 -5120 242.931213 ) (4032 -5082.350098 230 ) (4032 -5082.350098 197.997955 ) 
5 0 8 (4032 -4900.799805 167.648331 ) (4032 -4900.799805 -42 ) (4032 -5082.350098 -42 ) (4032 -5082.350098 198.003036 ) (4032 -5035.770020 214 ) 
3 0 6 (4032 -5120 313.065948 ) (4032 -5120 358 ) (4032 -4989.180176 358 ) 
4 0 5 (4032 -4896 166 ) (4032 -4896 -42 ) (4032 -4900.799805 -42 ) (4032 -4900.799805 167.648300 ) 
4 0 16 (4032 -4896 -511.842987 ) (4032 -5120 -511.842987 ) (4032 -5120 -42 ) (4032 -4896 -42 ) 
4 0 4 (4032 -4894 358 ) (4032 -4894 -511.842987 ) (4032 -4896 -511.842987 ) (4032 -4896 358 ) 
4 0 1 (4032 -5120 14974.799805 ) (4032 -4894 14974.799805 ) (4032 -4894 358 ) (4032 -5120 358 ) 
4 1 18 (4030 -5120 358 ) (4032 -5120 358 ) (4032 -5120 14974.799805 ) (4030 -5120 14974.799805 ) 
4 1 6 (4032 -4989.180176 358 ) (4032 -5120 358 ) (4030 -5120 358 ) (4030 -4989.180176 358 ) 
4 1 4 (4030 -4894 358 ) (4032 -4894 358 ) (4032 -4896 358 ) (4030 -4896 358 ) 
4 1 2 (4030 -4894 14974.799805 ) (4030 -4894 12766 ) (4030 -5120 12766 ) (4030 -5120 14974.799805 ) 
4 1 3 (4030 -4894 12764 ) (4030 -4894 358 ) (4030 -5120 358 ) (4030 -5120 12764 ) 
4 2 43 (3072 -5120 12766 ) (3072 -5120 14974.799805 ) (3072 -5082.350098 14974.799805 ) (3072 -5082.350098 12766 ) 
4 2 38 (3072 -5082.350098 14974.799805 ) (3072 -4894 14974.799805 ) (3072 -4894 12766 ) (3072 -5082.350098 12766 ) 
4 2 19 (3072 -5120 14974.799805 ) (3072 -5120 12766 ) (4030 -5120 12766 ) (4030 -5120 14974.799805 ) 
4 3 45 (3072 -5120 358 ) (3072 -5120 12764 ) (3072 -5082.350098 12764 ) (3072 -5082.350098 358 ) 
4 3 39 (3072 -5082.350098 12764 ) (3072 -4894 12764 ) (3072 -4894 358 ) (3072 -5082.350098 358 ) 
4 3 20 (3072 -5120 12764 ) (3072 -5120 358 ) (4030 -5120 358 ) (4030 -5120 12764 ) 
4 3 7 (3936.199951 -5120 358 ) (3072 -5120 358 ) (3072 -4989.181152 358 ) (3936.199951 -4989.180176 358 ) 
4 3 6 (4030 -4989.180176 358 ) (4030 -5120 358 ) (4029.389893 -5120 358 ) (4029.389893 -4989.180176 358 ) 
4 3 4 (3072 -4894 358 ) (4030 -4894 358 ) (4030 -4896 358 ) (3072 -4896 358 ) 
4 4 40 (3072 -4896 358 ) (3072 -4894 358 ) (3072 -4894 -511.842987 ) (3072 -4896 -511.842987 ) 
4 4 5 (4032 -4896 -42 ) (4032 -4896 166 ) (3072 -4896 166 ) (3072 -4896 -42 ) 
4 4 16 (3072 -4896 -511.842987 ) (4032 -4896 -511.842987 ) (4032 -4896 -42 ) (3072 -4896 -42 ) 
4 5 42 (3072 -4896 166 ) (3072 -4896 -42 ) (3072 -4900.799805 -42 ) (3072 -4900.799805 167.648300 ) 
4 5 13 (3072 -4900.799805 -42 ) (3749.870117 -4900.799805 -42 ) (3749.870117 -4900.799805 167.648300 ) (3072 -4900.799805 167.648285 ) 
3 5 12 (3754.669434 -4900.799805 167.648300 ) (3749.870117 -4900.799805 167.648300 ) (3749.870117 -4900.799805 166 ) 
5 5 9 (3843.040039 -4900.799805 -42 ) (4029.389893 -4900.799805 -42 ) (4029.389893 -4900.799805 166 ) (4024.590576 -4900.799805 167.648300 ) (3843.040039 -4900.799805 167.648300 ) 
4 5 8 (4029.389893 -4900.799805 -42 ) (4032 -4900.799805 -42 ) (4032 -4900.799805 167.648300 ) (4029.389893 -4900.799805 167.648300 ) 
4 5 16 (3072 -4896 -42 ) (4032 -4896 -42 ) (4032 -4900.799805 -42 ) (3072 -4900.799805 -42 ) 
4 6 26 (4029.389893 -5120 313.065948 ) (4032 -5120 313.065948 ) (4032 -5120 358 ) (4029.389893 -5120 358 ) 
4 7 45 (3072 -5120 313.066315 ) (3072 -5120 358 ) (3072 -5082.350098 358 ) (3072 -5082.350098 325.998322 ) 
3 7 41 (3072 -5082.350098 358 ) (3072 -4989.181152 358 ) (3072 -5082.350098 325.998322 ) 
4 7 33 (3072 -5120 358 ) (3072 -5120 313.066315 ) (3749.870117 -5120 313.066071 ) (3749.870117 -5120 358 ) 
5 7 28 (3749.870117 -5120 313.066071 ) (3805.390137 -5120 313.066040 ) (3843.040039 -5120 325.998993 ) (3843.040039 -5120 358 ) (3749.870117 -5120 358 ) 
3 7 21 (3843.040039 -5120 325.998993 ) (3936.199951 -5120 358 ) (3843.040039 -5120 358 ) 
4 8 9 (4029.389893 -5082.350098 -42 ) (4029.389893 -5082.350098 166 ) (4029.389893 -4900.799805 166 ) (4029.389893 -4900.799805 -42 ) 
4 8 16 (4032 -4900.799805 -42 ) (4032 -5082.350098 -42 ) (4029.389893 -5082.350098 -42 ) (4029.389893 -4900.799805 -42 ) 
4 9 16 (4029.389893 -5082.350098 -42 ) (3843.040039 -5082.350098 -42 ) (3843.040039 -4900.799805 -42 ) (4029.389893 -4900.799805 -42 ) 
4 10 22 (4032 -5120 185.066864 ) (4032 -5120 242.931213 ) (4029.389893 -5120 242.931198 ) (4029.389893 -5120 185.066849 ) 
4 11 24 (3889.620361 -5120 214 ) (3843.040039 -5120 198 ) (3843.040039 -5120 185.066940 ) (3973.869629 -5120 185.066879 ) 
5 12 13 (3749.870117 -5082.350098 166 ) (3749.870117 -5082.350098 197.998062 ) (3749.870117 -5035.768555 214 ) (3749.870117 -4900.799805 167.648361 ) (3749.870117 -4900.799805 166 ) 
5 13 42 (3072 -4900.799805 167.648285 ) (3072 -4900.799805 -42 ) (3072 -5082.350098 -42 ) (3072 -5082.350098 197.998215 ) (3072 -5035.769043 214 ) 
4 13 16 (3072 -5082.350098 -42 ) (3072 -4900.799805 -42 ) (3749.870117 -4900.799805 -42 ) (3749.870117 -5082.350098 -42 ) 
6 14 29 (3843.040039 -5120 198 ) (3843.040039 -5120 230 ) (3805.393066 -5120 242.931168 ) (3749.870117 -5120 242.931183 ) (3749.870117 -5120 185.066910 ) (3805.384766 -5120 185.066925 ) 
4 14 15 (3749.870117 -5082.350098 230 ) (3749.870117 -5082.350098 197.998047 ) (3749.870117 -5120 185.066910 ) (3749.870117 -5120 242.931183 ) 
4 15 44 (3072 -5120 185.067139 ) (3072 -5120 242.931213 ) (3072 -5082.350098 230 ) (3072 -5082.350098 197.998337 ) 
4 15 32 (3072 -5120 242.931229 ) (3072 -5120 185.067154 ) (3749.870117 -5120 185.066956 ) (3749.870117 -5120 242.931168 ) 
4 16 46 (3072 -5120 -511.842987 ) (3072 -5120 -42 ) (3072 -5082.350098 -42 ) (3072 -5082.350098 -511.842987 ) 
4 16 42 (3072 -5082.350098 -42 ) (3072 -4896 -42 ) (3072 -4896 -511.842987 ) (3072 -5082.350098 -511.842987 ) 
4 16 37 (3072 -5120 -42 ) (3072 -5120 -511.842987 ) (4032 -5120 -511.842987 ) (4032 -5120 -42 ) 
4 17 69 (4032 -6144 358 ) (4032 -6144 -511.842987 ) (4034 -6144 -511.842987 ) (4034 -6144 358 ) 
4 17 66 (4034 -6144 14974.799805 ) (4032 -6144 14974.799805 ) (4032 -6144 358 ) (4034 -6144 358 ) 
4 17 26 (4032 -5175.520020 358 ) (4032 -5120 358 ) (4032 -5120 313.065979 ) (4032 -5175.520020 293.995941 ) 
3 17 27 (4032 -5455.029785 358 ) (4032 -5175.520020 358 ) (4032 -5175.520020 262 ) 
4 17 22 (4032 -5175.520020 262 ) (4032 -5120 242.931213 ) (4032 -5120 185.066864 ) (4032 -5175.520020 165.997940 ) 
5 17 23 (4032 -6144 -42 ) (4032 -6144 358 ) (4032 -5455.029785 358 ) (4032 -5175.520020 262 ) (4032 -5175.520020 -42 ) 
4 17 18 (4032 -6144 358 ) (4032 -6144 14974.799805 ) (4032 -5120 14974.799805 ) (4032 -5120 358 ) 
4 17 37 (4032 -5120 -511.842987 ) (4032 -6144 -511.842987 ) (4032 -6144 -42 ) (4032 -5120 -42 ) 
4 18 66 (4032 -6144 14974.799805 ) (4030 -6144 14974.799805 ) (4030 -6144 358 ) (4032 -6144 358 ) 
4 18 26 (4030 -5120 358 ) (4032 -5120 358 ) (4032 -5175.520020 358 ) (4030 -5175.520020 358 ) 
4 18 27 (4032 -5175.520020 358 ) (4032 -5455.029785 358 ) (4030 -5455.029785 358 ) (4030 -5175.520020 358 ) 
4 18 23 (4032 -5455.029785 358 ) (4032 -6144 358 ) (4030 -6144 358 ) (4030 -5455.029785 358 ) 
4 18 19 (4030 -6144 12766 ) (4030 -6144 14974.799805 ) (4030 -5120 14974.799805 ) (4030 -5120 12766 ) 
4 18 20 (4030 -5120 358 ) (4030 -6144 358 ) (4030 -6144 12764 ) (4030 -5120 12764 ) 
4 19 72 (3843.040039 -6144 14974.799805 ) (3072 -6144 14974.799805 ) (3072 -6144 12766 ) (3843.040039 -6144 12766 ) 
4 19 67 (4030 -6144 14974.799805 ) (3843.040039 -6144 14974.799805 ) (3843.040039 -6144 12766 ) (4030 -6144 12766 ) 
4 19 56 (3072 -6144 12766 ) (3072 -6144 14974.799805 ) (3072 -5120 14974.799805 ) (3072 -5120 12766 ) 
4 20 73 (3749.870117 -6144 358 ) (3843.040039 -6144 358 ) (3843.040039 -6144 12764 ) (3749.870117 -6144 12764 ) 
4 20 76 (3072 -6144 12764 ) (3072 -6144 358 ) (3749.870117 -6144 358 ) (3749.870117 -6144 12764 ) 
4 20 68 (3843.040039 -6144 358 ) (4030 -6144 358 ) (4030 -6144 12764 ) (3843.040039 -6144 12764 ) 
4 20 58 (3072 -5175.520020 12764 ) (3072 -5120 12764 ) (3072 -5120 358 ) (3072 -5175.520020 358 ) 
4 20 60 (3072 -6144 358 ) (3072 -6144 12764 ) (3072 -5175.520020 12764 ) (3072 -5175.520020 358 ) 
4 20 33 (3072 -5175.520020 358 ) (3072 -5120 358 ) (3749.870117 -5120 358 ) (3749.870117 -5175.520020 358 ) 
4 20 34 (3072 -6144 358 ) (3072 -5175.520020 358 ) (3749.870117 -5175.520020 358 ) (3749.870117 -6144 358 ) 
4 20 30 (3843.040039 -5175.520020 358 ) (3843.040039 -6144 358 ) (3749.870117 -6144 358 ) (3749.870117 -5175.520020 358 ) 
4 20 28 (3749.870117 -5120 358 ) (3843.040039 -5120 358 ) (3843.040039 -5175.520020 358 ) (3749.870117 -5175.520020 358 ) 
4 20 26 (4029.389893 -5120 358 ) (4030 -5120 358 ) (4030 -5175.520020 358 ) (4029.389893 -5175.520020 358 ) 
4 20 27 (4030 -5175.520020 358 ) (4030 -5455.029785 358 ) (4029.389893 -5455.029785 358 ) (4029.389893 -5175.520020 358 ) 
4 20 23 (4030 -5455.029785 358 ) (4030 -6144 358 ) (4029.389893 -6144 358 ) (4029.389893 -5455.029785 358 ) 
4 20 21 (3843.040039 -5120 358 ) (3936.199951 -5120 358 ) (3936.199951 -6144 358 ) (3843.040039 -6144 358 ) 
3 21 71 (3936.199951 -6144 358 ) (3843.040039 -6144 358 ) (3843.040039 -6144 325.998993 ) 
4 21 30 (3843.040039 -6144 325.998993 ) (3843.040039 -6144 358 ) (3843.040039 -5175.520020 358 ) (3843.040039 -5175.520020 325.998993 ) 
4 21 28 (3843.040039 -5175.520020 358 ) (3843.040039 -5120 358 ) (3843.040039 -5120 325.998993 ) (3843.040039 -5175.520020 325.998993 ) 
4 22 23 (4029.389893 -5175.520020 262 ) (4029.389893 -5175.520020 165.997940 ) (4032 -5175.520020 165.997925 ) (4032 -5175.520020 262 ) 
4 23 69 (4029.389893 -6144 -42 ) (4032 -6144 -42 ) (4032 -6144 358 ) (4029.389893 -6144 358 ) 
4 23 27 (4029.389893 -5455.031738 358 ) (4032 -5455.031738 358 ) (4032 -5175.520020 262 ) (4029.389893 -5175.520020 262 ) 
4 23 25 (4029.389893 -5175.520020 166 ) (4029.389893 -5175.520020 -42 ) (4029.389893 -6144 -42 ) (4029.389893 -6144 166 ) 
4 23 37 (4032 -5175.520020 -42 ) (4032 -6144 -42 ) (4029.389893 -6144 -42 ) (4029.389893 -5175.520020 -42 ) 
5 24 25 (4029.389893 -5175.520020 165.998016 ) (4029.389893 -5175.520020 166 ) (3889.621582 -5175.520020 214 ) (3843.040039 -5175.520020 197.998993 ) (3843.040039 -5175.520020 165.998016 ) 
5 25 70 (3843.040039 -6144 -42 ) (4029.389893 -6144 -42 ) (4029.389893 -6144 166 ) (3889.620361 -6144 214 ) (3843.040039 -6144 198 ) 
4 25 37 (4029.389893 -5175.520020 -42 ) (4029.389893 -6144 -42 ) (3843.040039 -6144 -42 ) (3843.040039 -5175.520020 -42 ) 
4 26 27 (4029.389893 -5175.520020 358 ) (4029.389893 -5175.520020 293.995911 ) (4032 -5175.520020 293.995911 ) (4032 -5175.520020 358 ) 
5 28 33 (3749.870117 -5175.520020 294.001007 ) (3749.870117 -5175.520020 358 ) (3749.870117 -5120 358 ) (3749.870117 -5120 313.066071 ) (3749.870117 -5175.505859 294.001007 ) 
4 28 30 (3749.870117 -5175.520020 358 ) (3749.870117 -5175.520020 294 ) (3843.040039 -5175.520020 326.001007 ) (3843.040039 -5175.520020 358 ) 
5 29 32 (3749.870117 -5120 185.067886 ) (3749.870117 -5175.517578 166 ) (3749.870117 -5175.520020 166 ) (3749.870117 -5175.520020 262 ) (3749.870117 -5120 242.931198 ) 
4 29 31 (3749.870117 -5175.520020 262 ) (3749.870117 -5175.520020 166 ) (3843.040039 -5175.520020 198 ) (3843.040039 -5175.520020 230 ) 
4 30 73 (3843.040039 -6144 326.001007 ) (3843.040039 -6144 358 ) (3749.870117 -6144 358 ) (3749.870117 -6144 294 ) 
4 30 34 (3749.870117 -6144 294.001007 ) (3749.870117 -6144 358 ) (3749.870117 -5175.520020 358 ) (3749.870117 -5175.520020 294.001007 ) 
4 31 74 (3749.870117 -6144 166 ) (3843.040039 -6144 198 ) (3843.040039 -6144 230 ) (3749.870117 -6144 262 ) 
4 31 34 (3749.870117 -5175.520020 166 ) (3749.870117 -6144 166 ) (3749.870117 -6144 262 ) (3749.870117 -5175.520020 262 ) 
4 32 57 (3072 -5120 242.931168 ) (3072 -5120 185.067169 ) (3072 -5175.520020 165.998352 ) (3072 -5175.520020 262 ) 
5 32 34 (3072 -5175.520020 165.998184 ) (3749.864258 -5175.520020 165.997940 ) (3749.870117 -5175.520020 166 ) (3749.870117 -5175.520020 262 ) (3072 -5175.520020 262 ) 
4 33 58 (3072 -5175.520020 358 ) (3072 -5120 358 ) (3072 -5120 313.066345 ) (3072 -5175.520020 293.996307 ) 
4 33 34 (3749.870117 -5175.520020 293.996033 ) (3749.870117 -5175.520020 358 ) (3072 -5175.520020 358 ) (3072 -5175.520020 293.996307 ) 
5 34 76 (3072 -6144 358 ) (3072 -6144 -42 ) (3144.265625 -6144 -42 ) (3749.870117 -6144 166 ) (3749.870117 -6144 358 ) 
5 34 60 (3072 -6144 -42 ) (3072 -6144 358 ) (3072 -5175.520020 358 ) (3072 -5175.520020 165.998352 ) (3072 -5781.119629 -42 ) 
4 34 36 (3144.266846 -6144 -42 ) (3144.266846 -5781.119629 -42 ) (3749.870117 -5175.515625 166 ) (3749.870117 -6144 166 ) 
4 34 35 (3749.866211 -5175.520020 165.998016 ) (3144.267578 -5781.119629 -42 ) (3072 -5781.119629 -42 ) (3072 -5175.520020 165.998306 ) 
4 34 37 (3144.265625 -5781.119629 -42 ) (3144.265625 -6144 -42 ) (3072 -6144 -42 ) (3072 -5781.119629 -42 ) 
3 35 60 (3072 -5175.520020 -42 ) (3072 -5781.119629 -42 ) (3072 -5175.520020 165.998352 ) 
3 35 36 (3144.266846 -5781.119629 -42 ) (3144.266846 -5175.520020 -42 ) (3749.865479 -5175.520020 165.998047 ) 
4 35 37 (3144.265625 -5175.520020 -42 ) (3144.265625 -5781.119629 -42 ) (3072 -5781.119629 -42 ) (3072 -5175.520020 -42 ) 
3 36 76 (3144.265625 -6144 -42 ) (3749.870117 -6144 -42 ) (3749.870117 -6144 166 ) 
4 36 37 (3749.870117 -6144 -42 ) (3144.265625 -6144 -42 ) (3144.265625 -5175.520020 -42 ) (3749.870117 -5175.520020 -42 ) 
4 37 75 (3749.870117 -6144 -511.842987 ) (3843.040039 -6144 -511.842987 ) (3843.040039 -6144 -42 ) (3749.870117 -6144 -42 ) 
4 37 76 (3072 -6144 -42 ) (3072 -6144 -511.842987 ) (3749.870117 -6144 -511.842987 ) (3749.870117 -6144 -42 ) 
4 37 70 (3843.040039 -6144 -511.842987 ) (4029.389893 -6144 -511.842987 ) (4029.389893 -6144 -42 ) (3843.040039 -6144 -42 ) 
4 37 69 (4029.389893 -6144 -511.842987 ) (4032 -6144 -511.842987 ) (4032 -6144 -42 ) (4029.389893 -6144 -42 ) 
4 37 59 (3072 -5175.520020 -42 ) (3072 -5120 -42 ) (3072 -5120 -511.842987 ) (3072 -5175.520020 -511.842987 ) 
4 37 60 (3072 -6144 -511.842987 ) (3072 -6144 -42 ) (3072 -5175.520020 -42 ) (3072 -5175.520020 -511.842987 ) 
4 38 47 (2048 -5082.350098 12766 ) (2048 -5082.350098 14974.799805 ) (2048 -4894 14974.799805 ) (2048 -4894 12766 ) 
4 38 43 (3072 -5082.350098 12766 ) (3072 -5082.350098 14974.799805 ) (2048 -5082.350098 14974.799805 ) (2048 -5082.350098 12766 ) 
4 39 48 (2048 -5082.350098 358 ) (2048 -5082.350098 12764 ) (2048 -4894 12764 ) (2048 -4894 358 ) 
4 39 45 (3072 -5082.350098 358 ) (3072 -5082.350098 12764 ) (2048 -5082.350098 12764 ) (2048 -5082.350098 358 ) 
4 39 41 (3072 -5082.350098 358 ) (2048 -5082.350098 358 ) (2048 -4989.182129 358 ) (3072 -4989.181152 358 ) 
4 39 40 (2048 -4896 358 ) (2048 -4894 358 ) (3072 -4894 358 ) (3072 -4896 358 ) 
4 40 49 (2048 -4894 -511.842987 ) (2048 -4896 -511.842987 ) (2048 -4896 358 ) (2048 -4894 358 ) 
4 40 42 (2048 -4896 -511.842987 ) (3072 -4896 -511.842987 ) (3072 -4896 166 ) (2048 -4896 166 ) 
3 41 50 (2048 -5082.350098 325.998657 ) (2048 -5082.350098 358 ) (2048 -4989.182129 358 ) 
4 41 45 (3072 -5082.350098 325.998260 ) (3072 -5082.350098 358 ) (2048 -5082.350098 358 ) (2048 -5082.350098 325.998657 ) 
5 42 51 (2048 -4896 -511.842987 ) (2048 -5082.350098 -511.842987 ) (2048 -5082.350098 197.998398 ) (2048 -5035.769043 214 ) (2048 -4896 166 ) 
4 42 46 (2048 -5082.350098 -511.842987 ) (3072 -5082.350098 -511.842987 ) (3072 -5082.350098 -42 ) (2048 -5082.350098 -42 ) 
4 43 56 (3072 -5120 12766 ) (3072 -5120 14974.799805 ) (2048 -5120 14974.799805 ) (2048 -5120 12766 ) 
4 43 52 (2048 -5120 12766 ) (2048 -5120 14974.799805 ) (2048 -5082.350098 14974.799805 ) (2048 -5082.350098 12766 ) 
4 44 57 (3072 -5120 185.067184 ) (3072 -5120 242.931137 ) (2048 -5120 242.930847 ) (2048 -5120 185.067902 ) 
4 44 53 (2048 -5120 185.067612 ) (2048 -5120 242.931183 ) (2048 -5082.350098 230 ) (2048 -5082.350098 197.998917 ) 
4 45 58 (3072 -5120 313.066345 ) (3072 -5120 12764 ) (2048 -5120 12764 ) (2048 -5120 313.066437 ) 
4 45 54 (2048 -5120 313.066772 ) (2048 -5120 12764 ) (2048 -5082.350098 12764 ) (2048 -5082.350098 325.998474 ) 
4 46 59 (3072 -5120 -511.842987 ) (3072 -5120 -42 ) (2048 -5120 -42 ) (2048 -5120 -511.842987 ) 
4 46 55 (2048 -5082.350098 -511.842987 ) (2048 -5120 -511.842987 ) (2048 -5120 -42 ) (2048 -5082.350098 -42 ) 
4 47 127 (1024 -5082.350098 14974.799805 ) (1024 -4894 14974.799805 ) (1024 -4894 12766 ) (1024 -5082.350098 12766 ) 
4 47 52 (2048 -5082.350098 12766 ) (2048 -5082.350098 14974.799805 ) (1024 -5082.350098 14974.799805 ) (1024 -5082.350098 12766 ) 
4 48 128 (1024 -4894 12764 ) (1024 -4894 358 ) (1024 -5082.350098 358 ) (1024 -5082.350098 12764 ) 
4 48 54 (2048 -5082.350098 358 ) (2048 -5082.350098 12764 ) (1024 -5082.350098 12764 ) (1024 -5082.350098 358 ) 
4 48 50 (2048 -5082.350098 358 ) (1024 -5082.350098 358 ) (1024 -4989.183105 358 ) (2048 -4989.182129 358 ) 
4 48 49 (1024 -4896 358 ) (1024 -4894 358 ) (2048 -4894 358 ) (2048 -4896 358 ) 
4 49 129 (1024 -4894 358 ) (1024 -4894 -511.842987 ) (1024 -4896 -511.842987 ) (1024 -4896 358 ) 
4 49 51 (1024 -4896 -511.842987 ) (2048 -4896 -511.842987 ) (2048 -4896 166 ) (1024 -4896 166 ) 
3 50 130 (1024 -5082.350098 326 ) (1024 -5082.350098 358 ) (1024 -4989.183105 358 ) 
4 50 54 (2048 -5082.350098 325.998657 ) (2048 -5082.350098 358 ) (1024 -5082.350098 358 ) (1024 -5082.350098 326 ) 
5 51 131 (1024 -4896 -511.842987 ) (1024 -5082.350098 -511.842987 ) (1024 -5082.350098 197.998520 ) (1024 -5035.769531 214 ) (1024 -4896 166 ) 
4 51 55 (1024 -5082.350098 -511.842987 ) (2048 -5082.350098 -511.842987 ) (2048 -5082.350098 -42 ) (1024 -5082.350098 -42 ) 
4 52 132 (1024 -5120 12766 ) (1024 -5120 14974.799805 ) (1024 -5082.350098 14974.799805 ) (1024 -5082.350098 12766 ) 
4 52 61 (1024 -5120 14974.799805 ) (1024 -5120 12766 ) (2048 -5120 12766 ) (2048 -5120 14974.799805 ) 
4 53 133 (1024 -5120 185.068008 ) (1024 -5120 242.931198 ) (1024 -5082.350098 230 ) (1024 -5082.350098 197.998917 ) 
4 53 62 (1024 -5120 242.930847 ) (1024 -5120 185.067902 ) (2048 -5120 185.067612 ) (2048 -5120 242.931183 ) 
4 54 134 (1024 -5120 313.067169 ) (1024 -5120 12764 ) (1024 -5082.350098 12764 ) (1024 -5082.350098 326 ) 
4 54 63 (1024 -5120 12764 ) (1024 -5120 313.067200 ) (2048 -5120 313.066772 ) (2048 -5120 12764 ) 
4 55 135 (1024 -5120 -511.842987 ) (1024 -5120 -42 ) (1024 -5082.350098 -42 ) (1024 -5082.350098 -511.842987 ) 
4 55 64 (1024 -5120 -42 ) (1024 -5120 -511.842987 ) (2048 -5120 -511.842987 ) (2048 -5120 -42 ) 
4 56 115 (3072 -6144 12766 ) (3072 -6144 14974.799805 ) (2048 -6144 14974.799805 ) (2048 -6144 12766 ) 
4 56 61 (2048 -5120 14974.799805 ) (2048 -5120 12766 ) (2048 -6144 12766 ) (2048 -6144 14974.799805 ) 
4 57 62 (2048 -5120 242.931168 ) (2048 -5120 185.067596 ) (2048 -5175.520020 165.998734 ) (2048 -5175.520020 262 ) 
4 57 60 (3072 -5175.520020 165.998367 ) (3072 -5175.520020 262 ) (2048 -5175.520020 262 ) (2048 -5175.520020 165.998779 ) 
4 58 63 (2048 -5120 12764 ) (2048 -5120 313.066772 ) (2048 -5175.520020 293.996765 ) (2048 -5175.520020 12764 ) 
4 58 60 (3072 -5175.520020 293.996368 ) (3072 -5175.520020 12764 ) (2048 -5175.520020 12764 ) (2048 -5175.520020 293.997009 ) 
4 59 64 (2048 -5120 -42 ) (2048 -5120 -511.842987 ) (2048 -5175.520020 -511.842987 ) (2048 -5175.520020 -42 ) 
4 59 60 (2048 -5175.520020 -511.842987 ) (3072 -5175.520020 -511.842987 ) (3072 -5175.520020 -42 ) (2048 -5175.520020 -42 ) 
4 60 116 (3072 -6144 -511.842987 ) (3072 -6144 12764 ) (2048 -6144 12764 ) (2048 -6144 -511.842987 ) 
4 60 65 (2048 -5175.520020 -511.842987 ) (2048 -6144 -511.842987 ) (2048 -6144 12764 ) (2048 -5175.520020 12764 ) 
4 61 148 (1024 -6144 12766 ) (1024 -6144 14974.799805 ) (1024 -5120 14974.799805 ) (1024 -5120 12766 ) 
4 61 117 (2048 -6144 12766 ) (2048 -6144 14974.799805 ) (1024 -6144 14974.799805 ) (1024 -6144 12766 ) 
4 62 149 (1024 -5120 242.931168 ) (1024 -5120 185.067978 ) (1024 -5175.520020 166 ) (1024 -5175.520020 262 ) 
4 62 65 (2048 -5175.520020 165.998734 ) (2048 -5175.520020 262 ) (1024 -5175.520020 262 ) (1024 -5175.520020 166 ) 
4 63 150 (1024 -5175.520020 12764 ) (1024 -5120 12764 ) (1024 -5120 313.067505 ) (1024 -5175.520020 293.997131 ) 
4 63 65 (2048 -5175.520020 293.996765 ) (2048 -5175.520020 12764 ) (1024 -5175.520020 12764 ) (1024 -5175.520020 293.997009 ) 
4 64 151 (1024 -5120 -42 ) (1024 -5120 -511.842987 ) (1024 -5175.520020 -511.842987 ) (1024 -5175.520020 -42 ) 
4 64 65 (1024 -5175.520020 -511.842987 ) (2048 -5175.520020 -511.842987 ) (2048 -5175.520020 -42 ) (1024 -5175.520020 -42 ) 
4 65 152 (1024 -6144 -511.842987 ) (1024 -6144 12764 ) (1024 -5175.520020 12764 ) (1024 -5175.520020 -511.842987 ) 
4 65 118 (2048 -6144 -511.842987 ) (2048 -6144 12764 ) (1024 -6144 12764 ) (1024 -6144 -511.842987 ) 
4 66 77 (4034 -7168 14974.799805 ) (4030 -7168 14974.799805 ) (4030 -7168 358 ) (4034 -7168 358 ) 
4 66 69 (4030 -6144 358 ) (4034 -6144 358 ) (4034 -7168 358 ) (4030 -7168 358 ) 
4 66 67 (4030 -7168 12766 ) (4030 -7168 14974.799805 ) (4030 -6144 14974.799805 ) (4030 -6144 12766 ) 
4 66 68 (4030 -6144 358 ) (4030 -7168 358 ) (4030 -7168 12764 ) (4030 -6144 12764 ) 
4 67 78 (4030 -7168 14974.799805 ) (3843.040039 -7168 14974.799805 ) (3843.040039 -7168 12766 ) (4030 -7168 12766 ) 
4 67 72 (3843.040039 -7168 12766 ) (3843.040039 -7168 14974.799805 ) (3843.040039 -6144 14974.799805 ) (3843.040039 -6144 12766 ) 
4 68 79 (3843.040039 -7168 12764 ) (3843.040039 -7168 358 ) (4030 -7168 358 ) (4030 -7168 12764 ) 
4 68 73 (3843.040039 -7168 358 ) (3843.040039 -7168 12764 ) (3843.040039 -6144 12764 ) (3843.040039 -6144 358 ) 
4 68 71 (3843.040039 -7168 358 ) (3843.040039 -6144 358 ) (3936.199951 -6144 358 ) (3936.199951 -7168 358 ) 
4 68 69 (4029.389893 -6144 358 ) (4030 -6144 358 ) (4030 -7168 358 ) (4029.389893 -7168 358 ) 
4 69 80 (4029.389893 -7168 -511.842987 ) (4034 -7168 -511.842987 ) (4034 -7168 358 ) (4029.389893 -7168 358 ) 
4 69 70 (4029.389893 -6144 -511.842987 ) (4029.389893 -7168 -511.842987 ) (4029.389893 -7168 166 ) (4029.389893 -6144 166 ) 
5 70 81 (3843.040039 -7168 198 ) (3843.040039 -7168 -511.842987 ) (4029.389893 -7168 -511.842987 ) (4029.389893 -7168 166 ) (3889.620361 -7168 214 ) 
4 70 75 (3843.040039 -6144 -511.842987 ) (3843.040039 -7168 -511.842987 ) (3843.040039 -7168 -42 ) (3843.040039 -6144 -42 ) 
3 71 82 (3843.040039 -7168 358 ) (3843.040039 -7168 325.998993 ) (3936.199951 -7168 358 ) 
4 71 73 (3843.040039 -7168 325.998993 ) (3843.040039 -7168 358 ) (3843.040039 -6144 358 ) (3843.040039 -6144 325.998993 ) 
4 72 115 (3072 -6144 14974.799805 ) (3072 -6144 12766 ) (3072 -7168 12766 ) (3072 -7168 14974.799805 ) 
4 72 83 (3843.040039 -7168 14974.799805 ) (3072 -7168 14974.799805 ) (3072 -7168 12766 ) (3843.040039 -7168 12766 ) 
4 73 84 (3843.040039 -7168 326.001007 ) (3843.040039 -7168 12764 ) (3749.870117 -7168 12764 ) (3749.870117 -7168 294.001282 ) 
4 73 76 (3749.870117 -7168 294.001038 ) (3749.870117 -7168 12764 ) (3749.870117 -6144 12764 ) (3749.870117 -6144 294.001282 ) 
4 74 85 (3843.040039 -7168 198 ) (3843.040039 -7168 230 ) (3749.870117 -7168 262 ) (3749.870117 -7168 166 ) 
4 74 76 (3749.870117 -7168 166 ) (3749.870117 -7168 262 ) (3749.870117 -6144 262 ) (3749.870117 -6144 166 ) 
4 75 86 (3749.870117 -7168 -511.842987 ) (3843.040039 -7168 -511.842987 ) (3843.040039 -7168 -42 ) (3749.870117 -7168 -42 ) 
4 75 76 (3749.870117 -6144 -511.842987 ) (3749.870117 -7168 -511.842987 ) (3749.870117 -7168 -42 ) (3749.870117 -6144 -42 ) 
4 76 116 (3072 -6144 12764 ) (3072 -6144 -511.842987 ) (3072 -7168 -511.842987 ) (3072 -7168 12764 ) 
4 76 87 (3072 -7168 12764 ) (3072 -7168 -511.842987 ) (3749.870117 -7168 -511.842987 ) (3749.870117 -7168 12764 ) 
4 77 90 (4034 -8192 358 ) (4034 -8192 12764 ) (4030 -8192 12764 ) (4030 -8192 358 ) 
4 77 88 (4034 -8192 12764 ) (4034 -8192 14974.799805 ) (4030 -8192 14974.799805 ) (4030 -8192 12764 ) 
4 77 80 (4030 -7168 358 ) (4034 -7168 358 ) (4034 -8192 358 ) (4030 -8192 358 ) 
4 77 78 (4030 -8192 12766 ) (4030 -8192 14974.799805 ) (4030 -7168 14974.799805 ) (4030 -7168 12766 ) 
4 77 79 (4030 -7168 358 ) (4030 -8192 358 ) (4030 -8192 12764 ) (4030 -7168 12764 ) 
4 78 89 (4030 -8192 14974.799805 ) (3843.040039 -8192 14974.799805 ) (3843.040039 -8192 12766 ) (4030 -8192 12766 ) 
4 78 83 (3843.040039 -8192 12766 ) (3843.040039 -8192 14974.799805 ) (3843.040039 -7168 14974.799805 ) (3843.040039 -7168 12766 ) 
4 79 91 (3843.040039 -8192 12764 ) (3843.040039 -8192 358 ) (4029.389893 -8192 358 ) (4029.389893 -8192 12764 ) 
4 79 90 (4029.389893 -8192 358 ) (4030 -8192 358 ) (4030 -8192 12764 ) (4029.389893 -8192 12764 ) 
4 79 84 (3843.040039 -8192 358 ) (3843.040039 -8192 12764 ) (3843.040039 -7168 12764 ) (3843.040039 -7168 358 ) 
4 79 82 (3843.040039 -8192 358 ) (3843.040039 -7168 358 ) (3936.199951 -7168 358 ) (3936.199951 -8192 358 ) 
4 79 80 (4029.389893 -7168 358 ) (4030 -7168 358 ) (4030 -8192 358 ) (4029.389893 -8192 358 ) 
4 80 90 (4029.389893 -8192 -511.842987 ) (4034 -8192 -511.842987 ) (4034 -8192 358 ) (4029.389893 -8192 358 ) 
4 80 81 (4029.389893 -7168 -511.842987 ) (4029.389893 -8192 -511.842987 ) (4029.389893 -8192 166 ) (4029.389893 -7168 166 ) 
5 81 92 (3843.040039 -8192 -511.842987 ) (4029.389893 -8192 -511.842987 ) (4029.389893 -8192 166 ) (3889.620361 -8192 214 ) (3843.040039 -8192 198 ) 
4 81 86 (3843.040039 -7168 -511.842987 ) (3843.040039 -8192 -511.842987 ) (3843.040039 -8192 -42 ) (3843.040039 -7168 -42 ) 
3 82 93 (3936.199951 -8192 358 ) (3843.040039 -8192 358 ) (3843.040039 -8192 325.998993 ) 
4 82 84 (3843.040039 -8192 325.998993 ) (3843.040039 -8192 358 ) (3843.040039 -7168 358 ) (3843.040039 -7168 325.998993 ) 
4 83 119 (3072 -8192 12766 ) (3072 -8192 14974.799805 ) (3072 -7168 14974.799805 ) (3072 -7168 12766 ) 
4 83 94 (3072 -8192 14974.799805 ) (3072 -8192 12766 ) (3843.040039 -8192 12766 ) (3843.040039 -8192 14974.799805 ) 
4 84 95 (3843.040039 -8192 326.001007 ) (3843.040039 -8192 12764 ) (3749.870117 -8192 12764 ) (3749.870117 -8192 294.001282 ) 
4 84 87 (3749.870117 -8192 294.001038 ) (3749.870117 -8192 12764 ) (3749.870117 -7168 12764 ) (3749.870117 -7168 294.001282 ) 
4 85 96 (3843.040039 -8192 198 ) (3843.040039 -8192 230 ) (3749.870117 -8192 262 ) (3749.870117 -8192 166 ) 
4 85 87 (3749.870117 -8192 166 ) (3749.870117 -8192 262 ) (3749.870117 -7168 262 ) (3749.870117 -7168 166 ) 
4 86 97 (3749.870117 -8192 -511.842987 ) (3843.040039 -8192 -511.842987 ) (3843.040039 -8192 -42 ) (3749.870117 -8192 -42 ) 
4 86 87 (3749.870117 -7168 -511.842987 ) (3749.870117 -8192 -511.842987 ) (3749.870117 -8192 -42 ) (3749.870117 -7168 -42 ) 
4 87 120 (3072 -8192 -511.842987 ) (3072 -8192 12764 ) (3072 -7168 12764 ) (3072 -7168 -511.842987 ) 
4 87 99 (3179 -8192 -511.842987 ) (3723 -8192 -511.842987 ) (3723 -8192 12764 ) (3179 -8192 12764 ) 
4 87 98 (3723 -8192 -511.842987 ) (3749.870117 -8192 -511.842987 ) (3749.870117 -8192 12764 ) (3723 -8192 12764 ) 
4 87 103 (3072 -8192 12764 ) (3072 -8192 -511.842987 ) (3179 -8192 -511.842987 ) (3179 -8192 12764 ) 
4 88 255 (4034 -9216 14974.799805 ) (4030 -9216 14974.799805 ) (4030 -9216 12764 ) (4034 -9216 12764 ) 
4 88 90 (4030 -8192 12764 ) (4034 -8192 12764 ) (4034 -9216 12764 ) (4030 -9216 12764 ) 
4 88 89 (4030 -9216 12766 ) (4030 -9216 14974.799805 ) (4030 -8192 14974.799805 ) (4030 -8192 12766 ) 
4 89 256 (4030 -9216 14974.799805 ) (3843.040039 -9216 14974.799805 ) (3843.040039 -9216 12766 ) (4030 -9216 12766 ) 
4 89 94 (3843.040039 -9216 12766 ) (3843.040039 -9216 14974.799805 ) (3843.040039 -8192 14974.799805 ) (3843.040039 -8192 12766 ) 
4 90 257 (4029.389893 -9216 -511.842987 ) (4030 -9216 -511.842987 ) (4030 -9216 12764 ) (4029.389893 -9216 12764 ) 
4 90 255 (4030 -9216 -511.842987 ) (4034 -9216 -511.842987 ) (4034 -9216 12764 ) (4030 -9216 12764 ) 
4 90 92 (4029.389893 -8192 -511.842987 ) (4029.389893 -9216 -511.842987 ) (4029.389893 -9216 166 ) (4029.389893 -8192 166 ) 
4 90 91 (4029.389893 -9216 358 ) (4029.389893 -9216 12764 ) (4029.389893 -8192 12764 ) (4029.389893 -8192 358 ) 
4 91 258 (3843.040039 -9216 12764 ) (3843.040039 -9216 358 ) (4029.389893 -9216 358 ) (4029.389893 -9216 12764 ) 
4 91 95 (3843.040039 -9216 358 ) (3843.040039 -9216 12764 ) (3843.040039 -8192 12764 ) (3843.040039 -8192 358 ) 
4 91 93 (3843.040039 -9216 358 ) (3843.040039 -8192 358 ) (3936.199951 -8192 358 ) (3936.199951 -9216 358 ) 
5 92 259 (3843.040039 -9216 198 ) (3843.040039 -9216 -511.842987 ) (4029.389893 -9216 -511.842987 ) (4029.389893 -9216 166 ) (3889.620361 -9216 214 ) 
4 92 97 (3843.040039 -9216 -511.842987 ) (3843.040039 -9216 -42 ) (3843.040039 -8192 -42 ) (3843.040039 -8192 -511.842987 ) 
3 93 260 (3843.040039 -9216 358 ) (3843.040039 -9216 325.998993 ) (3936.199951 -9216 358 ) 
4 93 95 (3843.040039 -9216 325.998993 ) (3843.040039 -9216 358 ) (3843.040039 -8192 358 ) (3843.040039 -8192 325.998993 ) 
4 94 275 (3183 -9216 14974.799805 ) (3072 -9216 14974.799805 ) (3072 -9216 12766 ) (3183 -9216 12766 ) 
4 94 261 (3843.040039 -9216 12766 ) (3843.040039 -9216 14974.799805 ) (3183 -9216 14974.799805 ) (3183 -9216 12766 ) 
4 94 123 (3072 -9216 12766 ) (3072 -9216 14974.799805 ) (3072 -8192 14974.799805 ) (3072 -8192 12766 ) 
4 95 262 (3843.040039 -9216 326.001007 ) (3843.040039 -9216 12764 ) (3749.870117 -9216 12764 ) (3749.870117 -9216 294.001282 ) 
4 95 104 (3749.870117 -9216 294.001038 ) (3749.870117 -9216 12764 ) (3749.870117 -9105 12764 ) (3749.870117 -9105 294.001068 ) 
4 95 98 (3749.870117 -9105 12764 ) (3749.870117 -8192 12764 ) (3749.870117 -8192 294.001282 ) (3749.870117 -9105 294.001068 ) 
4 96 263 (3843.040039 -9216 198 ) (3843.040039 -9216 230 ) (3749.870117 -9216 262 ) (3749.870117 -9216 166 ) 
4 96 104 (3749.870117 -9216 166 ) (3749.870117 -9216 262 ) (3749.870117 -9105 262 ) (3749.870117 -9105 166 ) 
4 96 98 (3749.870117 -9105 262 ) (3749.870117 -8192 262 ) (3749.870117 -8192 166 ) (3749.870117 -9105 166 ) 
4 97 264 (3843.040039 -9216 -511.842987 ) (3843.040039 -9216 -42 ) (3749.870117 -9216 -42 ) (3749.870117 -9216 -511.842987 ) 
4 97 104 (3749.870117 -9216 -511.842987 ) (3749.870117 -9216 -42 ) (3749.870117 -9105 -42 ) (3749.870117 -9105 -511.842987 ) 
4 97 98 (3749.870117 -9105 -42 ) (3749.870117 -8192 -42 ) (3749.870117 -8192 -511.842987 ) (3749.870117 -9105 -511.842987 ) 
4 98 104 (3723 -9105 -511.842987 ) (3749.870117 -9105 -511.842987 ) (3749.870117 -9105 12764 ) (3723 -9105 12764 ) 
4 98 101 (3723 -9105 13 ) (3723 -9105 387 ) (3723 -9101 387 ) (3723 -9101 13 ) 
4 98 100 (3723 -9105 387 ) (3723 -9105 12764 ) (3723 -9101 12764 ) (3723 -9101 387 ) 
4 98 102 (3723 -9101 -511.842987 ) (3723 -9105 -511.842987 ) (3723 -9105 13 ) (3723 -9101 13 ) 
4 98 99 (3723 -8192 -511.842987 ) (3723 -9101 -511.842987 ) (3723 -9101 12764 ) (3723 -8192 12764 ) 
4 99 101 (3179 -9101 387 ) (3179 -9101 13 ) (3723 -9101 13 ) (3723 -9101 387 ) 
4 99 100 (3179 -9101 12764 ) (3179 -9101 387 ) (3723 -9101 387 ) (3723 -9101 12764 ) 
4 99 102 (3179 -9101 13 ) (3179 -9101 -511.842987 ) (3723 -9101 -511.842987 ) (3723 -9101 13 ) 
4 99 103 (3179 -8192 -511.842987 ) (3179 -9101 -511.842987 ) (3179 -9101 12764 ) (3179 -8192 12764 ) 
4 100 109 (3183 -9105 12764 ) (3179 -9105 12764 ) (3179 -9105 387 ) (3183 -9105 387 ) 
4 100 105 (3723 -9105 387 ) (3723 -9105 12764 ) (3719 -9105 12764 ) (3719 -9105 387 ) 
4 100 108 (3719 -9105 12764 ) (3183 -9105 12764 ) (3183 -9105 387 ) (3719 -9105 387 ) 
4 100 103 (3179 -9105 387 ) (3179 -9105 12764 ) (3179 -9101 12764 ) (3179 -9101 387 ) 
4 100 101 (3179 -9105 387 ) (3179 -9101 387 ) (3723 -9101 387 ) (3723 -9105 387 ) 
4 101 112 (3179 -9105 211 ) (3179 -9105 13 ) (3183 -9105 13 ) (3183 -9105 211 ) 
4 101 111 (3179 -9105 227 ) (3179 -9105 211 ) (3183 -9105 211 ) (3183 -9105 227 ) 
4 101 110 (3183 -9105 387 ) (3179 -9105 387 ) (3179 -9105 227 ) (3183 -9105 227 ) 
4 101 106 (3723 -9105 13 ) (3723 -9105 387 ) (3719 -9105 387 ) (3719 -9105 13 ) 
4 101 108 (3719 -9105 387 ) (3183 -9105 387 ) (3183 -9105 13 ) (3719 -9105 13 ) 
4 101 102 (3179 -9105 13 ) (3179 -9101 13 ) (3723 -9101 13 ) (3723 -9105 13 ) 
4 101 103 (3179 -9105 13 ) (3179 -9105 387 ) (3179 -9101 387 ) (3179 -9101 13 ) 
4 102 113 (3179 -9105 -511.842987 ) (3183 -9105 -511.842987 ) (3183 -9105 13 ) (3179 -9105 13 ) 
4 102 107 (3719 -9105 -511.842987 ) (3723 -9105 -511.842987 ) (3723 -9105 13 ) (3719 -9105 13 ) 
4 102 108 (3183 -9105 -511.842987 ) (3719 -9105 -511.842987 ) (3719 -9105 13 ) (3183 -9105 13 ) 
4 102 103 (3179 -9101 -511.842987 ) (3179 -9105 -511.842987 ) (3179 -9105 13 ) (3179 -9101 13 ) 
4 103 124 (3072 -9105 12764 ) (3072 -8192 12764 ) (3072 -8192 -511.842987 ) (3072 -9105 -511.842987 ) 
4 103 114 (3072 -9105 -511.842987 ) (3179 -9105 -511.842987 ) (3179 -9105 12764 ) (3072 -9105 12764 ) 
4 104 265 (3749.870117 -9216 -511.842987 ) (3749.870117 -9216 12764 ) (3723 -9216 12764 ) (3723 -9216 -511.842987 ) 
4 104 106 (3723 -9105 387 ) (3723 -9105 13 ) (3723 -9216 13 ) (3723 -9216 387 ) 
4 104 105 (3723 -9105 12764 ) (3723 -9105 387 ) (3723 -9216 387 ) (3723 -9216 12764 ) 
4 104 107 (3723 -9105 13 ) (3723 -9105 -511.842987 ) (3723 -9216 -511.842987 ) (3723 -9216 13 ) 
4 105 266 (3723 -9216 12764 ) (3719 -9216 12764 ) (3719 -9216 387 ) (3723 -9216 387 ) 
4 105 108 (3719 -9105 12764 ) (3719 -9105 387 ) (3719 -9216 387 ) (3719 -9216 12764 ) 
4 105 106 (3719 -9216 387 ) (3719 -9105 387 ) (3723 -9105 387 ) (3723 -9216 387 ) 
4 106 267 (3719 -9216 387 ) (3719 -9216 13 ) (3723 -9216 13 ) (3723 -9216 387 ) 
4 106 107 (3719 -9216 13 ) (3719 -9105 13 ) (3723 -9105 13 ) (3723 -9216 13 ) 
4 106 108 (3719 -9105 387 ) (3719 -9105 13 ) (3719 -9216 13 ) (3719 -9216 387 ) 
4 107 268 (3719 -9216 13 ) (3719 -9216 -511.842987 ) (3723 -9216 -511.842987 ) (3723 -9216 13 ) 
4 107 108 (3719 -9105 13 ) (3719 -9105 -511.842987 ) (3719 -9216 -511.842987 ) (3719 -9216 13 ) 
4 108 270 (3719 -9216 12764 ) (3183 -9216 12764 ) (3183 -9216 -511.842987 ) (3719 -9216 -511.842987 ) 
4 108 112 (3183 -9105 211 ) (3183 -9105 13 ) (3183 -9216 13 ) (3183 -9216 211 ) 
4 108 111 (3183 -9105 227 ) (3183 -9105 211 ) (3183 -9216 211 ) (3183 -9216 227 ) 
4 108 110 (3183 -9105 387 ) (3183 -9105 227 ) (3183 -9216 227 ) (3183 -9216 387 ) 
4 108 113 (3183 -9105 13 ) (3183 -9105 -511.842987 ) (3183 -9216 -511.842987 ) (3183 -9216 13 ) 
4 108 109 (3183 -9105 12764 ) (3183 -9105 387 ) (3183 -9216 387 ) (3183 -9216 12764 ) 
4 109 276 (3183 -9216 12764 ) (3179 -9216 12764 ) (3179 -9216 387 ) (3183 -9216 387 ) 
4 109 110 (3179 -9216 387 ) (3179 -9105 387 ) (3183 -9105 387 ) (3183 -9216 387 ) 
4 109 114 (3179 -9105 12764 ) (3179 -9105 387 ) (3179 -9216 387 ) (3179 -9216 12764 ) 
4 110 277 (3179 -9216 387 ) (3179 -9216 227 ) (3183 -9216 227 ) (3183 -9216 387 ) 
4 110 111 (3179 -9216 227 ) (3179 -9105 227 ) (3183 -9105 227 ) (3183 -9216 227 ) 
4 110 114 (3179 -9105 387 ) (3179 -9105 227 ) (3179 -9216 227 ) (3179 -9216 387 ) 
4 111 282 (3179 -9216 227 ) (3179 -9216 211 ) (3183 -9216 211 ) (3183 -9216 227 ) 
4 111 114 (3179 -9105 227 ) (3179 -9105 211 ) (3179 -9216 211 ) (3179 -9216 227 ) 
4 111 112 (3179 -9216 211 ) (3179 -9105 211 ) (3183 -9105 211 ) (3183 -9216 211 ) 
4 112 290 (3179 -9216 211 ) (3179 -9216 13 ) (3183 -9216 13 ) (3183 -9216 211 ) 
4 112 114 (3179 -9105 211 ) (3179 -9105 13 ) (3179 -9216 13 ) (3179 -9216 211 ) 
4 112 113 (3179 -9216 13 ) (3179 -9105 13 ) (3183 -9105 13 ) (3183 -9216 13 ) 
4 113 292 (3179 -9216 13 ) (3179 -9216 -511.842987 ) (3183 -9216 -511.842987 ) (3183 -9216 13 ) 
4 113 114 (3179 -9105 13 ) (3179 -9105 -511.842987 ) (3179 -9216 -511.842987 ) (3179 -9216 13 ) 
4 114 293 (3072 -9216 211 ) (3072 -9216 -511.842987 ) (3179 -9216 -511.842987 ) (3179 -9216 211 ) 
4 114 289 (3179 -9216 12764 ) (3072 -9216 12764 ) (3072 -9216 211 ) (3179 -9216 211 ) 
4 114 124 (3072 -9216 -511.842987 ) (3072 -9216 12764 ) (3072 -9105 12764 ) (3072 -9105 -511.842987 ) 
4 115 119 (3072 -7168 12766 ) (3072 -7168 14974.799805 ) (2048 -7168 14974.799805 ) (2048 -7168 12766 ) 
4 115 117 (2048 -6144 14974.799805 ) (2048 -6144 12766 ) (2048 -7168 12766 ) (2048 -7168 14974.799805 ) 
4 116 120 (3072 -7168 -511.842987 ) (3072 -7168 12764 ) (2048 -7168 12764 ) (2048 -7168 -511.842987 ) 
4 116 118 (2048 -6144 12764 ) (2048 -6144 -511.842987 ) (2048 -7168 -511.842987 ) (2048 -7168 12764 ) 
4 117 204 (1024 -7168 12766 ) (1024 -7168 14974.799805 ) (1024 -6144 14974.799805 ) (1024 -6144 12766 ) 
4 117 121 (2048 -7168 12766 ) (2048 -7168 14974.799805 ) (1024 -7168 14974.799805 ) (1024 -7168 12766 ) 
4 118 205 (1024 -7168 -511.842987 ) (1024 -7168 12764 ) (1024 -6144 12764 ) (1024 -6144 -511.842987 ) 
4 118 122 (2048 -7168 -511.842987 ) (2048 -7168 12764 ) (1024 -7168 12764 ) (1024 -7168 -511.842987 ) 
4 119 123 (3072 -8192 12766 ) (3072 -8192 14974.799805 ) (2048 -8192 14974.799805 ) (2048 -8192 12766 ) 
4 119 121 (2048 -8192 12766 ) (2048 -8192 14974.799805 ) (2048 -7168 14974.799805 ) (2048 -7168 12766 ) 
4 120 124 (3072 -8192 -511.842987 ) (3072 -8192 12764 ) (2048 -8192 12764 ) (2048 -8192 -511.842987 ) 
4 120 122 (2048 -8192 -511.842987 ) (2048 -8192 12764 ) (2048 -7168 12764 ) (2048 -7168 -511.842987 ) 
4 121 211 (1024 -8192 12766 ) (1024 -8192 14974.799805 ) (1024 -7168 14974.799805 ) (1024 -7168 12766 ) 
4 121 125 (1024 -8192 14974.799805 ) (1024 -8192 12766 ) (2048 -8192 12766 ) (2048 -8192 14974.799805 ) 
4 122 212 (1024 -8192 -511.842987 ) (1024 -8192 12764 ) (1024 -7168 12764 ) (1024 -7168 -511.842987 ) 
4 122 126 (1024 -8192 12764 ) (1024 -8192 -511.842987 ) (2048 -8192 -511.842987 ) (2048 -8192 12764 ) 
4 123 330 (3072 -9216 12766 ) (3072 -9216 14974.799805 ) (2048 -9216 14974.799805 ) (2048 -9216 12766 ) 
4 123 125 (2048 -8192 14974.799805 ) (2048 -8192 12766 ) (2048 -9216 12766 ) (2048 -9216 14974.799805 ) 
4 124 331 (3072 -9216 -511.842987 ) (3072 -9216 12764 ) (2048 -9216 12764 ) (2048 -9216 -511.842987 ) 
4 124 126 (2048 -8192 12764 ) (2048 -8192 -511.842987 ) (2048 -9216 -511.842987 ) (2048 -9216 12764 ) 
4 125 332 (2048 -9216 12766 ) (2048 -9216 14974.799805 ) (1024 -9216 14974.799805 ) (1024 -9216 12766 ) 
4 125 218 (1024 -9216 12766 ) (1024 -9216 14974.799805 ) (1024 -8192 14974.799805 ) (1024 -8192 12766 ) 
4 126 333 (2048 -9216 -511.842987 ) (2048 -9216 12764 ) (1024 -9216 12764 ) (1024 -9216 -511.842987 ) 
4 126 219 (1024 -9216 -511.842987 ) (1024 -9216 12764 ) (1024 -8192 12764 ) (1024 -8192 -511.842987 ) 
4 127 136 (0 -5082.350098 12766 ) (0 -5082.350098 14974.799805 ) (0 -4894 14974.799805 ) (0 -4894 12766 ) 
4 127 132 (1024 -5082.350098 12766 ) (1024 -5082.350098 14974.799805 ) (0 -5082.350098 14974.799805 ) (0 -5082.350098 12766 ) 
4 128 137 (0 -5082.350098 358 ) (0 -5082.350098 12764 ) (0 -4894 12764 ) (0 -4894 358 ) 
4 128 134 (1024 -5082.350098 358 ) (1024 -5082.350098 12764 ) (0 -5082.350098 12764 ) (0 -5082.350098 358 ) 
4 128 130 (1024 -5082.350098 358 ) (0 -5082.350098 358 ) (0 -4989.184570 358 ) (1024 -4989.183105 358 ) 
4 128 129 (0 -4896 358 ) (0 -4894 358 ) (1024 -4894 358 ) (1024 -4896 358 ) 
4 129 138 (0 -4894 -511.842987 ) (0 -4896 -511.842987 ) (0 -4896 358 ) (0 -4894 358 ) 
4 129 131 (0 -4896 -511.842987 ) (1024 -4896 -511.842987 ) (1024 -4896 166 ) (0 -4896 166 ) 
3 130 139 (0 -5082.350098 326 ) (0 -5082.350098 358 ) (0 -4989.184570 358 ) 
4 130 134 (1024 -5082.350098 326 ) (1024 -5082.350098 358 ) (0 -5082.350098 358 ) (0 -5082.350098 326 ) 
5 131 140 (0 -5082.350098 -42 ) (0 -5082.350098 197.998718 ) (0 -5035.769531 214 ) (0 -4896 166 ) (0 -4896 -42 ) 
4 131 143 (0 -4896 -511.842987 ) (0 -5082.350098 -511.842987 ) (0 -5082.350098 -42 ) (0 -4896 -42 ) 
4 131 135 (0 -5082.350098 -511.842987 ) (1024 -5082.350098 -511.842987 ) (1024 -5082.350098 -42 ) (0 -5082.350098 -42 ) 
4 132 148 (1024 -5120 12766 ) (1024 -5120 14974.799805 ) (0 -5120 14974.799805 ) (0 -5120 12766 ) 
4 132 144 (0 -5120 12766 ) (0 -5120 14974.799805 ) (0 -5082.350098 14974.799805 ) (0 -5082.350098 12766 ) 
4 133 149 (1024 -5120 185.068008 ) (1024 -5120 242.931198 ) (0 -5120 242.930847 ) (0 -5120 185.068665 ) 
4 133 145 (0 -5120 185.068390 ) (0 -5120 242.931183 ) (0 -5082.350098 230 ) (0 -5082.350098 198 ) 
4 134 150 (1024 -5120 313.067169 ) (1024 -5120 12764 ) (0 -5120 12764 ) (0 -5120 313.067200 ) 
4 134 146 (0 -5120 313.067535 ) (0 -5120 12764 ) (0 -5082.350098 12764 ) (0 -5082.350098 326 ) 
4 135 151 (1024 -5120 -511.842987 ) (1024 -5120 -42 ) (0 -5120 -42 ) (0 -5120 -511.842987 ) 
4 135 147 (0 -5082.350098 -511.842987 ) (0 -5120 -511.842987 ) (0 -5120 -42 ) (0 -5082.350098 -42 ) 
4 136 174 (-1024 -5082.350098 12766 ) (-1024 -5082.350098 14974.799805 ) (-1024 -4894 14974.799805 ) (-1024 -4894 12766 ) 
4 136 144 (-1024 -5082.350098 14974.799805 ) (-1024 -5082.350098 12766 ) (0 -5082.350098 12766 ) (0 -5082.350098 14974.799805 ) 
4 137 175 (-1024 -5082.350098 358 ) (-1024 -5082.350098 12764 ) (-1024 -4894 12764 ) (-1024 -4894 358 ) 
4 137 146 (-1024 -5082.350098 12764 ) (-1024 -5082.350098 358 ) (0 -5082.350098 358 ) (0 -5082.350098 12764 ) 
4 137 139 (0 -5082.350098 358 ) (-1024 -5082.350098 358 ) (-1024 -4989.185547 358 ) (0 -4989.184570 358 ) 
4 137 138 (-1024 -4896 358 ) (-1024 -4894 358 ) (0 -4894 358 ) (0 -4896 358 ) 
4 138 177 (-1024 -4896 358 ) (-1024 -4894 358 ) (-1024 -4894 -42 ) (-1024 -4896 -42 ) 
4 138 189 (-1024 -4894 -42 ) (-1024 -4894 -511.842987 ) (-1024 -4896 -511.842987 ) (-1024 -4896 -42 ) 
4 138 142 (-1024 -4896 166 ) (-1024 -4896 -42 ) (-990.320007 -4896 -42 ) (-990.319824 -4896 166 ) 
3 138 141 (-990.320007 -4896 -42 ) (-384.715088 -4896 -42 ) (-990.319824 -4896 166 ) 
4 138 140 (0 -4896 -42 ) (0 -4896 166 ) (-990.319824 -4896 166 ) (-384.715088 -4896 -42 ) 
4 138 143 (-1024 -4896 -511.842987 ) (0 -4896 -511.842987 ) (0 -4896 -42 ) (-1024 -4896 -42 ) 
3 139 181 (-1024 -5082.350098 326 ) (-1024 -5082.350098 358 ) (-1024 -4989.185547 358 ) 
4 139 146 (-1024 -5082.350098 358 ) (-1024 -5082.350098 326 ) (0 -5082.350098 326 ) (0 -5082.350098 358 ) 
4 140 182 (-1024 -5082.350098 177.567688 ) (-1024 -5082.350098 197.998993 ) (-1024 -5035.770020 214 ) (-1024 -4929.683594 177.567688 ) 
3 140 142 (-990.319824 -4896 166 ) (-990.319824 -4900.799805 166 ) (-995.119141 -4900.799805 167.648300 ) 
4 140 141 (-990.319824 -4896 166 ) (-384.715149 -4896 -42 ) (-384.715149 -5082.350098 -42 ) (-990.320007 -5082.350098 166 ) 
4 140 143 (0 -5082.350098 -42 ) (-384.715118 -5082.350098 -42 ) (-384.715088 -4896 -42 ) (0 -4896 -42 ) 
4 141 142 (-990.320007 -4900.799805 166 ) (-990.320007 -4896 166 ) (-990.320007 -4896 -42 ) (-990.320007 -4900.799805 -42 ) 
4 141 143 (-384.715118 -5082.350098 -42 ) (-990.320007 -5082.350098 -42 ) (-990.320007 -4896 -42 ) (-384.715088 -4896 -42 ) 
4 142 178 (-1024 -4900.799805 167.648315 ) (-1024 -4896 166 ) (-1024 -4896 -42 ) (-1024 -4900.799805 -42 ) 
4 142 143 (-1024 -4900.799805 -42 ) (-1024 -4896 -42 ) (-990.320007 -4896 -42 ) (-990.320007 -4900.799805 -42 ) 
4 143 189 (-1024 -5082.350098 -511.842987 ) (-1024 -5082.350098 -42 ) (-1024 -4896 -42 ) (-1024 -4896 -511.842987 ) 
4 143 147 (-1024 -5082.350098 -42 ) (-1024 -5082.350098 -511.842987 ) (0 -5082.350098 -511.842987 ) (0 -5082.350098 -42 ) 
4 144 174 (-1024 -5120 12766 ) (-1024 -5120 14974.799805 ) (-1024 -5082.350098 14974.799805 ) (-1024 -5082.350098 12766 ) 
4 144 163 (-1024 -5120 14974.799805 ) (-1024 -5120 12766 ) (0 -5120 12766 ) (0 -5120 14974.799805 ) 
4 145 184 (-1024 -5120 185.068756 ) (-1024 -5120 242.931168 ) (-1024 -5082.350098 230 ) (-1024 -5082.350098 198 ) 
4 145 167 (-1024 -5120 242.931168 ) (-1024 -5120 185.068756 ) (-990.320007 -5120 185.068741 ) (-990.320007 -5120 242.931168 ) 
4 145 164 (-990.320007 -5120 185.068741 ) (0 -5120 185.068359 ) (0 -5120 242.931168 ) (-990.320007 -5120 242.931168 ) 
4 146 181 (-1024 -5120 313.067932 ) (-1024 -5120 358 ) (-1024 -5082.350098 358 ) (-1024 -5082.350098 326 ) 
4 146 175 (-1024 -5120 358 ) (-1024 -5120 12764 ) (-1024 -5082.350098 12764 ) (-1024 -5082.350098 358 ) 
4 146 168 (-1024 -5120 12764 ) (-1024 -5120 313.068237 ) (-990.320007 -5120 313.068207 ) (-990.320007 -5120 12764 ) 
4 146 165 (-990.320007 -5120 313.068207 ) (0 -5120 313.067535 ) (0 -5120 12764 ) (-990.320007 -5120 12764 ) 
4 147 189 (-1024 -5120 -511.842987 ) (-1024 -5120 -42 ) (-1024 -5082.350098 -42 ) (-1024 -5082.350098 -511.842987 ) 
4 147 173 (-1024 -5120 -42 ) (-1024 -5120 -511.842987 ) (0 -5120 -511.842987 ) (0 -5120 -42 ) 
4 148 204 (1024 -6144 12766 ) (1024 -6144 14974.799805 ) (0 -6144 14974.799805 ) (0 -6144 12766 ) 
4 148 163 (0 -5120 14974.799805 ) (0 -5120 12766 ) (0 -6144 12766 ) (0 -6144 14974.799805 ) 
4 149 164 (0 -5120 242.930847 ) (0 -5120 185.068665 ) (0 -5175.520020 166 ) (0 -5175.520020 262 ) 
4 149 153 (772 -5175.520020 262 ) (0 -5175.520020 262 ) (0 -5175.520020 166 ) (772 -5175.520020 166 ) 
4 149 152 (1024 -5175.520020 166 ) (1024 -5175.520020 262 ) (772 -5175.520020 262 ) (772 -5175.520020 166 ) 
4 150 165 (0 -5120 12764 ) (0 -5120 313.067200 ) (0 -5175.520020 293.997528 ) (0 -5175.520020 12764 ) 
4 150 153 (772 -5175.520020 12764 ) (0 -5175.520020 12764 ) (0 -5175.520020 293.997375 ) (772 -5175.520020 293.997162 ) 
4 150 152 (1024 -5175.520020 293.997101 ) (1024 -5175.520020 12764 ) (772 -5175.520020 12764 ) (772 -5175.520020 293.997162 ) 
4 151 173 (0 -5120 -42 ) (0 -5120 -511.842987 ) (0 -5175.520020 -511.842987 ) (0 -5175.520020 -42 ) 
4 151 153 (772 -5175.520020 -42 ) (0 -5175.520020 -42 ) (0 -5175.520020 -511.842987 ) (772 -5175.520020 -511.842987 ) 
4 151 152 (1024 -5175.520020 -511.842987 ) (1024 -5175.520020 -42 ) (772 -5175.520020 -42 ) (772 -5175.520020 -511.842987 ) 
4 152 205 (1024 -6144 -511.842987 ) (1024 -6144 12764 ) (772 -6144 12764 ) (772 -6144 -511.842987 ) 
4 152 160 (772 -6144 10 ) (772 -6144 281 ) (772 -5713 281 ) (772 -5713 10 ) 
4 152 159 (772 -5713 281 ) (772 -5711.600098 281 ) (772 -5711.600098 10 ) (772 -5713 10 ) 
4 152 156 (772 -5711.600098 281 ) (772 -5438.399902 281 ) (772 -5438.399902 10 ) (772 -5711.600098 10 ) 
4 152 155 (772 -5438.399902 281 ) (772 -5437 281 ) (772 -5437 10 ) (772 -5438.399902 10 ) 
4 152 154 (772 -6144 281 ) (772 -6144 12764 ) (772 -5437 12764 ) (772 -5437 281 ) 
4 152 162 (772 -5437 -511.842987 ) (772 -6144 -511.842987 ) (772 -6144 10 ) (772 -5437 10 ) 
4 152 153 (772 -5175.520020 12764 ) (772 -5175.520020 -511.842987 ) (772 -5437 -511.842987 ) (772 -5437 12764 ) 
4 153 173 (0 -5175.520020 -42 ) (0 -5175.520020 -511.842987 ) (0 -5437 -511.842987 ) (0 -5437 -42 ) 
4 153 171 (0 -5175.520020 166 ) (0 -5175.520020 -42 ) (0 -5437 -42 ) (0 -5437 76.191986 ) 
4 153 166 (0 -5437 12764 ) (0 -5175.520020 12764 ) (0 -5175.520020 166 ) (0 -5437 76.191986 ) 
4 153 158 (496 -5437 281 ) (0 -5437 281 ) (0 -5437 10 ) (496 -5437 10 ) 
4 153 157 (498.029999 -5437 281 ) (496 -5437 281 ) (496 -5437 10 ) (498.029999 -5437 10 ) 
4 153 155 (772 -5437 10 ) (772 -5437 281 ) (498.029999 -5437 281 ) (498.029999 -5437 10 ) 
4 153 154 (772 -5437 281 ) (772 -5437 12764 ) (0 -5437 12764 ) (0 -5437 281 ) 
4 153 162 (0 -5437 -511.842987 ) (772 -5437 -511.842987 ) (772 -5437 10 ) (0 -5437 10 ) 
4 154 205 (772 -6144 12764 ) (0 -6144 12764 ) (0 -6144 281 ) (772 -6144 281 ) 
4 154 166 (0 -6144 281 ) (0 -6144 12764 ) (0 -5437 12764 ) (0 -5437 281 ) 
4 154 160 (772 -5713 281 ) (772 -6144 281 ) (496 -6144 281 ) (496 -5713 281 ) 
4 154 159 (772 -5711.600098 281 ) (772 -5713 281 ) (496 -5713 281 ) (496 -5711.600098 281 ) 
4 154 161 (496 -6144 281 ) (0 -6144 281 ) (0 -5711.600098 281 ) (496 -5711.600098 281 ) 
4 154 158 (0 -5437 281 ) (496 -5437 281 ) (496 -5711.600098 281 ) (0 -5711.600098 281 ) 
4 154 157 (496 -5437 281 ) (498.029999 -5437 281 ) (498.029999 -5711.600098 281 ) (496 -5711.600098 281 ) 
4 154 156 (772 -5438.399902 281 ) (772 -5711.600098 281 ) (498.029999 -5711.600098 281 ) (498.029999 -5438.399902 281 ) 
4 154 155 (498.029999 -5437 281 ) (772 -5437 281 ) (772 -5438.399902 281 ) (498.029999 -5438.399902 281 ) 
4 155 157 (498.029999 -5437 10 ) (498.029999 -5438.399902 10 ) (498.029999 -5438.399902 281 ) (498.029999 -5437 281 ) 
4 155 162 (498.029999 -5437 10 ) (772 -5437 10 ) (772 -5438.399902 10 ) (498.029999 -5438.399902 10 ) 
4 155 156 (498.029999 -5438.399902 281 ) (498.029999 -5438.399902 10 ) (772 -5438.399902 10 ) (772 -5438.399902 281 ) 
4 156 159 (498.029999 -5711.600098 10 ) (772 -5711.600098 10 ) (772 -5711.600098 281 ) (498.029999 -5711.600098 281 ) 
4 156 157 (498.029999 -5438.399902 10 ) (498.029999 -5711.600098 10 ) (498.029999 -5711.600098 281 ) (498.029999 -5438.399902 281 ) 
4 156 162 (772 -5438.399902 10 ) (772 -5711.600098 10 ) (498.029999 -5711.600098 10 ) (498.029999 -5438.399902 10 ) 
4 157 159 (496 -5711.600098 10 ) (498.029999 -5711.600098 10 ) (498.029999 -5711.600098 281 ) (496 -5711.600098 281 ) 
4 157 162 (496 -5437 10 ) (498.029999 -5437 10 ) (498.029999 -5711.600098 10 ) (496 -5711.600098 10 ) 
4 157 158 (496 -5437 10 ) (496 -5711.600098 10 ) (496 -5711.600098 281 ) (496 -5437 281 ) 
3 158 171 (0 -5437 76.192039 ) (0 -5437 10 ) (0 -5629.722168 10 ) 
5 158 166 (0 -5711.600098 281 ) (0 -5437 281 ) (0 -5437 76.192039 ) (0 -5629.722168 10 ) (0 -5711.600098 10 ) 
4 158 161 (0 -5711.600098 10 ) (496 -5711.600098 10 ) (496 -5711.600098 281 ) (0 -5711.600098 281 ) 
4 158 162 (0 -5711.600098 10 ) (0 -5437 10 ) (496 -5437 10 ) (496 -5711.600098 10 ) 
4 159 161 (496 -5711.600098 281 ) (496 -5711.600098 10 ) (496 -5713 10 ) (496 -5713 281 ) 
4 159 162 (496 -5711.600098 10 ) (772 -5711.600098 10 ) (772 -5713 10 ) (496 -5713 10 ) 
4 159 160 (496 -5713 281 ) (496 -5713 10 ) (772 -5713 10 ) (772 -5713 281 ) 
4 160 205 (496 -6144 10 ) (772 -6144 10 ) (772 -6144 281 ) (496 -6144 281 ) 
4 160 161 (496 -5713 10 ) (496 -6144 10 ) (496 -6144 281 ) (496 -5713 281 ) 
4 160 162 (772 -5713 10 ) (772 -6144 10 ) (496 -6144 10 ) (496 -5713 10 ) 
4 161 205 (0 -6144 281 ) (0 -6144 10 ) (496 -6144 10 ) (496 -6144 281 ) 
4 161 166 (0 -6144 10 ) (0 -6144 281 ) (0 -5711.600098 281 ) (0 -5711.600098 10 ) 
4 161 162 (0 -6144 10 ) (0 -5711.600098 10 ) (496 -5711.600098 10 ) (496 -6144 10 ) 
4 162 205 (0 -6144 10 ) (0 -6144 -511.842987 ) (772 -6144 -511.842987 ) (772 -6144 10 ) 
4 162 173 (0 -6144 -511.842987 ) (0 -6144 -42 ) (0 -5437 -42 ) (0 -5437 -511.842987 ) 
4 162 171 (0 -5629.722168 10 ) (0 -5437 10 ) (0 -5437 -42 ) (0 -5781.123047 -42 ) 
4 162 166 (0 -6144 -42 ) (0 -6144 10 ) (0 -5629.722168 10 ) (0 -5781.123047 -42 ) 
4 163 206 (0 -6144 12766 ) (0 -6144 14974.799805 ) (-1024 -6144 14974.799805 ) (-1024 -6144 12766 ) 
4 163 190 (-1024 -6144 12766 ) (-1024 -6144 14974.799805 ) (-1024 -5120 14974.799805 ) (-1024 -5120 12766 ) 
5 164 167 (-990.320007 -5120 185.067886 ) (-990.320007 -5175.517090 166 ) (-990.320007 -5175.520020 166 ) (-990.320007 -5175.520020 262 ) (-990.320007 -5120 242.930832 ) 
4 164 166 (-990.320007 -5175.520020 262 ) (-990.320007 -5175.520020 166 ) (0 -5175.520020 166 ) (0 -5175.520020 262 ) 
4 165 168 (-990.320007 -5175.520020 293.997833 ) (-990.320007 -5175.520020 12764 ) (-990.320007 -5120 12764 ) (-990.320007 -5120 313.067932 ) 
4 165 166 (-990.320007 -5175.520020 12764 ) (-990.320007 -5175.520020 293.998138 ) (0 -5175.520020 293.997467 ) (0 -5175.520020 12764 ) 
5 166 207 (0 -6144 -42 ) (0 -6144 12764 ) (-990.320007 -6144 12764 ) (-990.320007 -6144 166 ) (-384.715088 -6144 -42 ) 
4 166 173 (0 -5781.123047 -42 ) (0 -6144 -42 ) (-384.715118 -6144 -42 ) (-384.715118 -5781.123535 -42 ) 
4 166 172 (-990.320007 -5175.520020 166 ) (-384.715271 -5781.123535 -42 ) (-384.715271 -6144 -42 ) (-990.320007 -6144 166 ) 
4 166 171 (0 -5781.122559 -42 ) (-384.713165 -5781.123047 -42 ) (-990.317566 -5175.520020 166 ) (0 -5175.520020 166 ) 
4 166 170 (-990.320007 -6144 294 ) (-990.320007 -6144 12764 ) (-990.320007 -5175.520020 12764 ) (-990.320007 -5175.520020 294 ) 
4 166 169 (-990.320007 -5175.520020 166 ) (-990.320007 -6144 166 ) (-990.320007 -6144 262 ) (-990.320007 -5175.520020 262 ) 
6 167 192 (-1024 -5120 242.931168 ) (-1024 -5120 185.069092 ) (-1024 -5141.839844 177.567749 ) (-1024 -5175.520020 177.567749 ) (-1024 -5175.520020 250.431961 ) (-1024 -5141.838867 250.431931 ) 
4 167 169 (-1024 -5175.520020 177.567673 ) (-990.320007 -5175.520020 166 ) (-990.320007 -5175.520020 262 ) (-1024 -5175.520020 250.431808 ) 
5 168 194 (-1024 -5120 358 ) (-1024 -5120 313.067932 ) (-1024 -5141.835449 305.567780 ) (-1024 -5175.520020 305.567657 ) (-1024 -5175.520020 358 ) 
4 168 191 (-1024 -5175.520020 12764 ) (-1024 -5120 12764 ) (-1024 -5120 358 ) (-1024 -5175.520020 358 ) 
4 168 170 (-990.320007 -5175.520020 294 ) (-990.320007 -5175.520020 12764 ) (-1024 -5175.520020 12764 ) (-1024 -5175.520020 305.567749 ) 
4 169 208 (-1024 -6144 250.431885 ) (-1024 -6144 177.567749 ) (-990.320007 -6144 166 ) (-990.320007 -6144 262 ) 
4 169 193 (-1024 -6144 177.567703 ) (-1024 -6144 250.431961 ) (-1024 -5175.520020 250.431885 ) (-1024 -5175.520020 177.567749 ) 
4 170 209 (-990.320007 -6144 12764 ) (-1024 -6144 12764 ) (-1024 -6144 305.567841 ) (-990.320007 -6144 294 ) 
4 170 195 (-1024 -6144 305.567657 ) (-1024 -6144 358 ) (-1024 -5175.520020 358 ) (-1024 -5175.520020 305.567841 ) 
4 170 191 (-1024 -6144 358 ) (-1024 -6144 12764 ) (-1024 -5175.520020 12764 ) (-1024 -5175.520020 358 ) 
4 171 173 (0 -5175.520020 -42 ) (0 -5781.123047 -42 ) (-384.715118 -5781.123535 -42 ) (-384.715088 -5175.520020 -42 ) 
3 171 172 (-384.715271 -5175.520020 -42 ) (-384.715271 -5781.123535 -42 ) (-990.319763 -5175.520020 166 ) 
3 172 207 (-990.320007 -6144 -42 ) (-384.715088 -6144 -42 ) (-990.320007 -6144 166 ) 
4 172 173 (-990.320007 -5175.520020 -42 ) (-384.715088 -5175.520020 -42 ) (-384.715118 -6144 -42 ) (-990.320007 -6144 -42 ) 
4 173 210 (-990.320007 -6144 -42 ) (-1024 -6144 -42 ) (-1024 -6144 -511.842987 ) (-990.320007 -6144 -511.842987 ) 
4 173 207 (0 -6144 -511.842987 ) (0 -6144 -42 ) (-990.320007 -6144 -42 ) (-990.320007 -6144 -511.842987 ) 
4 173 202 (-1024 -6144 -511.842987 ) (-1024 -6144 -42 ) (-1024 -5120 -42 ) (-1024 -5120 -511.842987 ) 
4 174 190 (-1024 -5120 12766 ) (-1024 -5120 14974.799805 ) (-1274 -5120 14974.799805 ) (-1274 -5120 12766 ) 
4 174 176 (-1274 -4894 14974.799805 ) (-1274 -4894 12766 ) (-1274 -5120 12766 ) (-1274 -5120 14974.799805 ) 
4 175 191 (-1024 -5120 358 ) (-1024 -5120 12764 ) (-1274 -5120 12764 ) (-1274 -5120 358 ) 
4 175 181 (-1024 -5120 358 ) (-1176.660034 -5120 358 ) (-1176.660034 -4989.186035 358 ) (-1024 -4989.185547 358 ) 
4 175 180 (-1269.839966 -4900.799805 358 ) (-1269.839966 -4896 358 ) (-1268 -4896 358 ) (-1268 -4900.799805 358 ) 
4 175 177 (-1269.839966 -4896 358 ) (-1269.839966 -4894 358 ) (-1024 -4894 358 ) (-1024 -4896 358 ) 
4 175 188 (-1269.839966 -5120 358 ) (-1274 -5120 358 ) (-1274 -4894 358 ) (-1269.839966 -4894 358 ) 
4 175 176 (-1274 -4894 12764 ) (-1274 -4894 358 ) (-1274 -5120 358 ) (-1274 -5120 12764 ) 
4 176 203 (-1274 -5120 14974.799805 ) (-1283 -5120 14974.799805 ) (-1283 -5120 358 ) (-1274 -5120 358 ) 
4 176 188 (-1274 -5120 358 ) (-1283 -5120 358 ) (-1283 -4894 358 ) (-1274 -4894 358 ) 
4 177 179 (-1268 -4896 -42 ) (-1265.479980 -4896 -42 ) (-1265.479980 -4896 261.998016 ) (-1268 -4896 261.998016 ) 
4 177 178 (-1265.479980 -4896 -42 ) (-1024 -4896 -42 ) (-1024 -4896 166 ) (-1265.479980 -4896 166 ) 
4 177 180 (-1269.839966 -4896 358 ) (-1269.839966 -4896 -42 ) (-1268 -4896 -42 ) (-1268 -4896 358 ) 
4 177 188 (-1269.839966 -4894 -42 ) (-1269.839966 -4896 -42 ) (-1269.839966 -4896 358 ) (-1269.839966 -4894 358 ) 
4 177 189 (-1269.839966 -4894 -42 ) (-1024 -4894 -42 ) (-1024 -4896 -42 ) (-1269.839966 -4896 -42 ) 
4 178 183 (-1265.479980 -4900.799805 -42 ) (-1083.489990 -4900.799805 -42 ) (-1083.489990 -4900.799805 167.648331 ) (-1265.479980 -4900.799805 167.648315 ) 
4 178 179 (-1265.479980 -4896 166 ) (-1265.479980 -4896 -42 ) (-1265.479980 -4900.799805 -42 ) (-1265.479980 -4900.799805 167.648315 ) 
4 178 189 (-1024 -4896 -42 ) (-1024 -4900.799805 -42 ) (-1265.479980 -4900.799805 -42 ) (-1265.479980 -4896 -42 ) 
4 179 186 (-1268 -4900.799805 -42 ) (-1265.479980 -4900.799805 -42 ) (-1265.479980 -4900.799805 167.497406 ) (-1268 -4900.799805 166.631912 ) 
4 179 189 (-1265.479980 -4900.799805 -42 ) (-1268 -4900.799805 -42 ) (-1268 -4896 -42 ) (-1265.479980 -4896 -42 ) 
4 179 180 (-1268 -4896 261.998016 ) (-1268 -4896 -42 ) (-1268 -4900.799805 -42 ) (-1268 -4900.799805 260.349579 ) 
4 180 187 (-1269.839966 -4900.799805 166 ) (-1269.839966 -4900.799805 -42 ) (-1268 -4900.799805 -42 ) (-1268 -4900.799805 166.631927 ) 
4 180 188 (-1269.839966 -4896 -42 ) (-1269.839966 -4900.799805 -42 ) (-1269.839966 -4900.799805 358 ) (-1269.839966 -4896 358 ) 
4 180 189 (-1268 -4900.799805 -42 ) (-1269.839966 -4900.799805 -42 ) (-1269.839966 -4896 -42 ) (-1268 -4896 -42 ) 
3 181 198 (-1083.489990 -5120 358 ) (-1176.660034 -5120 358 ) (-1083.489990 -5120 326 ) 
5 181 194 (-1024 -5120 313.067871 ) (-1024 -5120 358 ) (-1083.489990 -5120 358 ) (-1083.489990 -5120 326 ) (-1045.837280 -5120 313.067871 ) 
4 183 186 (-1265.479980 -4900.799805 167.497421 ) (-1265.479980 -4900.799805 -42 ) (-1265.479980 -5082.350098 -42 ) (-1265.479980 -5082.350098 167.497437 ) 
4 183 189 (-1083.489990 -5082.350098 -42 ) (-1265.479980 -5082.350098 -42 ) (-1265.479980 -4900.799805 -42 ) (-1083.489990 -4900.799805 -42 ) 
6 184 192 (-1024 -5120 185.068695 ) (-1024 -5120 242.931213 ) (-1045.838135 -5120 242.931213 ) (-1083.489990 -5120 229.998993 ) (-1083.489990 -5120 198 ) (-1045.839722 -5120 185.068695 ) 
4 185 196 (-1083.489990 -5120 185.068771 ) (-1083.489990 -5120 197.998962 ) (-1130.081543 -5120 214 ) (-1214.317993 -5120 185.068802 ) 
4 186 200 (-1268 -5120 166.631943 ) (-1268 -5120 -42 ) (-1265.479980 -5120 -42 ) (-1265.479980 -5120 167.497391 ) 
4 186 187 (-1268 -4900.799805 166.631912 ) (-1268 -4900.799805 -42 ) (-1268 -5120 -42 ) (-1268 -5120 166.631927 ) 
4 186 189 (-1265.479980 -5120 -42 ) (-1268 -5120 -42 ) (-1268 -4900.799805 -42 ) (-1265.479980 -4900.799805 -42 ) 
4 187 200 (-1269.839966 -5120 166 ) (-1269.839966 -5120 -42 ) (-1268 -5120 -42 ) (-1268 -5120 166.631927 ) 
4 187 188 (-1269.839966 -4900.799805 -42 ) (-1269.839966 -5120 -42 ) (-1269.839966 -5120 166 ) (-1269.839966 -4900.799805 166 ) 
4 187 189 (-1268 -5120 -42 ) (-1269.839966 -5120 -42 ) (-1269.839966 -4900.799805 -42 ) (-1268 -4900.799805 -42 ) 
4 188 203 (-1274 -5120 358 ) (-1283 -5120 358 ) (-1283 -5120 -42 ) (-1274 -5120 -42 ) 
4 188 201 (-1269.839966 -5120 358 ) (-1274 -5120 358 ) (-1274 -5120 -42 ) (-1269.839966 -5120 -42 ) 
4 188 189 (-1283 -5120 -42 ) (-1283 -4894 -42 ) (-1269.839966 -4894 -42 ) (-1269.839966 -5120 -42 ) 
4 189 203 (-1274 -5120 -42 ) (-1283 -5120 -42 ) (-1283 -5120 -511.842987 ) (-1274 -5120 -511.842987 ) 
4 189 202 (-1024 -5120 -511.842987 ) (-1024 -5120 -42 ) (-1274 -5120 -42 ) (-1274 -5120 -511.842987 ) 
4 190 229 (-1083.489990 -6144 14974.799805 ) (-1274 -6144 14974.799805 ) (-1274 -6144 12766 ) (-1083.489990 -6144 12766 ) 
4 190 225 (-1024 -6144 12766 ) (-1024 -6144 14974.799805 ) (-1083.489990 -6144 14974.799805 ) (-1083.489990 -6144 12766 ) 
4 190 203 (-1274 -6144 12766 ) (-1274 -6144 14974.799805 ) (-1274 -5120 14974.799805 ) (-1274 -5120 12766 ) 
4 191 230 (-1083.489990 -6144 12764 ) (-1274 -6144 12764 ) (-1274 -6144 358 ) (-1083.489990 -6144 358 ) 
4 191 227 (-1024 -6144 358 ) (-1024 -6144 12764 ) (-1083.489990 -6144 12764 ) (-1083.489990 -6144 358 ) 
4 191 203 (-1274 -6144 358 ) (-1274 -6144 12764 ) (-1274 -5120 12764 ) (-1274 -5120 358 ) 
4 191 199 (-1083.489990 -6144 358 ) (-1176.660034 -6144 358 ) (-1176.660034 -5175.520020 358 ) (-1083.489990 -5175.520020 358 ) 
4 191 198 (-1176.660034 -5120 358 ) (-1083.489990 -5120 358 ) (-1083.489990 -5175.520020 358 ) (-1176.660034 -5175.520020 358 ) 
4 191 195 (-1024 -6144 358 ) (-1083.489990 -6144 358 ) (-1083.489990 -5175.520020 358 ) (-1024 -5175.520020 358 ) 
4 191 194 (-1083.489990 -5175.520020 358 ) (-1083.489990 -5120 358 ) (-1024 -5120 358 ) (-1024 -5175.520020 358 ) 
4 191 201 (-1269.839966 -6144 358 ) (-1274 -6144 358 ) (-1274 -5120 358 ) (-1269.839966 -5120 358 ) 
4 192 193 (-1024 -5175.520020 250.431412 ) (-1083.489990 -5175.520020 229.998444 ) (-1083.489990 -5175.520020 198 ) (-1024 -5175.520020 177.567673 ) 
4 193 226 (-1024 -6144 177.567688 ) (-1024 -6144 250.431946 ) (-1083.489990 -6144 229.998947 ) (-1083.489990 -6144 198 ) 
4 194 198 (-1083.489990 -5175.520020 358 ) (-1083.489990 -5120 358 ) (-1083.489990 -5120 326 ) (-1083.489990 -5175.520020 326 ) 
4 194 195 (-1083.489990 -5175.520020 358 ) (-1083.489990 -5175.520020 326 ) (-1024 -5175.520020 305.567657 ) (-1024 -5175.520020 358 ) 
4 195 227 (-1024 -6144 305.567657 ) (-1024 -6144 358 ) (-1083.489990 -6144 358 ) (-1083.489990 -6144 326 ) 
4 195 199 (-1083.489990 -6144 326 ) (-1083.489990 -6144 358 ) (-1083.489990 -5175.520020 358 ) (-1083.489990 -5175.520020 326 ) 
5 196 233 (-1265.479980 -6144 167.497406 ) (-1265.479980 -6144 -42 ) (-1083.489990 -6144 -42 ) (-1083.489990 -6144 197.998871 ) (-1130.081665 -6144 214 ) 
4 196 200 (-1265.479980 -5781.124512 -42 ) (-1265.479980 -6144 -42 ) (-1265.479980 -6144 167.497406 ) (-1265.479980 -5171.160156 167.497406 ) 
4 196 197 (-1265.479980 -5781.124512 -42 ) (-1265.479980 -5175.520020 166 ) (-1083.489990 -5175.520020 166 ) (-1083.489990 -5781.124512 -42 ) 
4 196 202 (-1083.489990 -5781.124512 -42 ) (-1083.489990 -6144 -42 ) (-1265.479980 -6144 -42 ) (-1265.479980 -5781.124512 -42 ) 
3 197 200 (-1265.479980 -5175.520020 -42 ) (-1265.479980 -5781.124512 -42 ) (-1265.479980 -5175.520020 166 ) 
4 197 202 (-1083.489990 -5175.520020 -42 ) (-1083.489990 -5781.124512 -42 ) (-1265.479980 -5781.124512 -42 ) (-1265.479980 -5175.520020 -42 ) 
3 198 199 (-1083.489990 -5175.520020 326 ) (-1083.489990 -5175.520020 358 ) (-1176.660034 -5175.520020 358 ) 
3 199 232 (-1083.489990 -6144 358 ) (-1176.660034 -6144 358 ) (-1083.489990 -6144 326 ) 
4 200 233 (-1269.839966 -6144 166 ) (-1269.839966 -6144 -42 ) (-1265.479980 -6144 -42 ) (-1265.479980 -6144 167.497406 ) 
4 200 202 (-1269.839966 -5120 -42 ) (-1265.479980 -5120 -42 ) (-1265.479980 -6144 -42 ) (-1269.839966 -6144 -42 ) 
4 200 201 (-1269.839966 -5120 -42 ) (-1269.839966 -6144 -42 ) (-1269.839966 -6144 166 ) (-1269.839966 -5120 166 ) 
4 201 234 (-1269.839966 -6144 358 ) (-1274 -6144 358 ) (-1274 -6144 -42 ) (-1269.839966 -6144 -42 ) 
4 201 203 (-1274 -6144 -42 ) (-1274 -6144 358 ) (-1274 -5120 358 ) (-1274 -5120 -42 ) 
4 201 202 (-1274 -6144 -42 ) (-1274 -5120 -42 ) (-1269.839966 -5120 -42 ) (-1269.839966 -6144 -42 ) 
4 202 233 (-1083.489990 -6144 -42 ) (-1269.839966 -6144 -42 ) (-1269.839966 -6144 -511.842987 ) (-1083.489990 -6144 -511.842987 ) 
4 202 234 (-1269.839966 -6144 -42 ) (-1274 -6144 -42 ) (-1274 -6144 -511.842987 ) (-1269.839966 -6144 -511.842987 ) 
4 202 228 (-1024 -6144 -511.842987 ) (-1024 -6144 -42 ) (-1083.489990 -6144 -42 ) (-1083.489990 -6144 -511.842987 ) 
4 202 203 (-1274 -5120 -511.842987 ) (-1274 -6144 -511.842987 ) (-1274 -6144 -42 ) (-1274 -5120 -42 ) 
4 203 234 (-1283 -6144 358 ) (-1283 -6144 -511.842987 ) (-1274 -6144 -511.842987 ) (-1274 -6144 358 ) 
4 203 231 (-1274 -6144 14974.799805 ) (-1283 -6144 14974.799805 ) (-1283 -6144 358 ) (-1274 -6144 358 ) 
4 204 211 (1024 -7168 12766 ) (1024 -7168 14974.799805 ) (0 -7168 14974.799805 ) (0 -7168 12766 ) 
4 204 206 (0 -6144 14974.799805 ) (0 -6144 12766 ) (0 -7168 12766 ) (0 -7168 14974.799805 ) 
4 205 212 (1024 -7168 -511.842987 ) (1024 -7168 12764 ) (0 -7168 12764 ) (0 -7168 -511.842987 ) 
4 205 207 (0 -6144 12764 ) (0 -6144 -511.842987 ) (0 -7168 -511.842987 ) (0 -7168 12764 ) 
4 206 225 (-1024 -6144 14974.799805 ) (-1024 -6144 12766 ) (-1024 -7168 12766 ) (-1024 -7168 14974.799805 ) 
4 206 213 (0 -7168 12766 ) (0 -7168 14974.799805 ) (-1024 -7168 14974.799805 ) (-1024 -7168 12766 ) 
4 207 214 (0 -7168 -511.842987 ) (0 -7168 12764 ) (-990.320007 -7168 12764 ) (-990.320007 -7168 -511.842987 ) 
4 207 209 (-990.320007 -7168 294 ) (-990.320007 -7168 12764 ) (-990.320007 -6144 12764 ) (-990.320007 -6144 294 ) 
4 207 208 (-990.320007 -7168 166 ) (-990.320007 -7168 262 ) (-990.320007 -6144 262 ) (-990.320007 -6144 166 ) 
4 207 210 (-990.320007 -6144 -511.842987 ) (-990.320007 -7168 -511.842987 ) (-990.320007 -7168 -42 ) (-990.320007 -6144 -42 ) 
4 208 226 (-1024 -6144 250.431885 ) (-1024 -6144 177.567749 ) (-1024 -7168 177.567703 ) (-1024 -7168 250.431961 ) 
4 208 215 (-1024 -7168 250.431885 ) (-1024 -7168 177.567749 ) (-990.320007 -7168 166 ) (-990.320007 -7168 262 ) 
4 209 227 (-1024 -6144 12764 ) (-1024 -6144 305.567841 ) (-1024 -7168 305.567657 ) (-1024 -7168 12764 ) 
4 209 216 (-990.320007 -7168 12764 ) (-1024 -7168 12764 ) (-1024 -7168 305.567841 ) (-990.320007 -7168 294 ) 
4 210 228 (-1024 -6144 -42 ) (-1024 -6144 -511.842987 ) (-1024 -7168 -511.842987 ) (-1024 -7168 -42 ) 
4 210 217 (-1024 -7168 -42 ) (-1024 -7168 -511.842987 ) (-990.320007 -7168 -511.842987 ) (-990.320007 -7168 -42 ) 
4 211 218 (1024 -8192 12766 ) (1024 -8192 14974.799805 ) (0 -8192 14974.799805 ) (0 -8192 12766 ) 
4 211 213 (0 -8192 12766 ) (0 -8192 14974.799805 ) (0 -7168 14974.799805 ) (0 -7168 12766 ) 
4 212 219 (1024 -8192 -511.842987 ) (1024 -8192 12764 ) (0 -8192 12764 ) (0 -8192 -511.842987 ) 
4 212 214 (0 -8192 -511.842987 ) (0 -8192 12764 ) (0 -7168 12764 ) (0 -7168 -511.842987 ) 
4 213 235 (-1024 -8192 12766 ) (-1024 -8192 14974.799805 ) (-1024 -7168 14974.799805 ) (-1024 -7168 12766 ) 
4 213 220 (-1024 -8192 14974.799805 ) (-1024 -8192 12766 ) (0 -8192 12766 ) (0 -8192 14974.799805 ) 
4 214 221 (-990.320007 -8192 -511.842987 ) (0 -8192 -511.842987 ) (0 -8192 12764 ) (-990.320007 -8192 12764 ) 
4 214 216 (-990.320007 -8192 294 ) (-990.320007 -8192 12764 ) (-990.320007 -7168 12764 ) (-990.320007 -7168 294 ) 
4 214 215 (-990.320007 -8192 166 ) (-990.320007 -8192 262 ) (-990.320007 -7168 262 ) (-990.320007 -7168 166 ) 
4 214 217 (-990.320007 -7168 -511.842987 ) (-990.320007 -8192 -511.842987 ) (-990.320007 -8192 -42 ) (-990.320007 -7168 -42 ) 
4 215 236 (-1024 -8192 177.567703 ) (-1024 -8192 250.431961 ) (-1024 -7168 250.431885 ) (-1024 -7168 177.567749 ) 
4 215 222 (-1024 -8192 250.431885 ) (-1024 -8192 177.567749 ) (-990.320007 -8192 166 ) (-990.320007 -8192 262 ) 
4 216 237 (-1024 -8192 305.567657 ) (-1024 -8192 12764 ) (-1024 -7168 12764 ) (-1024 -7168 305.567841 ) 
4 216 223 (-1024 -8192 12764 ) (-1024 -8192 305.567841 ) (-990.320007 -8192 294 ) (-990.320007 -8192 12764 ) 
4 217 238 (-1024 -8192 -511.842987 ) (-1024 -8192 -42 ) (-1024 -7168 -42 ) (-1024 -7168 -511.842987 ) 
4 217 224 (-1024 -8192 -42 ) (-1024 -8192 -511.842987 ) (-990.320007 -8192 -511.842987 ) (-990.320007 -8192 -42 ) 
4 218 460 (1024 -9216 12766 ) (1024 -9216 14974.799805 ) (0 -9216 14974.799805 ) (0 -9216 12766 ) 
4 218 220 (0 -8192 14974.799805 ) (0 -8192 12766 ) (0 -9216 12766 ) (0 -9216 14974.799805 ) 
4 219 461 (1024 -9216 -511.842987 ) (1024 -9216 12764 ) (0 -9216 12764 ) (0 -9216 -511.842987 ) 
4 219 221 (0 -8192 12764 ) (0 -8192 -511.842987 ) (0 -9216 -511.842987 ) (0 -9216 12764 ) 
4 220 462 (0 -9216 12766 ) (0 -9216 14974.799805 ) (-1024 -9216 14974.799805 ) (-1024 -9216 12766 ) 
4 220 245 (-1024 -9216 12766 ) (-1024 -9216 14974.799805 ) (-1024 -8192 14974.799805 ) (-1024 -8192 12766 ) 
4 221 463 (0 -9216 -511.842987 ) (0 -9216 12764 ) (-990.320007 -9216 12764 ) (-990.320007 -9216 -511.842987 ) 
4 221 223 (-990.320007 -9216 294 ) (-990.320007 -9216 12764 ) (-990.320007 -8192 12764 ) (-990.320007 -8192 294 ) 
4 221 222 (-990.320007 -9216 166 ) (-990.320007 -9216 262 ) (-990.320007 -8192 262 ) (-990.320007 -8192 166 ) 
4 221 224 (-990.320007 -8192 -511.842987 ) (-990.320007 -9216 -511.842987 ) (-990.320007 -9216 -42 ) (-990.320007 -8192 -42 ) 
4 222 464 (-1024 -9216 250.431885 ) (-1024 -9216 177.567749 ) (-990.320007 -9216 166 ) (-990.320007 -9216 262 ) 
4 222 246 (-1024 -9216 177.567703 ) (-1024 -9216 250.431961 ) (-1024 -8192 250.431885 ) (-1024 -8192 177.567749 ) 
4 223 465 (-990.320007 -9216 12764 ) (-1024 -9216 12764 ) (-1024 -9216 305.567841 ) (-990.320007 -9216 294 ) 
4 223 247 (-1024 -9216 305.567657 ) (-1024 -9216 12764 ) (-1024 -8192 12764 ) (-1024 -8192 305.567841 ) 
4 224 466 (-1024 -9216 -42 ) (-1024 -9216 -511.842987 ) (-990.320007 -9216 -511.842987 ) (-990.320007 -9216 -42 ) 
4 224 248 (-1024 -9216 -511.842987 ) (-1024 -9216 -42 ) (-1024 -8192 -42 ) (-1024 -8192 -511.842987 ) 
4 225 235 (-1024 -7168 12766 ) (-1024 -7168 14974.799805 ) (-1083.489990 -7168 14974.799805 ) (-1083.489990 -7168 12766 ) 
4 225 229 (-1083.489990 -7168 12766 ) (-1083.489990 -7168 14974.799805 ) (-1083.489990 -6144 14974.799805 ) (-1083.489990 -6144 12766 ) 
4 226 236 (-1024 -7168 177.567688 ) (-1024 -7168 250.431961 ) (-1083.489990 -7168 229.998627 ) (-1083.489990 -7168 198 ) 
4 227 237 (-1024 -7168 305.567657 ) (-1024 -7168 12764 ) (-1083.489990 -7168 12764 ) (-1083.489990 -7168 326 ) 
4 227 232 (-1083.489990 -7168 326 ) (-1083.489990 -7168 358 ) (-1083.489990 -6144 358 ) (-1083.489990 -6144 326 ) 
4 227 230 (-1083.489990 -7168 358 ) (-1083.489990 -7168 12764 ) (-1083.489990 -6144 12764 ) (-1083.489990 -6144 358 ) 
4 228 238 (-1024 -7168 -511.842987 ) (-1024 -7168 -42 ) (-1083.489990 -7168 -42 ) (-1083.489990 -7168 -511.842987 ) 
4 228 233 (-1083.489990 -6144 -511.842987 ) (-1083.489990 -7168 -511.842987 ) (-1083.489990 -7168 -42 ) (-1083.489990 -6144 -42 ) 
4 229 239 (-1083.489990 -7168 14974.799805 ) (-1274 -7168 14974.799805 ) (-1274 -7168 12766 ) (-1083.489990 -7168 12766 ) 
4 229 231 (-1274 -7168 12766 ) (-1274 -7168 14974.799805 ) (-1274 -6144 14974.799805 ) (-1274 -6144 12766 ) 
4 230 240 (-1274 -7168 12764 ) (-1274 -7168 358 ) (-1083.489990 -7168 358 ) (-1083.489990 -7168 12764 ) 
4 230 232 (-1176.660034 -6144 358 ) (-1083.489990 -6144 358 ) (-1083.489990 -7168 358 ) (-1176.660034 -7168 358 ) 
4 230 234 (-1274 -6144 358 ) (-1269.839966 -6144 358 ) (-1269.839966 -7168 358 ) (-1274 -7168 358 ) 
4 230 231 (-1274 -6144 358 ) (-1274 -7168 358 ) (-1274 -7168 12764 ) (-1274 -6144 12764 ) 
4 231 241 (-1274 -7168 14974.799805 ) (-1283 -7168 14974.799805 ) (-1283 -7168 358 ) (-1274 -7168 358 ) 
4 231 234 (-1283 -7168 358 ) (-1283 -6144 358 ) (-1274 -6144 358 ) (-1274 -7168 358 ) 
3 232 242 (-1083.489990 -7168 326 ) (-1083.489990 -7168 358 ) (-1176.660034 -7168 358 ) 
5 233 243 (-1269.839966 -7168 -511.842987 ) (-1083.489990 -7168 -511.842987 ) (-1083.489990 -7168 197.998795 ) (-1130.081787 -7168 214 ) (-1269.839966 -7168 166 ) 
4 233 234 (-1269.839966 -6144 -511.842987 ) (-1269.839966 -7168 -511.842987 ) (-1269.839966 -7168 166 ) (-1269.839966 -6144 166 ) 
4 234 244 (-1283 -7168 358 ) (-1283 -7168 -511.842987 ) (-1269.839966 -7168 -511.842987 ) (-1269.839966 -7168 358 ) 
4 235 245 (-1024 -8192 12766 ) (-1024 -8192 14974.799805 ) (-1083.489990 -8192 14974.799805 ) (-1083.489990 -8192 12766 ) 
4 235 239 (-1083.489990 -8192 12766 ) (-1083.489990 -8192 14974.799805 ) (-1083.489990 -7168 14974.799805 ) (-1083.489990 -7168 12766 ) 
4 236 246 (-1024 -8192 177.567688 ) (-1024 -8192 250.431961 ) (-1083.489990 -8192 229.998627 ) (-1083.489990 -8192 198 ) 
4 237 247 (-1024 -8192 305.567657 ) (-1024 -8192 12764 ) (-1083.489990 -8192 12764 ) (-1083.489990 -8192 326 ) 
4 237 242 (-1083.489990 -8192 326 ) (-1083.489990 -8192 358 ) (-1083.489990 -7168 358 ) (-1083.489990 -7168 326 ) 
4 237 240 (-1083.489990 -8192 358 ) (-1083.489990 -8192 12764 ) (-1083.489990 -7168 12764 ) (-1083.489990 -7168 358 ) 
4 238 248 (-1024 -8192 -511.842987 ) (-1024 -8192 -42 ) (-1083.489990 -8192 -42 ) (-1083.489990 -8192 -511.842987 ) 
4 238 243 (-1083.489990 -7168 -511.842987 ) (-1083.489990 -8192 -511.842987 ) (-1083.489990 -8192 -42 ) (-1083.489990 -7168 -42 ) 
4 239 249 (-1083.489990 -8192 14974.799805 ) (-1274 -8192 14974.799805 ) (-1274 -8192 12766 ) (-1083.489990 -8192 12766 ) 
4 239 241 (-1274 -8192 12766 ) (-1274 -8192 14974.799805 ) (-1274 -7168 14974.799805 ) (-1274 -7168 12766 ) 
4 240 250 (-1274 -8192 12764 ) (-1274 -8192 358 ) (-1083.489990 -8192 358 ) (-1083.489990 -8192 12764 ) 
4 240 242 (-1176.660034 -7168 358 ) (-1083.489990 -7168 358 ) (-1083.489990 -8192 358 ) (-1176.660034 -8192 358 ) 
4 240 244 (-1274 -7168 358 ) (-1269.839966 -7168 358 ) (-1269.839966 -8192 358 ) (-1274 -8192 358 ) 
4 240 241 (-1274 -7168 358 ) (-1274 -8192 358 ) (-1274 -8192 12764 ) (-1274 -7168 12764 ) 
4 241 251 (-1274 -8192 14974.799805 ) (-1283 -8192 14974.799805 ) (-1283 -8192 358 ) (-1274 -8192 358 ) 
4 241 244 (-1283 -8192 358 ) (-1283 -7168 358 ) (-1274 -7168 358 ) (-1274 -8192 358 ) 
3 242 252 (-1083.489990 -8192 326 ) (-1083.489990 -8192 358 ) (-1176.660034 -8192 358 ) 
5 243 253 (-1269.839966 -8192 -511.842987 ) (-1083.489990 -8192 -511.842987 ) (-1083.489990 -8192 197.998657 ) (-1130.081909 -8192 214 ) (-1269.839966 -8192 166 ) 
4 243 244 (-1269.839966 -7168 -511.842987 ) (-1269.839966 -8192 -511.842987 ) (-1269.839966 -8192 166 ) (-1269.839966 -7168 166 ) 
4 244 254 (-1283 -8192 358 ) (-1283 -8192 -511.842987 ) (-1269.839966 -8192 -511.842987 ) (-1269.839966 -8192 358 ) 
4 245 494 (-1024 -9216 12766 ) (-1024 -9216 14974.799805 ) (-1083.489990 -9216 14974.799805 ) (-1083.489990 -9216 12766 ) 
4 245 249 (-1083.489990 -9216 12766 ) (-1083.489990 -9216 14974.799805 ) (-1083.489990 -8192 14974.799805 ) (-1083.489990 -8192 12766 ) 
4 246 495 (-1024 -9216 177.567688 ) (-1024 -9216 250.431961 ) (-1083.489990 -9216 229.998627 ) (-1083.489990 -9216 198 ) 
4 247 496 (-1024 -9216 305.567657 ) (-1024 -9216 12764 ) (-1083.489990 -9216 12764 ) (-1083.489990 -9216 326 ) 
4 247 252 (-1083.489990 -9216 326 ) (-1083.489990 -9216 358 ) (-1083.489990 -8192 358 ) (-1083.489990 -8192 326 ) 
4 247 250 (-1083.489990 -9216 358 ) (-1083.489990 -9216 12764 ) (-1083.489990 -8192 12764 ) (-1083.489990 -8192 358 ) 
4 248 497 (-1024 -9216 -511.842987 ) (-1024 -9216 -42 ) (-1083.489990 -9216 -42 ) (-1083.489990 -9216 -511.842987 ) 
4 248 253 (-1083.489990 -8192 -511.842987 ) (-1083.489990 -9216 -511.842987 ) (-1083.489990 -9216 -42 ) (-1083.489990 -8192 -42 ) 
4 249 498 (-1083.489990 -9216 14974.799805 ) (-1274 -9216 14974.799805 ) (-1274 -9216 12766 ) (-1083.489990 -9216 12766 ) 
4 249 251 (-1274 -9216 12766 ) (-1274 -9216 14974.799805 ) (-1274 -8192 14974.799805 ) (-1274 -8192 12766 ) 
4 250 499 (-1274 -9216 12764 ) (-1274 -9216 358 ) (-1083.489990 -9216 358 ) (-1083.489990 -9216 12764 ) 
4 250 252 (-1176.660034 -8192 358 ) (-1083.489990 -8192 358 ) (-1083.489990 -9216 358 ) (-1176.660034 -9216 358 ) 
4 250 254 (-1274 -8192 358 ) (-1269.839966 -8192 358 ) (-1269.839966 -9216 358 ) (-1274 -9216 358 ) 
4 250 251 (-1274 -8192 358 ) (-1274 -9216 358 ) (-1274 -9216 12764 ) (-1274 -8192 12764 ) 
4 251 500 (-1274 -9216 14974.799805 ) (-1283 -9216 14974.799805 ) (-1283 -9216 358 ) (-1274 -9216 358 ) 
4 251 254 (-1283 -9216 358 ) (-1283 -8192 358 ) (-1274 -8192 358 ) (-1274 -9216 358 ) 
3 252 501 (-1083.489990 -9216 326 ) (-1083.489990 -9216 358 ) (-1176.660034 -9216 358 ) 
5 253 502 (-1269.839966 -9216 -511.842987 ) (-1083.489990 -9216 -511.842987 ) (-1083.489990 -9216 197.998566 ) (-1130.082031 -9216 214 ) (-1269.839966 -9216 166 ) 
4 253 254 (-1269.839966 -8192 -511.842987 ) (-1269.839966 -9216 -511.842987 ) (-1269.839966 -9216 166 ) (-1269.839966 -8192 166 ) 
4 254 503 (-1283 -9216 358 ) (-1283 -9216 -511.842987 ) (-1269.839966 -9216 -511.842987 ) (-1269.839966 -9216 358 ) 
4 255 312 (4030 -10240 -96 ) (4030 -10240 -510 ) (4034 -10240 -510 ) (4034 -10240 -96 ) 
4 255 314 (4030 -10240 -510 ) (4030 -10240 -511.842987 ) (4034 -10240 -511.842987 ) (4034 -10240 -510 ) 
4 255 304 (4030 -10240 358 ) (4030 -10240 -96 ) (4034 -10240 -96 ) (4034 -10240 358 ) 
4 255 301 (4034 -10240 14974.799805 ) (4030 -10240 14974.799805 ) (4030 -10240 358 ) (4034 -10240 358 ) 
4 255 257 (4030 -9216 -511.842987 ) (4030 -10240 -511.842987 ) (4030 -10240 12764 ) (4030 -9216 12764 ) 
4 255 256 (4030 -10240 12766 ) (4030 -10240 14974.799805 ) (4030 -9216 14974.799805 ) (4030 -9216 12766 ) 
4 256 302 (4030 -10240 14974.799805 ) (3843.040039 -10240 14974.799805 ) (3843.040039 -10240 12766 ) (4030 -10240 12766 ) 
4 256 261 (3843.040039 -10240 12766 ) (3843.040039 -10240 14974.799805 ) (3843.040039 -9216 14974.799805 ) (3843.040039 -9216 12766 ) 
4 257 312 (4030 -10240 -510 ) (4030 -10240 -96 ) (4029.389893 -10240 -96 ) (4029.389893 -10240 -510 ) 
4 257 314 (4029.389893 -10240 -511.842987 ) (4030 -10240 -511.842987 ) (4030 -10240 -510 ) (4029.389893 -10240 -510 ) 
4 257 304 (4030 -10240 -96 ) (4030 -10240 358 ) (4029.389893 -10240 358 ) (4029.389893 -10240 -96 ) 
4 257 303 (4030 -10240 358 ) (4030 -10240 12764 ) (4029.389893 -10240 12764 ) (4029.389893 -10240 358 ) 
4 257 259 (4029.389893 -9216 -511.842987 ) (4029.389893 -10240 -511.842987 ) (4029.389893 -10240 166 ) (4029.389893 -9216 166 ) 
4 257 258 (4029.389893 -10240 358 ) (4029.389893 -10240 12764 ) (4029.389893 -9216 12764 ) (4029.389893 -9216 358 ) 
4 258 303 (3843.040039 -10240 12764 ) (3843.040039 -10240 358 ) (4029.389893 -10240 358 ) (4029.389893 -10240 12764 ) 
4 258 262 (3843.040039 -10240 358 ) (3843.040039 -10240 12764 ) (3843.040039 -9216 12764 ) (3843.040039 -9216 358 ) 
4 258 260 (3843.040039 -10240 358 ) (3843.040039 -9216 358 ) (3936.199951 -9216 358 ) (3936.199951 -10240 358 ) 
4 259 312 (3843.040039 -10240 -96 ) (3843.040039 -10240 -510 ) (4029.389893 -10240 -510 ) (4029.389893 -10240 -96 ) 
4 259 314 (3843.040039 -10240 -510 ) (3843.040039 -10240 -511.842987 ) (4029.389893 -10240 -511.842987 ) (4029.389893 -10240 -510 ) 
5 259 305 (3843.040039 -10240 198 ) (3843.040039 -10240 -96 ) (4029.389893 -10240 -96 ) (4029.389893 -10240 166 ) (3889.620361 -10240 214 ) 
4 259 264 (3843.040039 -9216 -511.842987 ) (3843.040039 -10240 -511.842987 ) (3843.040039 -10240 -42 ) (3843.040039 -9216 -42 ) 
3 260 306 (3843.040039 -10240 358 ) (3843.040039 -10240 325.998993 ) (3936.199951 -10240 358 ) 
4 260 262 (3843.040039 -10240 325.998993 ) (3843.040039 -10240 358 ) (3843.040039 -9216 358 ) (3843.040039 -9216 325.998993 ) 
4 261 307 (3183 -10240 14974.799805 ) (3183 -10240 12766 ) (3843.040039 -10240 12766 ) (3843.040039 -10240 14974.799805 ) 
4 261 275 (3183 -10240 12766 ) (3183 -10240 14974.799805 ) (3183 -9216 14974.799805 ) (3183 -9216 12766 ) 
4 262 308 (3843.040039 -10240 326.001007 ) (3843.040039 -10240 12764 ) (3749.870117 -10240 12764 ) (3749.870117 -10240 294.001282 ) 
4 262 265 (3749.870117 -10240 294.001038 ) (3749.870117 -10240 12764 ) (3749.870117 -9216 12764 ) (3749.870117 -9216 294.001282 ) 
4 263 309 (3843.040039 -10240 198 ) (3843.040039 -10240 230 ) (3749.870117 -10240 262 ) (3749.870117 -10240 166 ) 
4 263 265 (3749.870117 -10240 166 ) (3749.870117 -10240 262 ) (3749.870117 -9216 262 ) (3749.870117 -9216 166 ) 
4 264 312 (3843.040039 -10240 -510 ) (3843.040039 -10240 -96 ) (3749.870117 -10240 -96 ) (3749.870117 -10240 -510 ) 
4 264 314 (3749.870117 -10240 -511.842987 ) (3843.040039 -10240 -511.842987 ) (3843.040039 -10240 -510 ) (3749.870117 -10240 -510 ) 
4 264 310 (3843.040039 -10240 -96 ) (3843.040039 -10240 -42 ) (3749.870117 -10240 -42 ) (3749.870117 -10240 -96 ) 
4 264 265 (3749.870117 -9216 -511.842987 ) (3749.870117 -10240 -511.842987 ) (3749.870117 -10240 -42 ) (3749.870117 -9216 -42 ) 
4 265 312 (3749.870117 -10240 -510 ) (3749.870117 -10240 -96 ) (3723 -10240 -96 ) (3723 -10240 -510 ) 
4 265 314 (3723 -10240 -511.842987 ) (3749.870117 -10240 -511.842987 ) (3749.870117 -10240 -510 ) (3723 -10240 -510 ) 
4 265 311 (3749.870117 -10240 -96 ) (3749.870117 -10240 12764 ) (3723 -10240 12764 ) (3723 -10240 -96 ) 
4 265 267 (3723 -9917 13 ) (3723 -9917 387 ) (3723 -9216 387 ) (3723 -9216 13 ) 
4 265 266 (3723 -9917 387 ) (3723 -9917 12764 ) (3723 -9216 12764 ) (3723 -9216 387 ) 
4 265 268 (3723 -9216 -511.842987 ) (3723 -9917 -511.842987 ) (3723 -9917 13 ) (3723 -9216 13 ) 
4 265 269 (3723 -9917 -511.842987 ) (3723 -10240 -511.842987 ) (3723 -10240 12764 ) (3723 -9917 12764 ) 
4 266 271 (3719 -9917 387 ) (3719 -9917 12764 ) (3719 -9913 12764 ) (3719 -9913 387 ) 
4 266 270 (3719 -9913 12764 ) (3719 -9216 12764 ) (3719 -9216 387 ) (3719 -9913 387 ) 
4 266 269 (3719 -9917 12764 ) (3719 -9917 387 ) (3723 -9917 387 ) (3723 -9917 12764 ) 
4 266 267 (3723 -9917 387 ) (3719 -9917 387 ) (3719 -9216 387 ) (3723 -9216 387 ) 
4 267 272 (3719 -9917 13 ) (3719 -9917 387 ) (3719 -9913 387 ) (3719 -9913 13 ) 
4 267 270 (3719 -9913 387 ) (3719 -9216 387 ) (3719 -9216 13 ) (3719 -9913 13 ) 
4 267 268 (3723 -9917 13 ) (3719 -9917 13 ) (3719 -9216 13 ) (3723 -9216 13 ) 
4 267 269 (3719 -9917 387 ) (3719 -9917 13 ) (3723 -9917 13 ) (3723 -9917 387 ) 
4 268 273 (3719 -9913 -511.842987 ) (3719 -9917 -511.842987 ) (3719 -9917 13 ) (3719 -9913 13 ) 
4 268 270 (3719 -9216 -511.842987 ) (3719 -9913 -511.842987 ) (3719 -9913 13 ) (3719 -9216 13 ) 
4 268 269 (3719 -9917 13 ) (3719 -9917 -511.842987 ) (3723 -9917 -511.842987 ) (3723 -9917 13 ) 
4 269 312 (3723 -10240 -510 ) (3723 -10240 -96 ) (3719 -10240 -96 ) (3719 -10240 -510 ) 
4 269 314 (3719 -10240 -511.842987 ) (3723 -10240 -511.842987 ) (3723 -10240 -510 ) (3719 -10240 -510 ) 
4 269 311 (3723 -10240 -96 ) (3723 -10240 12764 ) (3719 -10240 12764 ) (3719 -10240 -96 ) 
4 269 274 (3719 -9917 -511.842987 ) (3719 -10240 -511.842987 ) (3719 -10240 12764 ) (3719 -9917 12764 ) 
4 270 296 (3183 -9913 13 ) (3183 -9913 211 ) (3183 -9637 211 ) (3183 -9637 13 ) 
4 270 295 (3183 -9637 211 ) (3183 -9621 211 ) (3183 -9621 13 ) (3183 -9637 13 ) 
4 270 299 (3183 -9621 -511.842987 ) (3183 -9913 -511.842987 ) (3183 -9913 13 ) (3183 -9621 13 ) 
4 270 294 (3183 -9397 -511.842987 ) (3183 -9621 -511.842987 ) (3183 -9621 211 ) (3183 -9397 211 ) 
4 270 291 (3183 -9381 13 ) (3183 -9397 13 ) (3183 -9397 211 ) (3183 -9381 211 ) 
4 270 290 (3183 -9216 211 ) (3183 -9216 13 ) (3183 -9381 13 ) (3183 -9381 211 ) 
4 270 292 (3183 -9216 13 ) (3183 -9216 -511.842987 ) (3183 -9397 -511.842987 ) (3183 -9397 13 ) 
4 270 285 (3183 -9621 211 ) (3183 -9637 211 ) (3183 -9637 227 ) (3183 -9621 227 ) 
4 270 284 (3183 -9397 211 ) (3183 -9621 211 ) (3183 -9621 227 ) (3183 -9397 227 ) 
4 270 286 (3183 -9637 211 ) (3183 -9913 211 ) (3183 -9913 227 ) (3183 -9637 227 ) 
4 270 283 (3183 -9381 211 ) (3183 -9397 211 ) (3183 -9397 227 ) (3183 -9381 227 ) 
4 270 282 (3183 -9216 227 ) (3183 -9216 211 ) (3183 -9381 211 ) (3183 -9381 227 ) 
4 270 281 (3183 -9637 227 ) (3183 -9913 227 ) (3183 -9913 387 ) (3183 -9637 387 ) 
4 270 280 (3183 -9621 227 ) (3183 -9637 227 ) (3183 -9637 387 ) (3183 -9621 387 ) 
4 270 279 (3183 -9397 227 ) (3183 -9621 227 ) (3183 -9621 387 ) (3183 -9397 387 ) 
4 270 278 (3183 -9381 227 ) (3183 -9397 227 ) (3183 -9397 387 ) (3183 -9381 387 ) 
4 270 277 (3183 -9216 387 ) (3183 -9216 227 ) (3183 -9381 227 ) (3183 -9381 387 ) 
4 270 276 (3183 -9913 12764 ) (3183 -9216 12764 ) (3183 -9216 387 ) (3183 -9913 387 ) 
4 270 272 (3719 -9913 13 ) (3719 -9913 387 ) (3183 -9913 387 ) (3183 -9913 13 ) 
4 270 271 (3719 -9913 387 ) (3719 -9913 12764 ) (3183 -9913 12764 ) (3183 -9913 387 ) 
4 270 273 (3183 -9913 -511.842987 ) (3719 -9913 -511.842987 ) (3719 -9913 13 ) (3183 -9913 13 ) 
4 271 276 (3183 -9917 12764 ) (3183 -9913 12764 ) (3183 -9913 387 ) (3183 -9917 387 ) 
4 271 274 (3719 -9917 387 ) (3719 -9917 12764 ) (3183 -9917 12764 ) (3183 -9917 387 ) 
4 271 272 (3719 -9917 387 ) (3183 -9917 387 ) (3183 -9913 387 ) (3719 -9913 387 ) 
4 272 297 (3183 -9913 211 ) (3183 -9913 13 ) (3183 -9917 13 ) (3183 -9917 211 ) 
4 272 287 (3183 -9913 387 ) (3183 -9913 211 ) (3183 -9917 211 ) (3183 -9917 387 ) 
4 272 273 (3719 -9917 13 ) (3183 -9917 13 ) (3183 -9913 13 ) (3719 -9913 13 ) 
4 272 274 (3719 -9917 13 ) (3719 -9917 387 ) (3183 -9917 387 ) (3183 -9917 13 ) 
4 273 299 (3183 -9913 13 ) (3183 -9913 -511.842987 ) (3183 -9917 -511.842987 ) (3183 -9917 13 ) 
4 273 274 (3183 -9917 -511.842987 ) (3719 -9917 -511.842987 ) (3719 -9917 13 ) (3183 -9917 13 ) 
4 274 312 (3183 -10240 -96 ) (3183 -10240 -510 ) (3719 -10240 -510 ) (3719 -10240 -96 ) 
4 274 314 (3183 -10240 -510 ) (3183 -10240 -511.842987 ) (3719 -10240 -511.842987 ) (3719 -10240 -510 ) 
4 274 311 (3183 -10240 12764 ) (3183 -10240 -96 ) (3719 -10240 -96 ) (3719 -10240 12764 ) 
4 274 298 (3183 -10240 13 ) (3183 -10240 211 ) (3183 -9917 211 ) (3183 -9917 13 ) 
4 274 299 (3183 -10240 -511.842987 ) (3183 -10240 13 ) (3183 -9917 13 ) (3183 -9917 -511.842987 ) 
4 274 288 (3183 -10240 211 ) (3183 -10240 387 ) (3183 -9917 387 ) (3183 -9917 211 ) 
4 274 276 (3183 -10240 387 ) (3183 -10240 12764 ) (3183 -9917 12764 ) (3183 -9917 387 ) 
4 275 330 (3072 -9216 14974.799805 ) (3072 -9216 12766 ) (3072 -10240 12766 ) (3072 -10240 14974.799805 ) 
4 275 307 (3183 -10240 12766 ) (3183 -10240 14974.799805 ) (3072 -10240 14974.799805 ) (3072 -10240 12766 ) 
4 276 311 (3183 -10240 387 ) (3183 -10240 12764 ) (3179 -10240 12764 ) (3179 -10240 387 ) 
4 276 288 (3179 -10240 387 ) (3179 -9917 387 ) (3183 -9917 387 ) (3183 -10240 387 ) 
4 276 287 (3179 -9917 387 ) (3179 -9913 387 ) (3183 -9913 387 ) (3183 -9917 387 ) 
4 276 281 (3179 -9913 387 ) (3179 -9637 387 ) (3183 -9637 387 ) (3183 -9913 387 ) 
4 276 280 (3179 -9637 387 ) (3179 -9621 387 ) (3183 -9621 387 ) (3183 -9637 387 ) 
4 276 279 (3179 -9621 387 ) (3179 -9397 387 ) (3183 -9397 387 ) (3183 -9621 387 ) 
4 276 278 (3179 -9397 387 ) (3179 -9381 387 ) (3183 -9381 387 ) (3183 -9397 387 ) 
4 276 277 (3179 -9381 387 ) (3179 -9216 387 ) (3183 -9216 387 ) (3183 -9381 387 ) 
4 276 289 (3179 -10240 387 ) (3179 -10240 12764 ) (3179 -9216 12764 ) (3179 -9216 387 ) 
4 277 282 (3179 -9381 227 ) (3179 -9216 227 ) (3183 -9216 227 ) (3183 -9381 227 ) 
4 277 278 (3179 -9381 227 ) (3183 -9381 227 ) (3183 -9381 387 ) (3179 -9381 387 ) 
4 277 289 (3179 -9381 387 ) (3179 -9216 387 ) (3179 -9216 227 ) (3179 -9381 227 ) 
4 278 283 (3179 -9397 227 ) (3179 -9381 227 ) (3183 -9381 227 ) (3183 -9397 227 ) 
4 278 289 (3179 -9397 387 ) (3179 -9381 387 ) (3179 -9381 227 ) (3179 -9397 227 ) 
4 278 279 (3179 -9397 227 ) (3183 -9397 227 ) (3183 -9397 387 ) (3179 -9397 387 ) 
4 279 284 (3179 -9621 227 ) (3179 -9397 227 ) (3183 -9397 227 ) (3183 -9621 227 ) 
4 279 280 (3179 -9621 227 ) (3183 -9621 227 ) (3183 -9621 387 ) (3179 -9621 387 ) 
4 279 289 (3179 -9621 387 ) (3179 -9397 387 ) (3179 -9397 227 ) (3179 -9621 227 ) 
4 280 285 (3179 -9637 227 ) (3179 -9621 227 ) (3183 -9621 227 ) (3183 -9637 227 ) 
4 280 289 (3179 -9637 387 ) (3179 -9621 387 ) (3179 -9621 227 ) (3179 -9637 227 ) 
4 280 281 (3179 -9637 227 ) (3183 -9637 227 ) (3183 -9637 387 ) (3179 -9637 387 ) 
4 281 287 (3183 -9913 387 ) (3179 -9913 387 ) (3179 -9913 227 ) (3183 -9913 227 ) 
4 281 286 (3183 -9913 227 ) (3179 -9913 227 ) (3179 -9637 227 ) (3183 -9637 227 ) 
4 281 289 (3179 -9913 227 ) (3179 -9913 387 ) (3179 -9637 387 ) (3179 -9637 227 ) 
4 282 290 (3179 -9216 211 ) (3183 -9216 211 ) (3183 -9381 211 ) (3179 -9381 211 ) 
4 282 289 (3179 -9216 211 ) (3179 -9381 211 ) (3179 -9381 227 ) (3179 -9216 227 ) 
4 282 283 (3183 -9381 227 ) (3179 -9381 227 ) (3179 -9381 211 ) (3183 -9381 211 ) 
4 283 291 (3183 -9381 211 ) (3183 -9397 211 ) (3179 -9397 211 ) (3179 -9381 211 ) 
4 283 284 (3183 -9397 227 ) (3179 -9397 227 ) (3179 -9397 211 ) (3183 -9397 211 ) 
4 283 289 (3179 -9381 211 ) (3179 -9397 211 ) (3179 -9397 227 ) (3179 -9381 227 ) 
4 284 294 (3183 -9397 211 ) (3183 -9621 211 ) (3179 -9621 211 ) (3179 -9397 211 ) 
4 284 289 (3179 -9397 211 ) (3179 -9621 211 ) (3179 -9621 227 ) (3179 -9397 227 ) 
4 284 285 (3183 -9621 227 ) (3179 -9621 227 ) (3179 -9621 211 ) (3183 -9621 211 ) 
4 285 295 (3183 -9621 211 ) (3183 -9637 211 ) (3179 -9637 211 ) (3179 -9621 211 ) 
4 285 286 (3183 -9637 227 ) (3179 -9637 227 ) (3179 -9637 211 ) (3183 -9637 211 ) 
4 285 289 (3179 -9621 211 ) (3179 -9637 211 ) (3179 -9637 227 ) (3179 -9621 227 ) 
4 286 296 (3183 -9637 211 ) (3183 -9913 211 ) (3179 -9913 211 ) (3179 -9637 211 ) 
4 286 287 (3179 -9913 227 ) (3179 -9913 211 ) (3183 -9913 211 ) (3183 -9913 227 ) 
4 286 289 (3179 -9637 211 ) (3179 -9913 211 ) (3179 -9913 227 ) (3179 -9637 227 ) 
4 287 297 (3183 -9913 211 ) (3183 -9917 211 ) (3179 -9917 211 ) (3179 -9913 211 ) 
4 287 289 (3179 -9913 211 ) (3179 -9917 211 ) (3179 -9917 387 ) (3179 -9913 387 ) 
4 287 288 (3183 -9917 387 ) (3179 -9917 387 ) (3179 -9917 211 ) (3183 -9917 211 ) 
4 288 311 (3183 -10240 211 ) (3183 -10240 387 ) (3179 -10240 387 ) (3179 -10240 211 ) 
4 288 298 (3183 -9917 211 ) (3183 -10240 211 ) (3179 -10240 211 ) (3179 -9917 211 ) 
4 288 289 (3179 -9917 211 ) (3179 -10240 211 ) (3179 -10240 387 ) (3179 -9917 387 ) 
4 289 331 (3072 -9216 12764 ) (3072 -9216 211 ) (3072 -10240 211 ) (3072 -10240 12764 ) 
4 289 311 (3179 -10240 12764 ) (3072 -10240 12764 ) (3072 -10240 211 ) (3179 -10240 211 ) 
4 289 300 (3072 -10240 211 ) (3072 -9621 211 ) (3179 -9621 211 ) (3179 -10240 211 ) 
4 289 294 (3072 -9621 211 ) (3072 -9397 211 ) (3179 -9397 211 ) (3179 -9621 211 ) 
4 289 293 (3072 -9397 211 ) (3072 -9216 211 ) (3179 -9216 211 ) (3179 -9397 211 ) 
4 290 292 (3179 -9381 13 ) (3179 -9216 13 ) (3183 -9216 13 ) (3183 -9381 13 ) 
4 290 293 (3179 -9381 211 ) (3179 -9216 211 ) (3179 -9216 13 ) (3179 -9381 13 ) 
4 290 291 (3179 -9381 211 ) (3179 -9381 13 ) (3183 -9381 13 ) (3183 -9381 211 ) 
4 291 294 (3183 -9397 13 ) (3183 -9397 211 ) (3179 -9397 211 ) (3179 -9397 13 ) 
4 291 292 (3183 -9397 13 ) (3179 -9397 13 ) (3179 -9381 13 ) (3183 -9381 13 ) 
4 291 293 (3179 -9397 13 ) (3179 -9397 211 ) (3179 -9381 211 ) (3179 -9381 13 ) 
4 292 294 (3179 -9397 -511.842987 ) (3183 -9397 -511.842987 ) (3183 -9397 13 ) (3179 -9397 13 ) 
4 292 293 (3179 -9216 -511.842987 ) (3179 -9397 -511.842987 ) (3179 -9397 13 ) (3179 -9216 13 ) 
4 293 331 (3072 -9216 211 ) (3072 -9216 -511.842987 ) (3072 -9397 -511.842987 ) (3072 -9397 211 ) 
4 293 294 (3072 -9397 -511.842987 ) (3179 -9397 -511.842987 ) (3179 -9397 211 ) (3072 -9397 211 ) 
4 294 331 (3072 -9397 -511.842987 ) (3072 -9621 -511.842987 ) (3072 -9621 211 ) (3072 -9397 211 ) 
4 294 295 (3183 -9621 13 ) (3183 -9621 211 ) (3179 -9621 211 ) (3179 -9621 13 ) 
4 294 299 (3179 -9621 -511.842987 ) (3183 -9621 -511.842987 ) (3183 -9621 13 ) (3179 -9621 13 ) 
4 294 300 (3072 -9621 -511.842987 ) (3179 -9621 -511.842987 ) (3179 -9621 211 ) (3072 -9621 211 ) 
4 295 300 (3179 -9621 211 ) (3179 -9621 13 ) (3179 -9637 13 ) (3179 -9637 211 ) 
4 295 299 (3179 -9637 13 ) (3179 -9621 13 ) (3183 -9621 13 ) (3183 -9637 13 ) 
4 295 296 (3179 -9637 211 ) (3179 -9637 13 ) (3183 -9637 13 ) (3183 -9637 211 ) 
4 296 297 (3179 -9913 211 ) (3179 -9913 13 ) (3183 -9913 13 ) (3183 -9913 211 ) 
4 296 300 (3179 -9637 13 ) (3179 -9913 13 ) (3179 -9913 211 ) (3179 -9637 211 ) 
4 296 299 (3179 -9913 13 ) (3179 -9637 13 ) (3183 -9637 13 ) (3183 -9913 13 ) 
4 297 300 (3179 -9913 13 ) (3179 -9917 13 ) (3179 -9917 211 ) (3179 -9913 211 ) 
4 297 299 (3179 -9917 13 ) (3179 -9913 13 ) (3183 -9913 13 ) (3183 -9917 13 ) 
4 297 298 (3179 -9917 211 ) (3179 -9917 13 ) (3183 -9917 13 ) (3183 -9917 211 ) 
4 298 311 (3183 -10240 13 ) (3183 -10240 211 ) (3179 -10240 211 ) (3179 -10240 13 ) 
4 298 300 (3179 -9917 13 ) (3179 -10240 13 ) (3179 -10240 211 ) (3179 -9917 211 ) 
4 298 299 (3179 -10240 13 ) (3179 -9917 13 ) (3183 -9917 13 ) (3183 -10240 13 ) 
4 299 312 (3183 -10240 -510 ) (3183 -10240 -96 ) (3179 -10240 -96 ) (3179 -10240 -510 ) 
4 299 314 (3183 -10240 -511.842987 ) (3183 -10240 -510 ) (3179 -10240 -510 ) (3179 -10240 -511.842987 ) 
4 299 311 (3183 -10240 -96 ) (3183 -10240 13 ) (3179 -10240 13 ) (3179 -10240 -96 ) 
4 299 300 (3179 -9621 13 ) (3179 -9621 -511.842987 ) (3179 -10240 -511.842987 ) (3179 -10240 13 ) 
4 300 331 (3072 -9621 -511.842987 ) (3072 -10240 -511.842987 ) (3072 -10240 211 ) (3072 -9621 211 ) 
4 300 312 (3072 -10240 -96 ) (3072 -10240 -510 ) (3179 -10240 -510 ) (3179 -10240 -96 ) 
4 300 314 (3072 -10240 -510 ) (3072 -10240 -511.842987 ) (3179 -10240 -511.842987 ) (3179 -10240 -510 ) 
4 300 311 (3179 -10240 211 ) (3072 -10240 211 ) (3072 -10240 -96 ) (3179 -10240 -96 ) 
4 301 315 (4034 -11264 358 ) (4034 -11264 14974.799805 ) (4030 -11264 14974.799805 ) (4030 -11264 358 ) 
4 301 304 (4030 -10240 358 ) (4034 -10240 358 ) (4034 -11264 358 ) (4030 -11264 358 ) 
4 301 302 (4030 -11264 12766 ) (4030 -11264 14974.799805 ) (4030 -10240 14974.799805 ) (4030 -10240 12766 ) 
4 301 303 (4030 -10240 358 ) (4030 -11264 358 ) (4030 -11264 12764 ) (4030 -10240 12764 ) 
4 302 316 (4030 -11264 14974.799805 ) (3843.040039 -11264 14974.799805 ) (3843.040039 -11264 12766 ) (4030 -11264 12766 ) 
4 302 307 (3843.040039 -11264 12766 ) (3843.040039 -11264 14974.799805 ) (3843.040039 -10240 14974.799805 ) (3843.040039 -10240 12766 ) 
4 303 317 (3843.040039 -11264 12764 ) (3843.040039 -11264 358 ) (4030 -11264 358 ) (4030 -11264 12764 ) 
4 303 308 (3843.040039 -11264 358 ) (3843.040039 -11264 12764 ) (3843.040039 -10240 12764 ) (3843.040039 -10240 358 ) 
4 303 306 (3843.040039 -11264 358 ) (3843.040039 -10240 358 ) (3936.199951 -10240 358 ) (3936.199951 -11264 358 ) 
4 303 304 (4029.389893 -10240 358 ) (4030 -10240 358 ) (4030 -11264 358 ) (4029.389893 -11264 358 ) 
4 304 318 (4029.389893 -11264 -96 ) (4034 -11264 -96 ) (4034 -11264 358 ) (4029.389893 -11264 358 ) 
4 304 312 (4034 -11264 -96 ) (4029.389893 -11264 -96 ) (4029.389893 -10240 -96 ) (4034 -10240 -96 ) 
4 304 305 (4029.389893 -10240 -96 ) (4029.389893 -11264 -96 ) (4029.389893 -11264 166 ) (4029.389893 -10240 166 ) 
5 305 319 (3843.040039 -11264 -96 ) (4029.389893 -11264 -96 ) (4029.389893 -11264 166 ) (3889.620117 -11264 214 ) (3843.040039 -11264 198 ) 
4 305 312 (4029.389893 -11264 -96 ) (3843.040039 -11264 -96 ) (3843.040039 -10240 -96 ) (4029.389893 -10240 -96 ) 
4 305 310 (3843.040039 -10240 -96 ) (3843.040039 -11264 -96 ) (3843.040039 -11264 -42 ) (3843.040039 -10240 -42 ) 
3 306 320 (3936.199951 -11264 358 ) (3843.040039 -11264 358 ) (3843.040039 -11264 325.998993 ) 
4 306 308 (3843.040039 -11264 325.998993 ) (3843.040039 -11264 358 ) (3843.040039 -10240 358 ) (3843.040039 -10240 325.998993 ) 
4 307 334 (3072 -11264 12766 ) (3072 -11264 14974.799805 ) (3072 -10240 14974.799805 ) (3072 -10240 12766 ) 
4 307 321 (3072 -11264 14974.799805 ) (3072 -11264 12766 ) (3843.040039 -11264 12766 ) (3843.040039 -11264 14974.799805 ) 
4 308 322 (3843.040039 -11264 326.001007 ) (3843.040039 -11264 12764 ) (3749.870117 -11264 12764 ) (3749.870117 -11264 294.001282 ) 
4 308 311 (3749.870117 -11264 294.001038 ) (3749.870117 -11264 12764 ) (3749.870117 -10240 12764 ) (3749.870117 -10240 294.001282 ) 
4 309 323 (3843.040039 -11264 198 ) (3843.040039 -11264 230 ) (3749.870117 -11264 262 ) (3749.870117 -11264 166 ) 
4 309 311 (3749.870117 -11264 166 ) (3749.870117 -11264 262 ) (3749.870117 -10240 262 ) (3749.870117 -10240 166 ) 
4 310 324 (3749.870117 -11264 -96 ) (3843.040039 -11264 -96 ) (3843.040039 -11264 -42 ) (3749.870117 -11264 -42 ) 
4 310 312 (3843.040039 -11264 -96 ) (3749.870117 -11264 -96 ) (3749.870117 -10240 -96 ) (3843.040039 -10240 -96 ) 
4 310 311 (3749.870117 -10240 -96 ) (3749.870117 -11264 -96 ) (3749.870117 -11264 -42 ) (3749.870117 -10240 -42 ) 
4 311 335 (3072 -11264 -96 ) (3072 -11264 12764 ) (3072 -10240 12764 ) (3072 -10240 -96 ) 
4 311 325 (3072 -11264 12764 ) (3072 -11264 -96 ) (3749.870117 -11264 -96 ) (3749.870117 -11264 12764 ) 
3 311 313 (3134.353271 -11264 -96 ) (3072 -11264 -96 ) (3072 -11179.896484 -96 ) 
5 311 312 (3749.870117 -11264 -96 ) (3134.353271 -11264 -96 ) (3072 -11179.896484 -96 ) (3072 -10240 -96 ) (3749.870117 -10240 -96 ) 
4 312 337 (3072 -11179.896484 -96 ) (3072 -10722 -96 ) (3072 -10722 -510 ) (3072 -11179.896484 -510 ) 
4 312 336 (3072 -10722 -96 ) (3072 -10240 -96 ) (3072 -10240 -510 ) (3072 -10722 -510 ) 
4 312 327 (3134.353271 -11264 -510 ) (3492 -11264 -510 ) (3492 -11264 -96 ) (3134.353271 -11264 -96 ) 
4 312 326 (3492 -11264 -510 ) (4034 -11264 -510 ) (4034 -11264 -96 ) (3492 -11264 -96 ) 
5 312 314 (3072 -11179.896484 -510 ) (3072 -10240 -510 ) (4034 -10240 -510 ) (4034 -11264 -510 ) (3134.353271 -11264 -510 ) 
4 312 313 (3072 -11179.894531 -510 ) (3134.355225 -11264 -510 ) (3134.355225 -11264 -96 ) (3072 -11179.894531 -96 ) 
4 313 338 (3072 -11264 -510 ) (3072 -11264 -96 ) (3072 -11179.896484 -96 ) (3072 -11179.896484 -510 ) 
4 313 328 (3072 -11264 -96 ) (3072 -11264 -510 ) (3134.353271 -11264 -510 ) (3134.353271 -11264 -96 ) 
3 313 314 (3072 -11264 -510 ) (3072 -11179.896484 -510 ) (3134.353271 -11264 -510 ) 
4 314 339 (3072 -11264 -511.842987 ) (3072 -11264 -510 ) (3072 -10722 -510 ) (3072 -10722 -511.842987 ) 
4 314 336 (3072 -10722 -510 ) (3072 -10240 -510 ) (3072 -10240 -511.842987 ) (3072 -10722 -511.842987 ) 
4 314 329 (3072 -11264 -510 ) (3072 -11264 -511.842987 ) (3492 -11264 -511.842987 ) (3492 -11264 -510 ) 
4 314 326 (3492 -11264 -511.842987 ) (4034 -11264 -511.842987 ) (4034 -11264 -510 ) (3492 -11264 -510 ) 
4 315 353 (4034 -12288 14974.799805 ) (4030 -12288 14974.799805 ) (4030 -12288 358 ) (4034 -12288 358 ) 
4 315 318 (4030 -11264 358 ) (4034 -11264 358 ) (4034 -12288 358 ) (4030 -12288 358 ) 
4 315 316 (4030 -12288 12766 ) (4030 -12288 14974.799805 ) (4030 -11264 14974.799805 ) (4030 -11264 12766 ) 
4 315 317 (4030 -11264 358 ) (4030 -12288 358 ) (4030 -12288 12764 ) (4030 -11264 12764 ) 
4 316 354 (4030 -12288 14974.799805 ) (3843.040039 -12288 14974.799805 ) (3843.040039 -12288 12766 ) (4030 -12288 12766 ) 
4 316 321 (3843.040039 -12288 12766 ) (3843.040039 -12288 14974.799805 ) (3843.040039 -11264 14974.799805 ) (3843.040039 -11264 12766 ) 
4 317 355 (3843.040039 -12288 12764 ) (3843.040039 -12288 358 ) (4030 -12288 358 ) (4030 -12288 12764 ) 
4 317 322 (3843.040039 -12288 358 ) (3843.040039 -12288 12764 ) (3843.040039 -11264 12764 ) (3843.040039 -11264 358 ) 
4 317 320 (3843.040039 -12288 358 ) (3843.040039 -11264 358 ) (3936.199951 -11264 358 ) (3936.199951 -12288 358 ) 
4 317 318 (4029.389893 -11264 358 ) (4030 -11264 358 ) (4030 -12288 358 ) (4029.389893 -12288 358 ) 
4 318 356 (4029.389893 -12288 -96 ) (4034 -12288 -96 ) (4034 -12288 358 ) (4029.389893 -12288 358 ) 
4 318 326 (4034 -12288 -96 ) (4029.389893 -12288 -96 ) (4029.389893 -11264 -96 ) (4034 -11264 -96 ) 
4 318 319 (4029.389893 -11264 -96 ) (4029.389893 -12288 -96 ) (4029.389893 -12288 166 ) (4029.389893 -11264 166 ) 
5 319 357 (3843.040039 -12288 198 ) (3843.040039 -12288 -96 ) (4029.389893 -12288 -96 ) (4029.389893 -12288 166 ) (3889.620117 -12288 214 ) 
4 319 326 (4029.389893 -12288 -96 ) (3843.040039 -12288 -96 ) (3843.040039 -11264 -96 ) (4029.389893 -11264 -96 ) 
4 319 324 (3843.040039 -11264 -96 ) (3843.040039 -12288 -96 ) (3843.040039 -12288 -42 ) (3843.040039 -11264 -42 ) 
3 320 358 (3843.040039 -12288 358 ) (3843.040039 -12288 325.998993 ) (3936.199951 -12288 358 ) 
4 320 322 (3843.040039 -12288 325.998993 ) (3843.040039 -12288 358 ) (3843.040039 -11264 358 ) (3843.040039 -11264 325.998993 ) 
4 321 359 (3843.040039 -12288 14974.799805 ) (3072 -12288 14974.799805 ) (3072 -12288 12766 ) (3843.040039 -12288 12766 ) 
4 321 345 (3072 -12288 12766 ) (3072 -12288 14974.799805 ) (3072 -11264 14974.799805 ) (3072 -11264 12766 ) 
4 322 360 (3843.040039 -12288 326.001007 ) (3843.040039 -12288 12764 ) (3749.870117 -12288 12764 ) (3749.870117 -12288 294.001282 ) 
4 322 325 (3749.870117 -12288 294.001038 ) (3749.870117 -12288 12764 ) (3749.870117 -11264 12764 ) (3749.870117 -11264 294.001282 ) 
4 323 361 (3843.040039 -12288 198 ) (3843.040039 -12288 230 ) (3749.870117 -12288 262 ) (3749.870117 -12288 166 ) 
4 323 325 (3749.870117 -12288 166 ) (3749.870117 -12288 262 ) (3749.870117 -11264 262 ) (3749.870117 -11264 166 ) 
4 324 362 (3749.870117 -12288 -96 ) (3843.040039 -12288 -96 ) (3843.040039 -12288 -42 ) (3749.870117 -12288 -42 ) 
4 324 326 (3843.040039 -12288 -96 ) (3749.870117 -12288 -96 ) (3749.870117 -11264 -96 ) (3843.040039 -11264 -96 ) 
4 324 325 (3749.870117 -11264 -96 ) (3749.870117 -12288 -96 ) (3749.870117 -12288 -42 ) (3749.870117 -11264 -42 ) 
4 325 363 (3072 -12288 12764 ) (3072 -12288 -96 ) (3749.870117 -12288 -96 ) (3749.870117 -12288 12764 ) 
4 325 346 (3072 -12288 -96 ) (3072 -12288 12764 ) (3072 -11264 12764 ) (3072 -11264 -96 ) 
5 325 328 (3492 -12288 -96 ) (3072 -12288 -96 ) (3072 -11264 -96 ) (3134.353271 -11264 -96 ) (3492 -11746.400391 -96 ) 
3 325 327 (3134.353271 -11264 -96 ) (3492 -11264 -96 ) (3492 -11746.400391 -96 ) 
4 325 326 (3749.870117 -12288 -96 ) (3492 -12288 -96 ) (3492 -11264 -96 ) (3749.870117 -11264 -96 ) 
4 326 364 (4034 -12288 -96 ) (3492 -12288 -96 ) (3492 -12288 -511.842987 ) (4034 -12288 -511.842987 ) 
4 326 328 (3492 -12288 -510 ) (3492 -12288 -96 ) (3492 -11746.400391 -96 ) (3492 -11746.400391 -510 ) 
4 326 327 (3492 -11746.400391 -96 ) (3492 -11264 -96 ) (3492 -11264 -510 ) (3492 -11746.400391 -510 ) 
4 326 329 (3492 -11264 -511.842987 ) (3492 -12288 -511.842987 ) (3492 -12288 -510 ) (3492 -11264 -510 ) 
3 327 329 (3134.353271 -11264 -510 ) (3492 -11264 -510 ) (3492 -11746.400391 -510 ) 
4 327 328 (3134.355713 -11264 -510 ) (3492 -11746.397461 -510 ) (3492 -11746.397461 -96 ) (3134.355713 -11264 -96 ) 
4 328 365 (3492 -12288 -96 ) (3072 -12288 -96 ) (3072 -12288 -510 ) (3492 -12288 -510 ) 
4 328 347 (3072 -12288 -510 ) (3072 -12288 -96 ) (3072 -11264 -96 ) (3072 -11264 -510 ) 
5 328 329 (3072 -11264 -510 ) (3134.353271 -11264 -510 ) (3492 -11746.400391 -510 ) (3492 -12288 -510 ) (3072 -12288 -510 ) 
4 329 366 (3072 -12288 -510 ) (3072 -12288 -511.842987 ) (3492 -12288 -511.842987 ) (3492 -12288 -510 ) 
4 329 348 (3072 -12288 -511.842987 ) (3072 -12288 -510 ) (3072 -11264 -510 ) (3072 -11264 -511.842987 ) 
4 330 334 (3072 -10240 12766 ) (3072 -10240 14974.799805 ) (2048 -10240 14974.799805 ) (2048 -10240 12766 ) 
4 330 332 (2048 -9216 14974.799805 ) (2048 -9216 12766 ) (2048 -10240 12766 ) (2048 -10240 14974.799805 ) 
4 331 336 (3072 -10240 -511.842987 ) (3072 -10240 -96 ) (2048 -10240 -96 ) (2048 -10240 -511.842987 ) 
4 331 335 (3072 -10240 -96 ) (3072 -10240 12764 ) (2048 -10240 12764 ) (2048 -10240 -96 ) 
4 331 333 (2048 -9216 12764 ) (2048 -9216 -511.842987 ) (2048 -10240 -511.842987 ) (2048 -10240 12764 ) 
4 332 460 (1024 -9216 14974.799805 ) (1024 -9216 12766 ) (1024 -10240 12766 ) (1024 -10240 14974.799805 ) 
4 332 340 (2048 -10240 12766 ) (2048 -10240 14974.799805 ) (1024 -10240 14974.799805 ) (1024 -10240 12766 ) 
4 333 461 (1024 -9216 12764 ) (1024 -9216 -511.842987 ) (1024 -10240 -511.842987 ) (1024 -10240 12764 ) 
4 333 342 (2048 -10240 -511.842987 ) (2048 -10240 -96 ) (1024 -10240 -96 ) (1024 -10240 -511.842987 ) 
4 333 341 (2048 -10240 -96 ) (2048 -10240 12764 ) (1024 -10240 12764 ) (1024 -10240 -96 ) 
4 334 345 (3072 -11264 12766 ) (3072 -11264 14974.799805 ) (2048 -11264 14974.799805 ) (2048 -11264 12766 ) 
4 334 340 (2048 -11264 12766 ) (2048 -11264 14974.799805 ) (2048 -10240 14974.799805 ) (2048 -10240 12766 ) 
4 335 346 (3072 -11264 -96 ) (3072 -11264 12764 ) (2048 -11264 12764 ) (2048 -11264 -96 ) 
4 335 341 (2048 -11264 -96 ) (2048 -11264 12764 ) (2048 -10240 12764 ) (2048 -10240 -96 ) 
5 335 338 (3072 -11264 -96 ) (2048 -11264 -96 ) (2048 -10722 -96 ) (2732.519775 -10722 -96 ) (3072 -11179.896484 -96 ) 
3 335 337 (2732.519775 -10722 -96 ) (3072 -10722 -96 ) (3072 -11179.896484 -96 ) 
4 335 336 (2048 -10722 -96 ) (2048 -10240 -96 ) (3072 -10240 -96 ) (3072 -10722 -96 ) 
4 336 342 (2048 -10722 -96 ) (2048 -10240 -96 ) (2048 -10240 -511.842987 ) (2048 -10722 -511.842987 ) 
4 336 338 (2732.519775 -10722 -96 ) (2048 -10722 -96 ) (2048 -10722 -510 ) (2732.519775 -10722 -510 ) 
4 336 337 (3072 -10722 -510 ) (3072 -10722 -96 ) (2732.519775 -10722 -96 ) (2732.519775 -10722 -510 ) 
4 336 339 (2048 -10722 -511.842987 ) (3072 -10722 -511.842987 ) (3072 -10722 -510 ) (2048 -10722 -510 ) 
3 337 339 (2732.519775 -10722 -510 ) (3072 -10722 -510 ) (3072 -11179.896484 -510 ) 
4 337 338 (2732.521729 -10722 -96 ) (2732.521729 -10722 -510 ) (3072 -11179.894531 -510 ) (3072 -11179.894531 -96 ) 
4 338 347 (3072 -11264 -510 ) (3072 -11264 -96 ) (2048 -11264 -96 ) (2048 -11264 -510 ) 
4 338 343 (2048 -11264 -510 ) (2048 -11264 -96 ) (2048 -10722 -96 ) (2048 -10722 -510 ) 
5 338 339 (2048 -11264 -510 ) (2048 -10722 -510 ) (2732.519775 -10722 -510 ) (3072 -11179.896484 -510 ) (3072 -11264 -510 ) 
4 339 348 (3072 -11264 -511.842987 ) (3072 -11264 -510 ) (2048 -11264 -510 ) (2048 -11264 -511.842987 ) 
4 339 344 (2048 -11264 -511.842987 ) (2048 -11264 -510 ) (2048 -10722 -510 ) (2048 -10722 -511.842987 ) 
4 340 467 (1024 -11264 12766 ) (1024 -11264 14974.799805 ) (1024 -10240 14974.799805 ) (1024 -10240 12766 ) 
4 340 349 (1024 -11264 14974.799805 ) (1024 -11264 12766 ) (2048 -11264 12766 ) (2048 -11264 14974.799805 ) 
4 341 468 (1024 -11264 -96 ) (1024 -11264 12764 ) (1024 -10240 12764 ) (1024 -10240 -96 ) 
4 341 350 (1024 -11264 12764 ) (1024 -11264 -96 ) (2048 -11264 -96 ) (2048 -11264 12764 ) 
4 341 343 (2048 -10722 -96 ) (2048 -11264 -96 ) (1024 -11264 -96 ) (1024 -10722 -96 ) 
4 341 342 (1024 -10240 -96 ) (2048 -10240 -96 ) (2048 -10722 -96 ) (1024 -10722 -96 ) 
4 342 472 (1024 -10240 -510 ) (1024 -10240 -511.842987 ) (1024 -10722 -511.842987 ) (1024 -10722 -510 ) 
4 342 470 (1024 -10722 -96 ) (1024 -10240 -96 ) (1024 -10240 -510 ) (1024 -10722 -510 ) 
4 342 344 (1024 -10722 -511.842987 ) (2048 -10722 -511.842987 ) (2048 -10722 -510 ) (1024 -10722 -510 ) 
4 342 343 (2048 -10722 -510 ) (2048 -10722 -96 ) (1024 -10722 -96 ) (1024 -10722 -510 ) 
4 343 471 (1024 -11264 -510 ) (1024 -11264 -96 ) (1024 -10722 -96 ) (1024 -10722 -510 ) 
4 343 351 (1024 -11264 -96 ) (1024 -11264 -510 ) (2048 -11264 -510 ) (2048 -11264 -96 ) 
4 343 344 (2048 -11264 -510 ) (1024 -11264 -510 ) (1024 -10722 -510 ) (2048 -10722 -510 ) 
4 344 472 (1024 -11264 -511.842987 ) (1024 -11264 -510 ) (1024 -10722 -510 ) (1024 -10722 -511.842987 ) 
4 344 352 (1024 -11264 -510 ) (1024 -11264 -511.842987 ) (2048 -11264 -511.842987 ) (2048 -11264 -510 ) 
4 345 382 (3072 -12288 12766 ) (3072 -12288 14974.799805 ) (2048 -12288 14974.799805 ) (2048 -12288 12766 ) 
4 345 349 (2048 -11264 14974.799805 ) (2048 -11264 12766 ) (2048 -12288 12766 ) (2048 -12288 14974.799805 ) 
4 346 383 (3072 -12288 -96 ) (3072 -12288 12764 ) (2048 -12288 12764 ) (2048 -12288 -96 ) 
4 346 350 (2048 -11264 12764 ) (2048 -11264 -96 ) (2048 -12288 -96 ) (2048 -12288 12764 ) 
4 346 347 (3072 -12288 -96 ) (2048 -12288 -96 ) (2048 -11264 -96 ) (3072 -11264 -96 ) 
4 347 384 (3072 -12288 -510 ) (3072 -12288 -96 ) (2048 -12288 -96 ) (2048 -12288 -510 ) 
4 347 351 (2048 -11264 -96 ) (2048 -11264 -510 ) (2048 -12288 -510 ) (2048 -12288 -96 ) 
4 347 348 (3072 -12288 -510 ) (2048 -12288 -510 ) (2048 -11264 -510 ) (3072 -11264 -510 ) 
4 348 385 (3072 -12288 -511.842987 ) (3072 -12288 -510 ) (2048 -12288 -510 ) (2048 -12288 -511.842987 ) 
4 348 352 (2048 -11264 -510 ) (2048 -11264 -511.842987 ) (2048 -12288 -511.842987 ) (2048 -12288 -510 ) 
4 349 481 (1024 -12288 12766 ) (1024 -12288 14974.799805 ) (1024 -11264 14974.799805 ) (1024 -11264 12766 ) 
4 349 386 (2048 -12288 12766 ) (2048 -12288 14974.799805 ) (1024 -12288 14974.799805 ) (1024 -12288 12766 ) 
4 350 482 (1024 -12288 -96 ) (1024 -12288 12764 ) (1024 -11264 12764 ) (1024 -11264 -96 ) 
4 350 387 (2048 -12288 -96 ) (2048 -12288 12764 ) (1024 -12288 12764 ) (1024 -12288 -96 ) 
4 350 351 (1024 -12288 -96 ) (1024 -11264 -96 ) (2048 -11264 -96 ) (2048 -12288 -96 ) 
4 351 483 (1024 -12288 -510 ) (1024 -12288 -96 ) (1024 -11264 -96 ) (1024 -11264 -510 ) 
4 351 388 (2048 -12288 -510 ) (2048 -12288 -96 ) (1024 -12288 -96 ) (1024 -12288 -510 ) 
4 351 352 (1024 -12288 -510 ) (1024 -11264 -510 ) (2048 -11264 -510 ) (2048 -12288 -510 ) 
4 352 484 (1024 -12288 -511.842987 ) (1024 -12288 -510 ) (1024 -11264 -510 ) (1024 -11264 -511.842987 ) 
4 352 389 (2048 -12288 -511.842987 ) (2048 -12288 -510 ) (1024 -12288 -510 ) (1024 -12288 -511.842987 ) 
4 353 367 (4034 -13312 14974.799805 ) (4030 -13312 14974.799805 ) (4030 -13312 358 ) (4034 -13312 358 ) 
4 353 356 (4030 -12288 358 ) (4034 -12288 358 ) (4034 -13312 358 ) (4030 -13312 358 ) 
4 353 354 (4030 -13312 12766 ) (4030 -13312 14974.799805 ) (4030 -12288 14974.799805 ) (4030 -12288 12766 ) 
4 353 355 (4030 -12288 358 ) (4030 -13312 358 ) (4030 -13312 12764 ) (4030 -12288 12764 ) 
4 354 368 (4030 -13312 14974.799805 ) (3843.040039 -13312 14974.799805 ) (3843.040039 -13312 12766 ) (4030 -13312 12766 ) 
4 354 359 (3843.040039 -13312 12766 ) (3843.040039 -13312 14974.799805 ) (3843.040039 -12288 14974.799805 ) (3843.040039 -12288 12766 ) 
4 355 369 (3843.040039 -13312 12764 ) (3843.040039 -13312 358 ) (4030 -13312 358 ) (4030 -13312 12764 ) 
4 355 360 (3843.040039 -13312 358 ) (3843.040039 -13312 12764 ) (3843.040039 -12288 12764 ) (3843.040039 -12288 358 ) 
4 355 358 (3843.040039 -13312 358 ) (3843.040039 -12288 358 ) (3936.199951 -12288 358 ) (3936.199951 -13312 358 ) 
4 355 356 (4029.389893 -12288 358 ) (4030 -12288 358 ) (4030 -13312 358 ) (4029.389893 -13312 358 ) 
4 356 370 (4029.389893 -13312 -96 ) (4034 -13312 -96 ) (4034 -13312 358 ) (4029.389893 -13312 358 ) 
4 356 364 (4034 -13312 -96 ) (4029.389893 -13312 -96 ) (4029.389893 -12288 -96 ) (4034 -12288 -96 ) 
4 356 357 (4029.389893 -12288 -96 ) (4029.389893 -13312 -96 ) (4029.389893 -13312 166 ) (4029.389893 -12288 166 ) 
5 357 371 (3843.040039 -13312 198 ) (3843.040039 -13312 -96 ) (4029.389893 -13312 -96 ) (4029.389893 -13312 166 ) (3889.620117 -13312 214 ) 
4 357 364 (4029.389893 -13312 -96 ) (3843.040039 -13312 -96 ) (3843.040039 -12288 -96 ) (4029.389893 -12288 -96 ) 
4 357 362 (3843.040039 -12288 -96 ) (3843.040039 -13312 -96 ) (3843.040039 -13312 -42 ) (3843.040039 -12288 -42 ) 
3 358 372 (3843.040039 -13312 358 ) (3843.040039 -13312 325.998993 ) (3936.199951 -13312 358 ) 
4 358 360 (3843.040039 -13312 325.998993 ) (3843.040039 -13312 358 ) (3843.040039 -12288 358 ) (3843.040039 -12288 325.998993 ) 
4 359 382 (3072 -13312 12766 ) (3072 -13312 14974.799805 ) (3072 -12288 14974.799805 ) (3072 -12288 12766 ) 
4 359 373 (3843.040039 -13312 14974.799805 ) (3072 -13312 14974.799805 ) (3072 -13312 12766 ) (3843.040039 -13312 12766 ) 
4 360 374 (3843.040039 -13312 326.001007 ) (3843.040039 -13312 12764 ) (3749.870117 -13312 12764 ) (3749.870117 -13312 294.001282 ) 
4 360 363 (3749.870117 -13312 294.001038 ) (3749.870117 -13312 12764 ) (3749.870117 -12288 12764 ) (3749.870117 -12288 294.001282 ) 
4 361 375 (3843.040039 -13312 198 ) (3843.040039 -13312 230 ) (3749.870117 -13312 262 ) (3749.870117 -13312 166 ) 
4 361 363 (3749.870117 -13312 166 ) (3749.870117 -13312 262 ) (3749.870117 -12288 262 ) (3749.870117 -12288 166 ) 
4 362 376 (3749.870117 -13312 -96 ) (3843.040039 -13312 -96 ) (3843.040039 -13312 -42 ) (3749.870117 -13312 -42 ) 
4 362 364 (3843.040039 -13312 -96 ) (3749.870117 -13312 -96 ) (3749.870117 -12288 -96 ) (3843.040039 -12288 -96 ) 
4 362 363 (3749.870117 -12288 -96 ) (3749.870117 -13312 -96 ) (3749.870117 -13312 -42 ) (3749.870117 -12288 -42 ) 
4 363 383 (3072 -13312 -96 ) (3072 -13312 12764 ) (3072 -12288 12764 ) (3072 -12288 -96 ) 
4 363 377 (3072 -13312 12764 ) (3072 -13312 -96 ) (3749.870117 -13312 -96 ) (3749.870117 -13312 12764 ) 
4 363 365 (3492 -13312 -96 ) (3072 -13312 -96 ) (3072 -12288 -96 ) (3492 -12288 -96 ) 
4 363 364 (3749.870117 -13312 -96 ) (3492 -13312 -96 ) (3492 -12288 -96 ) (3749.870117 -12288 -96 ) 
4 364 378 (4034 -13312 -96 ) (3492 -13312 -96 ) (3492 -13312 -511.842987 ) (4034 -13312 -511.842987 ) 
4 364 366 (3492 -12288 -511.842987 ) (3492 -13312 -511.842987 ) (3492 -13312 -510 ) (3492 -12288 -510 ) 
4 364 365 (3492 -13312 -510 ) (3492 -13312 -96 ) (3492 -12288 -96 ) (3492 -12288 -510 ) 
4 365 384 (3072 -13312 -510 ) (3072 -13312 -96 ) (3072 -12288 -96 ) (3072 -12288 -510 ) 
4 365 379 (3492 -13312 -96 ) (3072 -13312 -96 ) (3072 -13312 -510 ) (3492 -13312 -510 ) 
4 365 366 (3072 -13312 -510 ) (3072 -12288 -510 ) (3492 -12288 -510 ) (3492 -13312 -510 ) 
4 366 385 (3072 -13312 -511.842987 ) (3072 -13312 -510 ) (3072 -12288 -510 ) (3072 -12288 -511.842987 ) 
4 366 380 (3072 -13312 -510 ) (3072 -13312 -511.842987 ) (3492 -13312 -511.842987 ) (3492 -13312 -510 ) 
4 367 400 (4034 -14336 14974.799805 ) (4030 -14336 14974.799805 ) (4030 -14336 358 ) (4034 -14336 358 ) 
4 367 370 (4030 -13312 358 ) (4034 -13312 358 ) (4034 -14336 358 ) (4030 -14336 358 ) 
4 367 368 (4030 -14336 12766 ) (4030 -14336 14974.799805 ) (4030 -13312 14974.799805 ) (4030 -13312 12766 ) 
4 367 369 (4030 -13312 358 ) (4030 -14336 358 ) (4030 -14336 12764 ) (4030 -13312 12764 ) 
4 368 401 (4030 -14336 14974.799805 ) (3843.040039 -14336 14974.799805 ) (3843.040039 -14336 12766 ) (4030 -14336 12766 ) 
4 368 373 (3843.040039 -14336 12766 ) (3843.040039 -14336 14974.799805 ) (3843.040039 -13312 14974.799805 ) (3843.040039 -13312 12766 ) 
4 369 402 (3843.040039 -14336 12764 ) (3843.040039 -14336 358 ) (4030 -14336 358 ) (4030 -14336 12764 ) 
4 369 374 (3843.040039 -14336 358 ) (3843.040039 -14336 12764 ) (3843.040039 -13312 12764 ) (3843.040039 -13312 358 ) 
4 369 372 (3843.040039 -14336 358 ) (3843.040039 -13312 358 ) (3936.199951 -13312 358 ) (3936.199951 -14336 358 ) 
4 369 370 (4029.389893 -13312 358 ) (4030 -13312 358 ) (4030 -14336 358 ) (4029.389893 -14336 358 ) 
4 370 404 (4029.389893 -14336 -96 ) (4034 -14336 -96 ) (4034 -14336 358 ) (4029.389893 -14336 358 ) 
4 370 378 (4034 -14336 -96 ) (4029.389893 -14336 -96 ) (4029.389893 -13312 -96 ) (4034 -13312 -96 ) 
4 370 371 (4029.389893 -13312 -96 ) (4029.389893 -14336 -96 ) (4029.389893 -14336 166 ) (4029.389893 -13312 166 ) 
4 371 420 (3843.040039 -14336 16.131105 ) (3843.040039 -14336 -42 ) (4029.389893 -14336 -42 ) (4029.389893 -14336 16.131044 ) 
5 371 405 (3843.040039 -14336 198 ) (3843.040039 -14336 16.131105 ) (4029.389893 -14336 16.131044 ) (4029.389893 -14336 166 ) (3889.620117 -14336 214 ) 
4 371 428 (3843.040039 -14336 -42 ) (3843.040039 -14336 -96 ) (4029.389893 -14336 -96 ) (4029.389893 -14336 -42 ) 
4 371 378 (4029.389893 -14336 -96 ) (3843.040039 -14336 -96 ) (3843.040039 -13312 -96 ) (4029.389893 -13312 -96 ) 
4 371 376 (3843.040039 -13312 -96 ) (3843.040039 -14336 -96 ) (3843.040039 -14336 -42 ) (3843.040039 -13312 -42 ) 
3 372 406 (3843.040039 -14336 358 ) (3843.040039 -14336 325.998993 ) (3936.199951 -14336 358 ) 
4 372 374 (3843.040039 -14336 325.998993 ) (3843.040039 -14336 358 ) (3843.040039 -13312 358 ) (3843.040039 -13312 325.998993 ) 
4 373 401 (3843.040039 -14336 14974.799805 ) (3072 -14336 14974.799805 ) (3072 -14336 12766 ) (3843.040039 -14336 12766 ) 
4 373 390 (3072 -14336 12766 ) (3072 -14336 14974.799805 ) (3072 -13312 14974.799805 ) (3072 -13312 12766 ) 
4 374 409 (3843.040039 -14336 326.001007 ) (3843.040039 -14336 358 ) (3749.870117 -14336 358 ) (3749.870117 -14336 294.001282 ) 
4 374 402 (3843.040039 -14336 358 ) (3843.040039 -14336 12764 ) (3749.870117 -14336 12764 ) (3749.870117 -14336 358 ) 
4 374 377 (3749.870117 -14336 294.001038 ) (3749.870117 -14336 12764 ) (3749.870117 -13312 12764 ) (3749.870117 -13312 294.001282 ) 
4 375 410 (3843.040039 -14336 198 ) (3843.040039 -14336 230 ) (3749.870117 -14336 262 ) (3749.870117 -14336 166 ) 
4 375 377 (3749.870117 -14336 166 ) (3749.870117 -14336 262 ) (3749.870117 -13312 262 ) (3749.870117 -13312 166 ) 
4 376 428 (3749.870117 -14336 -96 ) (3843.040039 -14336 -96 ) (3843.040039 -14336 -42 ) (3749.870117 -14336 -42 ) 
4 376 378 (3843.040039 -14336 -96 ) (3749.870117 -14336 -96 ) (3749.870117 -13312 -96 ) (3843.040039 -13312 -96 ) 
4 376 377 (3749.870117 -13312 -96 ) (3749.870117 -14336 -96 ) (3749.870117 -14336 -42 ) (3749.870117 -13312 -42 ) 
4 377 425 (3072 -14336 16.131599 ) (3072 -14336 -42 ) (3749.870117 -14336 -42 ) (3749.870117 -14336 16.131521 ) 
3 377 419 (3313.519287 -14336 16.131571 ) (3749.870117 -14336 16.131521 ) (3749.870117 -14336 166 ) 
5 377 413 (3072 -14336 358 ) (3072 -14336 16.131599 ) (3313.519287 -14336 16.131571 ) (3749.870117 -14336 166 ) (3749.870117 -14336 358 ) 
4 377 428 (3072 -14336 -42 ) (3072 -14336 -96 ) (3749.870117 -14336 -96 ) (3749.870117 -14336 -42 ) 
4 377 402 (3072 -14336 12764 ) (3072 -14336 358 ) (3749.870117 -14336 358 ) (3749.870117 -14336 12764 ) 
4 377 391 (3072 -14336 -96 ) (3072 -14336 12764 ) (3072 -13312 12764 ) (3072 -13312 -96 ) 
4 377 379 (3072 -14178 -96 ) (3072 -13312 -96 ) (3492 -13312 -96 ) (3492 -14178 -96 ) 
4 377 381 (3492 -14336 -96 ) (3072 -14336 -96 ) (3072 -14178 -96 ) (3492 -14178 -96 ) 
4 377 378 (3749.870117 -14336 -96 ) (3492 -14336 -96 ) (3492 -13312 -96 ) (3749.870117 -13312 -96 ) 
4 378 428 (4029.389893 -14336 -96 ) (3492 -14336 -96 ) (3492 -14336 -511.842987 ) (4029.389893 -14336 -511.842987 ) 
4 378 404 (4034 -14336 -96 ) (4029.389893 -14336 -96 ) (4029.389893 -14336 -511.842987 ) (4034 -14336 -511.842987 ) 
4 378 380 (3492 -13312 -511.842987 ) (3492 -14178 -511.842987 ) (3492 -14178 -510 ) (3492 -13312 -510 ) 
4 378 379 (3492 -14178 -510 ) (3492 -14178 -96 ) (3492 -13312 -96 ) (3492 -13312 -510 ) 
4 378 381 (3492 -14178 -511.842987 ) (3492 -14336 -511.842987 ) (3492 -14336 -96 ) (3492 -14178 -96 ) 
4 379 392 (3072 -14178 -96 ) (3072 -13312 -96 ) (3072 -13312 -510 ) (3072 -14178 -510 ) 
4 379 381 (3492 -14178 -510 ) (3492 -14178 -96 ) (3072 -14178 -96 ) (3072 -14178 -510 ) 
4 379 380 (3492 -14178 -510 ) (3072 -14178 -510 ) (3072 -13312 -510 ) (3492 -13312 -510 ) 
4 380 393 (3072 -13312 -510 ) (3072 -13312 -511.842987 ) (3072 -14178 -511.842987 ) (3072 -14178 -510 ) 
4 380 381 (3072 -14178 -511.842987 ) (3492 -14178 -511.842987 ) (3492 -14178 -510 ) (3072 -14178 -510 ) 
4 381 428 (3492 -14336 -96 ) (3072 -14336 -96 ) (3072 -14336 -511.842987 ) (3492 -14336 -511.842987 ) 
4 381 394 (3072 -14336 -511.842987 ) (3072 -14336 -96 ) (3072 -14178 -96 ) (3072 -14178 -511.842987 ) 
4 382 390 (3072 -13312 12766 ) (3072 -13312 14974.799805 ) (2048 -13312 14974.799805 ) (2048 -13312 12766 ) 
4 382 386 (2048 -13312 12766 ) (2048 -13312 14974.799805 ) (2048 -12288 14974.799805 ) (2048 -12288 12766 ) 
4 383 391 (3072 -13312 -96 ) (3072 -13312 12764 ) (2048 -13312 12764 ) (2048 -13312 -96 ) 
4 383 387 (2048 -13312 -96 ) (2048 -13312 12764 ) (2048 -12288 12764 ) (2048 -12288 -96 ) 
4 383 384 (3072 -13312 -96 ) (2048 -13312 -96 ) (2048 -12288 -96 ) (3072 -12288 -96 ) 
4 384 392 (3072 -13312 -510 ) (3072 -13312 -96 ) (2048 -13312 -96 ) (2048 -13312 -510 ) 
4 384 388 (2048 -13312 -510 ) (2048 -13312 -96 ) (2048 -12288 -96 ) (2048 -12288 -510 ) 
4 384 385 (3072 -13312 -510 ) (2048 -13312 -510 ) (2048 -12288 -510 ) (3072 -12288 -510 ) 
4 385 393 (3072 -13312 -511.842987 ) (3072 -13312 -510 ) (2048 -13312 -510 ) (2048 -13312 -511.842987 ) 
4 385 389 (2048 -13312 -511.842987 ) (2048 -13312 -510 ) (2048 -12288 -510 ) (2048 -12288 -511.842987 ) 
4 386 524 (1024 -13312 12766 ) (1024 -13312 14974.799805 ) (1024 -12288 14974.799805 ) (1024 -12288 12766 ) 
4 386 395 (1024 -13312 14974.799805 ) (1024 -13312 12766 ) (2048 -13312 12766 ) (2048 -13312 14974.799805 ) 
4 387 525 (1024 -13312 -96 ) (1024 -13312 12764 ) (1024 -12288 12764 ) (1024 -12288 -96 ) 
4 387 396 (1024 -13312 12764 ) (1024 -13312 -96 ) (2048 -13312 -96 ) (2048 -13312 12764 ) 
4 387 388 (1024 -12288 -96 ) (2048 -12288 -96 ) (2048 -13312 -96 ) (1024 -13312 -96 ) 
4 388 526 (1024 -13312 -510 ) (1024 -13312 -96 ) (1024 -12288 -96 ) (1024 -12288 -510 ) 
4 388 397 (1024 -13312 -96 ) (1024 -13312 -510 ) (2048 -13312 -510 ) (2048 -13312 -96 ) 
4 388 389 (1024 -12288 -510 ) (2048 -12288 -510 ) (2048 -13312 -510 ) (1024 -13312 -510 ) 
4 389 527 (1024 -13312 -511.842987 ) (1024 -13312 -510 ) (1024 -12288 -510 ) (1024 -12288 -511.842987 ) 
4 389 398 (1024 -13312 -510 ) (1024 -13312 -511.842987 ) (2048 -13312 -511.842987 ) (2048 -13312 -510 ) 
4 390 430 (3072 -14336 12766 ) (3072 -14336 14974.799805 ) (2048 -14336 14974.799805 ) (2048 -14336 12766 ) 
4 390 395 (2048 -13312 14974.799805 ) (2048 -13312 12766 ) (2048 -14336 12766 ) (2048 -14336 14974.799805 ) 
4 391 439 (3072 -14336 -96 ) (3072 -14336 16.131647 ) (2048 -14336 16.132053 ) (2048 -14336 -96 ) 
4 391 431 (3072 -14336 16.131647 ) (3072 -14336 12764 ) (2048 -14336 12764 ) (2048 -14336 16.132053 ) 
4 391 396 (2048 -13312 12764 ) (2048 -13312 -96 ) (2048 -14336 -96 ) (2048 -14336 12764 ) 
4 391 392 (2048 -13312 -96 ) (3072 -13312 -96 ) (3072 -14178 -96 ) (2048 -14178 -96 ) 
4 391 394 (3072 -14178 -96 ) (3072 -14336 -96 ) (2048 -14336 -96 ) (2048 -14178 -96 ) 
4 392 397 (2048 -13312 -96 ) (2048 -13312 -510 ) (2048 -14178 -510 ) (2048 -14178 -96 ) 
4 392 394 (3072 -14178 -510 ) (3072 -14178 -96 ) (2048 -14178 -96 ) (2048 -14178 -510 ) 
4 392 393 (3072 -14178 -510 ) (2048 -14178 -510 ) (2048 -13312 -510 ) (3072 -13312 -510 ) 
4 393 398 (2048 -13312 -510 ) (2048 -13312 -511.842987 ) (2048 -14178 -511.842987 ) (2048 -14178 -510 ) 
4 393 394 (2048 -14178 -511.842987 ) (3072 -14178 -511.842987 ) (3072 -14178 -510 ) (2048 -14178 -510 ) 
4 394 439 (3072 -14336 -511.842987 ) (3072 -14336 -96 ) (2048 -14336 -96 ) (2048 -14336 -511.842987 ) 
4 394 399 (2048 -14178 -511.842987 ) (2048 -14336 -511.842987 ) (2048 -14336 -96 ) (2048 -14178 -96 ) 
4 395 536 (1024 -14336 12766 ) (1024 -14336 14974.799805 ) (1024 -13312 14974.799805 ) (1024 -13312 12766 ) 
4 395 446 (1024 -14336 14974.799805 ) (1024 -14336 12766 ) (2048 -14336 12766 ) (2048 -14336 14974.799805 ) 
4 396 537 (1024 -14336 -96 ) (1024 -14336 12764 ) (1024 -13312 12764 ) (1024 -13312 -96 ) 
4 396 453 (1024 -14336 -42 ) (1024 -14336 -96 ) (2048 -14336 -96 ) (2048 -14336 -42 ) 
4 396 450 (1024 -14336 12764 ) (1024 -14336 51.270325 ) (2048 -14336 51.270477 ) (2048 -14336 12764 ) 
4 396 447 (1024 -14336 51.270325 ) (1024 -14336 -42 ) (2048 -14336 -42 ) (2048 -14336 51.270477 ) 
4 396 397 (2048 -13312 -96 ) (2048 -14178 -96 ) (1024 -14178 -96 ) (1024 -13312 -96 ) 
4 396 399 (2048 -14178 -96 ) (2048 -14336 -96 ) (1024 -14336 -96 ) (1024 -14178 -96 ) 
4 397 538 (1024 -14178 -96 ) (1024 -13312 -96 ) (1024 -13312 -510 ) (1024 -14178 -510 ) 
4 397 399 (2048 -14178 -510 ) (2048 -14178 -96 ) (1024 -14178 -96 ) (1024 -14178 -510 ) 
4 397 398 (2048 -14178 -510 ) (1024 -14178 -510 ) (1024 -13312 -510 ) (2048 -13312 -510 ) 
4 398 539 (1024 -13312 -510 ) (1024 -13312 -511.842987 ) (1024 -14178 -511.842987 ) (1024 -14178 -510 ) 
4 398 399 (1024 -14178 -511.842987 ) (2048 -14178 -511.842987 ) (2048 -14178 -510 ) (1024 -14178 -510 ) 
4 399 540 (1024 -14336 -511.842987 ) (1024 -14336 -96 ) (1024 -14178 -96 ) (1024 -14178 -511.842987 ) 
4 399 453 (1024 -14336 -96 ) (1024 -14336 -511.842987 ) (2048 -14336 -511.842987 ) (2048 -14336 -96 ) 
4 400 429 (4034 -14981.400391 358 ) (4034 -14982 358 ) (4030 -14982 358 ) (4030 -14981.400391 358 ) 
4 400 404 (4030 -14336 358 ) (4034 -14336 358 ) (4034 -14981.400391 358 ) (4030 -14981.400391 358 ) 
4 400 403 (4030 -14982 358 ) (4034 -14982 358 ) (4034 -14982 14974.799805 ) (4030 -14982 14974.799805 ) 
4 400 401 (4030 -14982 12766 ) (4030 -14982 14974.799805 ) (4030 -14336 14974.799805 ) (4030 -14336 12766 ) 
4 400 402 (4030 -14336 358 ) (4030 -14982 358 ) (4030 -14982 12764 ) (4030 -14336 12764 ) 
4 401 434 (3072 -14813.400391 12766 ) (3072 -14982 12766 ) (3072 -14982 14974.799805 ) (3072 -14813.400391 14974.799805 ) 
4 401 430 (3072 -14336 14974.799805 ) (3072 -14336 12766 ) (3072 -14813.400391 12766 ) (3072 -14813.400391 14974.799805 ) 
4 401 403 (4030 -14982 12766 ) (4030 -14982 14974.799805 ) (3072 -14982 14974.799805 ) (3072 -14982 12766 ) 
4 402 435 (3072 -14813.400391 358 ) (3072 -14982 358 ) (3072 -14982 12764 ) (3072 -14813.400391 12764 ) 
4 402 433 (3072 -14729.400391 358 ) (3072 -14813.400391 358 ) (3072 -14813.400391 12764 ) (3072 -14729.400391 12764 ) 
4 402 431 (3072 -14336 12764 ) (3072 -14336 358 ) (3072 -14729.400391 358 ) (3072 -14729.400391 12764 ) 
4 402 429 (3072 -14982 358 ) (3072 -14981.400391 358 ) (4030 -14981.400391 358 ) (4030 -14982 358 ) 
4 402 418 (3470.363037 -14813.400391 358 ) (3749.870117 -14813.400391 358 ) (3749.870117 -14897.401367 358 ) (3470.363037 -14897.401367 358 ) 
4 402 417 (3749.870117 -14813.400391 358 ) (3843.040039 -14813.400391 358 ) (3843.040039 -14897.401367 358 ) (3749.870117 -14897.401367 358 ) 
4 402 416 (3072 -14897.401367 358 ) (3072 -14813.400391 358 ) (3470.363037 -14813.400391 358 ) (3470.363037 -14897.401367 358 ) 
4 402 415 (3072 -14813.400391 358 ) (3072 -14729.400391 358 ) (3749.870117 -14729.400391 358 ) (3749.870117 -14813.400391 358 ) 
4 402 413 (3072 -14729.400391 358 ) (3072 -14336 358 ) (3749.870117 -14336 358 ) (3749.870117 -14729.400391 358 ) 
4 402 411 (3843.040039 -14729.400391 358 ) (3843.040039 -14813.400391 358 ) (3749.870117 -14813.400391 358 ) (3749.870117 -14729.400391 358 ) 
4 402 409 (3749.870117 -14336 358 ) (3843.040039 -14336 358 ) (3843.040039 -14729.400391 358 ) (3749.870117 -14729.400391 358 ) 
4 402 408 (3843.040039 -14897.401367 358 ) (3843.040039 -14813.400391 358 ) (3936.199951 -14813.400391 358 ) (3936.199951 -14897.401367 358 ) 
4 402 407 (3936.199951 -14813.400391 358 ) (3843.040039 -14813.400391 358 ) (3843.040039 -14729.400391 358 ) (3936.199951 -14729.400391 358 ) 
4 402 406 (3843.040039 -14336 358 ) (3936.199951 -14336 358 ) (3936.199951 -14729.400391 358 ) (3843.040039 -14729.400391 358 ) 
4 402 404 (4029.389893 -14336 358 ) (4030 -14336 358 ) (4030 -14981.400391 358 ) (4029.389893 -14981.400391 358 ) 
4 402 403 (3072 -14982 358 ) (4030 -14982 358 ) (4030 -14982 12764 ) (3072 -14982 12764 ) 
4 403 436 (3072 -14982 358 ) (3072 -14989 358 ) (3072 -14989 14974.799805 ) (3072 -14982 14974.799805 ) 
4 403 429 (3072 -14989 358 ) (3072 -14982 358 ) (4034 -14982 358 ) (4034 -14989 358 ) 
4 404 429 (4029.389893 -14981.400391 -511.842987 ) (4034 -14981.400391 -511.842987 ) (4034 -14981.400391 358 ) (4029.389893 -14981.400391 358 ) 
4 404 421 (4029.389893 -14981.400391 -42 ) (4029.389893 -14981.400391 166 ) (4029.389893 -14813.400391 166 ) (4029.389893 -14813.400391 -42 ) 
4 404 420 (4029.389893 -14729.400391 165.997879 ) (4029.389893 -14336 16.131075 ) (4029.389893 -14336 -42 ) (4029.389893 -14729.400391 -42 ) 
3 404 405 (4029.389893 -14336 166 ) (4029.389893 -14336 16.131075 ) (4029.389893 -14729.406250 166 ) 
4 404 428 (4029.389893 -14336 -511.842987 ) (4029.389893 -14981.400391 -511.842987 ) (4029.389893 -14981.400391 -42 ) (4029.389893 -14336 -42 ) 
4 405 420 (4029.389893 -14336 16.131695 ) (4029.389893 -14729.400391 165.998566 ) (3843.040039 -14729.400391 165.998566 ) (3843.040039 -14336 16.131767 ) 
4 406 409 (3843.040039 -14729.400391 358 ) (3843.040039 -14336 358 ) (3843.040039 -14336 325.998993 ) (3843.040039 -14729.400391 325.998993 ) 
3 406 407 (3843.040039 -14729.400391 358 ) (3843.040039 -14729.400391 325.998962 ) (3936.199951 -14729.400391 358 ) 
4 407 411 (3843.040039 -14813.400391 325.998962 ) (3843.040039 -14813.400391 358 ) (3843.040039 -14729.400391 358 ) (3843.040039 -14729.400391 325.998993 ) 
3 407 408 (3843.040039 -14813.400391 358 ) (3843.040039 -14813.400391 325.998993 ) (3936.199951 -14813.400391 358 ) 
3 408 417 (3843.040039 -14897.401367 358 ) (3843.040039 -14813.400391 358 ) (3843.040039 -14813.400391 325.998993 ) 
4 409 413 (3749.870117 -14729.400391 294 ) (3749.870117 -14729.400391 358 ) (3749.870117 -14336 358 ) (3749.870117 -14336 294 ) 
4 409 411 (3749.870117 -14729.400391 358 ) (3749.870117 -14729.400391 294 ) (3843.040039 -14729.400391 326.001007 ) (3843.040039 -14729.400391 358 ) 
4 410 413 (3749.870117 -14336 166 ) (3749.870117 -14729.400391 166 ) (3749.870117 -14729.400391 262.001007 ) (3749.870117 -14336 262 ) 
4 410 412 (3749.870117 -14729.400391 262 ) (3749.870117 -14729.400391 166 ) (3843.040039 -14729.400391 198 ) (3843.040039 -14729.400391 230 ) 
4 411 417 (3843.040039 -14813.400391 326.001007 ) (3843.040039 -14813.400391 358 ) (3749.870117 -14813.400391 358 ) (3749.870117 -14813.400391 326 ) 
4 411 415 (3749.870117 -14813.400391 326 ) (3749.870117 -14813.400391 358 ) (3749.870117 -14729.400391 358 ) (3749.870117 -14729.400391 294 ) 
5 412 414 (3749.870117 -14729.400391 166 ) (3749.870117 -14729.405273 166 ) (3749.870117 -14813.400391 197.998154 ) (3749.870117 -14813.400391 230.001129 ) (3749.870117 -14729.400391 262 ) 
4 413 431 (3072 -14336 358 ) (3072 -14336 16.131599 ) (3072 -14729.400391 165.998413 ) (3072 -14729.400391 358 ) 
4 413 426 (3072 -14729.400391 165.998871 ) (3072 -14419.892578 48.091301 ) (3406.571777 -14419.893555 48.091270 ) (3749.865723 -14729.400391 165.998505 ) 
4 413 425 (3072 -14419.892578 48.091301 ) (3072 -14336 16.132067 ) (3313.520508 -14336 16.131973 ) (3406.571777 -14419.893555 48.091270 ) 
3 413 419 (3749.870117 -14729.405273 166 ) (3313.519287 -14336 16.131227 ) (3749.870117 -14336 166 ) 
4 413 415 (3749.870117 -14729.400391 294 ) (3749.870117 -14729.400391 358 ) (3072 -14729.400391 358 ) (3072 -14729.400391 294 ) 
5 413 414 (3072 -14729.400391 165.998413 ) (3749.864746 -14729.400391 165.998154 ) (3749.870117 -14729.400391 166 ) (3749.870117 -14729.400391 262.001038 ) (3072 -14729.400391 262.001556 ) 
4 414 432 (3072 -14729.400391 165.998413 ) (3072 -14813.400391 197.998413 ) (3072 -14813.400391 230.001343 ) (3072 -14729.400391 262.001556 ) 
4 415 433 (3072 -14813.400391 326 ) (3072 -14813.400391 358 ) (3072 -14729.400391 358 ) (3072 -14729.400391 294 ) 
4 415 418 (3749.870117 -14813.400391 326 ) (3749.870117 -14813.400391 358 ) (3470.363281 -14813.400391 358 ) (3563.533447 -14813.400391 326 ) 
4 415 416 (3470.363281 -14813.400391 358 ) (3072 -14813.400391 358 ) (3072 -14813.400391 326 ) (3563.533447 -14813.400391 326 ) 
3 416 437 (3072 -14897.401367 358 ) (3072 -14813.400391 358 ) (3072 -14813.400391 326 ) 
3 416 418 (3563.532959 -14813.400391 326 ) (3470.362305 -14813.400391 358 ) (3470.362305 -14897.401367 358 ) 
3 417 418 (3749.870117 -14813.400391 358 ) (3749.870117 -14813.400391 326 ) (3749.870117 -14897.401367 358 ) 
3 419 426 (3749.870117 -14419.893555 48.091263 ) (3749.870117 -14729.404297 166 ) (3406.571777 -14419.893555 48.091263 ) 
4 419 425 (3313.520508 -14336 16.131973 ) (3749.870117 -14336 16.131804 ) (3749.870117 -14419.893555 48.091263 ) (3406.571777 -14419.893555 48.091263 ) 
4 420 428 (3843.040039 -14336 -42 ) (4029.389893 -14336 -42 ) (4029.389893 -14729.400391 -42 ) (3843.040039 -14729.400391 -42 ) 
4 421 429 (4029.389893 -14981.400391 -42 ) (4029.389893 -14981.400391 166 ) (3843.040039 -14981.400391 166 ) (3843.040039 -14981.400391 -42 ) 
4 421 428 (4029.389893 -14813.400391 -42 ) (4029.389893 -14981.400391 -42 ) (3843.040039 -14981.400391 -42 ) (3843.040039 -14813.400391 -42 ) 
5 422 427 (3749.870117 -14981.400391 166.001160 ) (3749.870117 -14855.403320 214 ) (3749.870117 -14813.400391 197.998932 ) (3749.870117 -14813.400391 166 ) (3749.870117 -14981.400391 166 ) 
4 423 441 (3072 -14729.400391 36.362309 ) (3072 -14729.400391 114.006470 ) (3072 -14711.318359 107.226707 ) (3072 -14621.804688 40.439713 ) 
3 423 440 (3072 -14729.400391 114.006470 ) (3072 -14729.400391 120.717865 ) (3072 -14711.318359 107.226707 ) 
4 423 439 (3072 -14511.312500 -42 ) (3072 -14729.400391 -42 ) (3072 -14729.400391 36.362309 ) (3072 -14621.804688 40.439713 ) 
4 423 425 (3749.870117 -14621.807617 40.439590 ) (3749.870117 -14511.314453 -42 ) (3072 -14511.314453 -42 ) (3072 -14621.807617 40.439594 ) 
4 423 424 (3072 -14729.400391 120.715576 ) (3749.870117 -14729.400391 120.715385 ) (3749.870117 -14660.489258 69.300278 ) (3072 -14660.489258 69.300407 ) 
4 423 428 (3749.870117 -14511.312500 -42 ) (3749.870117 -14729.400391 -42 ) (3072 -14729.400391 -42 ) (3072 -14511.312500 -42 ) 
3 424 442 (3072 -14660.498047 69.309090 ) (3072 -14711.318359 107.226761 ) (3072 -14688.798828 98.783287 ) 
4 424 440 (3072 -14711.318359 107.226761 ) (3072 -14729.400391 120.717865 ) (3072 -14729.400391 141.068314 ) (3072 -14688.798828 98.783287 ) 
4 424 426 (3072 -14688.796875 98.782425 ) (3072 -14729.400391 141.069382 ) (3749.870117 -14729.400391 141.069870 ) (3749.870117 -14688.796875 98.782578 ) 
5 425 439 (3072 -14336 16.131599 ) (3072 -14336 -42 ) (3072 -14511.312500 -42 ) (3072 -14621.804688 40.439724 ) (3072 -14419.893555 48.091232 ) 
4 425 426 (3749.870117 -14541.329102 43.489468 ) (3749.870117 -14419.894531 48.091290 ) (3072 -14419.893555 48.091312 ) (3072 -14541.329102 43.489456 ) 
4 425 428 (3072 -14336 -42 ) (3749.870117 -14336 -42 ) (3749.870117 -14511.312500 -42 ) (3072 -14511.312500 -42 ) 
5 426 440 (3072 -14688.798828 98.783287 ) (3072 -14729.400391 141.068314 ) (3072 -14729.400391 165.998428 ) (3072 -14419.893555 48.091232 ) (3072 -14541.328125 43.489414 ) 
5 427 444 (3072 -14813.400391 -42 ) (3072 -14981.400391 -42 ) (3072 -14981.400391 166.001495 ) (3072 -14855.404297 214 ) (3072 -14813.400391 197.998428 ) 
4 427 429 (3072 -14981.400391 166.001480 ) (3072 -14981.400391 -42 ) (3749.870117 -14981.400391 -42 ) (3749.870117 -14981.400391 166.001083 ) 
4 427 428 (3749.870117 -14813.400391 -42 ) (3749.870117 -14981.400391 -42 ) (3072 -14981.400391 -42 ) (3072 -14813.400391 -42 ) 
4 428 444 (3072 -14813.400391 -511.842987 ) (3072 -14981.400391 -511.842987 ) (3072 -14981.400391 -42 ) (3072 -14813.400391 -42 ) 
4 428 443 (3072 -14729.400391 -511.842987 ) (3072 -14813.400391 -511.842987 ) (3072 -14813.400391 -42 ) (3072 -14729.400391 -42 ) 
4 428 439 (3072 -14336 -42 ) (3072 -14336 -511.842987 ) (3072 -14729.400391 -511.842987 ) (3072 -14729.400391 -42 ) 
4 428 429 (3072 -14981.400391 -511.842987 ) (4029.389893 -14981.400391 -511.842987 ) (4029.389893 -14981.400391 -42 ) (3072 -14981.400391 -42 ) 
4 429 445 (3072 -14981.400391 -511.842987 ) (3072 -14989 -511.842987 ) (3072 -14989 264.893524 ) (3072 -14981.400391 261.998352 ) 
4 429 438 (3072 -14989 264.893524 ) (3072 -14989 358 ) (3072 -14981.400391 358 ) (3072 -14981.400391 261.998352 ) 
4 430 446 (2048 -14336 14974.799805 ) (2048 -14336 12766 ) (2048 -14813.400391 12766 ) (2048 -14813.400391 14974.799805 ) 
4 430 434 (3072 -14813.400391 12766 ) (3072 -14813.400391 14974.799805 ) (2048 -14813.400391 14974.799805 ) (2048 -14813.400391 12766 ) 
5 431 450 (2048 -14336 12764 ) (2048 -14336 51.270535 ) (2048 -14419.892578 48.091286 ) (2048 -14729.400391 165.998917 ) (2048 -14729.400391 12764 ) 
3 431 447 (2048 -14336 51.270535 ) (2048 -14336 16.132097 ) (2048 -14419.892578 48.091286 ) 
4 431 440 (2048 -14729.400391 166 ) (2048 -14419.891602 48.091343 ) (3072 -14419.892578 48.091290 ) (3072 -14729.400391 165.998993 ) 
4 431 439 (2048 -14419.891602 48.091343 ) (2048 -14336 16.132536 ) (3072 -14336 16.132153 ) (3072 -14419.892578 48.091290 ) 
4 431 433 (3072 -14729.400391 294 ) (3072 -14729.400391 12764 ) (2048 -14729.400391 12764 ) (2048 -14729.400391 294 ) 
4 431 432 (2048 -14729.400391 165.998734 ) (3072 -14729.400391 165.998352 ) (3072 -14729.400391 262.001617 ) (2048 -14729.400391 262.001984 ) 
4 432 451 (2048 -14729.400391 165.998917 ) (2048 -14813.400391 197.998917 ) (2048 -14813.400391 230.002258 ) (2048 -14729.400391 262.002167 ) 
4 433 452 (2048 -14813.400391 326 ) (2048 -14813.400391 12764 ) (2048 -14729.400391 12764 ) (2048 -14729.400391 294 ) 
4 433 437 (3072 -14813.400391 326 ) (3072 -14813.400391 358 ) (2048 -14813.400391 358 ) (2048 -14813.400391 326 ) 
4 433 435 (3072 -14813.400391 358 ) (3072 -14813.400391 12764 ) (2048 -14813.400391 12764 ) (2048 -14813.400391 358 ) 
4 434 454 (2048 -14982 14974.799805 ) (2048 -14813.400391 14974.799805 ) (2048 -14813.400391 12766 ) (2048 -14982 12766 ) 
4 434 436 (3072 -14982 12766 ) (3072 -14982 14974.799805 ) (2048 -14982 14974.799805 ) (2048 -14982 12766 ) 
4 435 455 (2048 -14813.400391 12764 ) (2048 -14813.400391 358 ) (2048 -14982 358 ) (2048 -14982 12764 ) 
4 435 437 (2048 -14897.401367 358 ) (2048 -14813.400391 358 ) (3072 -14813.400391 358 ) (3072 -14897.401367 358 ) 
4 435 438 (2048 -14982 358 ) (2048 -14981.400391 358 ) (3072 -14981.400391 358 ) (3072 -14982 358 ) 
4 435 436 (2048 -14982 358 ) (3072 -14982 358 ) (3072 -14982 12764 ) (2048 -14982 12764 ) 
4 436 456 (2048 -14989 358 ) (2048 -14989 14974.799805 ) (2048 -14982 14974.799805 ) (2048 -14982 358 ) 
4 436 438 (3072 -14989 358 ) (2048 -14989 358 ) (2048 -14982 358 ) (3072 -14982 358 ) 
3 437 458 (2048 -14897.401367 358 ) (2048 -14813.400391 358 ) (2048 -14813.400391 326 ) 
4 438 459 (2048 -14981.400391 261.998932 ) (2048 -14989 264.894012 ) (2048 -14989 358 ) (2048 -14981.400391 358 ) 
4 438 445 (2048 -14989 264.894501 ) (2048 -14981.400391 262 ) (3072 -14981.400391 262 ) (3072 -14989 264.894104 ) 
4 439 453 (2048 -14336 -42 ) (2048 -14336 -511.842987 ) (2048 -14729.400391 -511.842987 ) (2048 -14729.400391 -42 ) 
5 439 447 (2048 -14336 16.132097 ) (2048 -14336 -42 ) (2048 -14729.400391 -42 ) (2048 -14729.400391 36.362282 ) (2048 -14419.892578 48.091282 ) 
4 439 443 (2048 -14729.400391 -511.842987 ) (3072 -14729.400391 -511.842987 ) (3072 -14729.400391 -42 ) (2048 -14729.400391 -42 ) 
4 439 441 (2048 -14621.804688 40.439877 ) (2048 -14729.400391 36.362457 ) (3072 -14729.400391 36.362457 ) (3072 -14621.805664 40.439850 ) 
4 439 440 (3072 -14419.894531 48.091396 ) (2048 -14419.893555 48.091431 ) (2048 -14541.329102 43.489536 ) (3072 -14541.329102 43.489544 ) 
5 440 450 (2048 -14729.400391 141.067780 ) (2048 -14729.400391 165.998917 ) (2048 -14419.892578 48.091282 ) (2048 -14541.329102 43.489376 ) (2048 -14688.798828 98.783295 ) 
4 440 449 (2048 -14729.400391 120.717636 ) (2048 -14729.400391 141.067780 ) (2048 -14688.798828 98.783295 ) (2048 -14711.318359 107.226898 ) 
3 440 448 (2048 -14729.400391 114.006592 ) (2048 -14729.400391 120.717636 ) (2048 -14711.318359 107.226898 ) 
4 440 442 (2048 -14711.319336 107.227158 ) (2048 -14688.799805 98.783669 ) (3072 -14688.797852 98.782921 ) (3072 -14711.319336 107.227211 ) 
4 440 441 (3072 -14729.400391 114.006775 ) (2048 -14729.400391 114.006714 ) (2048 -14711.319336 107.227158 ) (3072 -14711.319336 107.227211 ) 
4 441 448 (2048 -14729.400391 36.362282 ) (2048 -14729.400391 114.006592 ) (2048 -14711.318359 107.226898 ) (2048 -14621.804688 40.439713 ) 
4 441 442 (2048 -14660.498047 69.308319 ) (2048 -14711.320313 107.227554 ) (3072 -14711.321289 107.227974 ) (3072 -14660.493164 69.304932 ) 
3 442 449 (2048 -14711.318359 107.226898 ) (2048 -14688.798828 98.783295 ) (2048 -14660.500977 69.311607 ) 
4 443 453 (2048 -14729.400391 -511.842987 ) (2048 -14813.400391 -511.842987 ) (2048 -14813.400391 -42 ) (2048 -14729.400391 -42 ) 
4 443 444 (2048 -14813.400391 -511.842987 ) (3072 -14813.400391 -511.842987 ) (3072 -14813.400391 -42 ) (2048 -14813.400391 -42 ) 
5 444 457 (2048 -14813.400391 -511.842987 ) (2048 -14981.400391 -511.842987 ) (2048 -14981.400391 166.001984 ) (2048 -14855.404297 214 ) (2048 -14813.400391 197.998917 ) 
4 444 445 (2048 -14981.400391 -511.842987 ) (3072 -14981.400391 -511.842987 ) (3072 -14981.400391 166.001434 ) (2048 -14981.400391 166.001862 ) 
4 445 459 (2048 -14981.400391 -511.842987 ) (2048 -14989 -511.842987 ) (2048 -14989 264.894012 ) (2048 -14981.400391 261.998932 ) 
4 446 570 (1024 -14813.400391 12766 ) (1024 -14813.400391 14974.799805 ) (1024 -14336 14974.799805 ) (1024 -14336 12766 ) 
4 446 454 (2048 -14813.400391 12766 ) (2048 -14813.400391 14974.799805 ) (1024 -14813.400391 14974.799805 ) (1024 -14813.400391 12766 ) 
4 447 573 (1024 -14336 51.270325 ) (1024 -14336 -42 ) (1024 -14511.310547 -42 ) (1024 -14621.803711 40.439735 ) 
4 447 572 (1024 -14511.310547 -42 ) (1024 -14553.621094 -42 ) (1024 -14632.394531 40.038376 ) (1024 -14621.803711 40.439735 ) 
4 447 571 (1024 -14553.621094 -42 ) (1024 -14729.400391 -42 ) (1024 -14729.400391 36.362297 ) (1024 -14632.394531 40.038376 ) 
4 447 453 (1024 -14729.400391 -42 ) (1024 -14336 -42 ) (2048 -14336 -42 ) (2048 -14729.400391 -42 ) 
4 447 450 (2048 -14336 51.270634 ) (1024 -14336 51.270634 ) (1024 -14541.302734 43.490547 ) (2048 -14541.301758 43.490570 ) 
4 447 448 (1024 -14621.804688 40.439877 ) (1024 -14729.400391 36.362457 ) (2048 -14729.400391 36.362457 ) (2048 -14621.804688 40.439861 ) 
3 448 572 (1024 -14621.804688 40.439678 ) (1024 -14632.393555 40.038399 ) (1024 -14660.502930 69.312370 ) 
4 448 571 (1024 -14632.393555 40.038399 ) (1024 -14729.400391 36.362297 ) (1024 -14729.400391 120.717583 ) (1024 -14660.502930 69.312370 ) 
4 448 449 (1024 -14660.502930 69.312553 ) (1024 -14729.400391 120.717606 ) (2048 -14729.400391 120.717308 ) (2048 -14660.498047 69.308876 ) 
3 449 571 (1024 -14660.502930 69.312370 ) (1024 -14729.400391 120.717583 ) (1024 -14729.400391 141.066559 ) 
4 449 450 (1024 -14688.786133 98.769547 ) (1024 -14729.400391 141.067917 ) (2048 -14729.400391 141.068649 ) (2048 -14688.784180 98.768883 ) 
6 450 574 (1024 -14729.400391 12764 ) (1024 -14336 12764 ) (1024 -14336 51.270325 ) (1024 -14541.301758 43.490353 ) (1024 -14688.788086 98.770187 ) (1024 -14729.400391 141.066559 ) 
4 450 452 (2048 -14729.400391 294 ) (2048 -14729.400391 12764 ) (1024 -14729.400391 12764 ) (1024 -14729.400391 294 ) 
4 450 451 (2048 -14729.400391 165.998596 ) (2048 -14729.400391 262.001862 ) (1024 -14729.400391 262.002655 ) (1024 -14729.400391 166 ) 
4 451 575 (1024 -14813.400391 198 ) (1024 -14813.400391 230.002640 ) (1024 -14729.400391 262.002899 ) (1024 -14729.400391 166 ) 
4 452 576 (1024 -14813.400391 326 ) (1024 -14813.400391 12764 ) (1024 -14729.400391 12764 ) (1024 -14729.400391 294 ) 
4 452 458 (2048 -14813.400391 326 ) (2048 -14813.400391 358 ) (1024 -14813.400391 358 ) (1024 -14813.400391 326 ) 
4 452 455 (2048 -14813.400391 358 ) (2048 -14813.400391 12764 ) (1024 -14813.400391 12764 ) (1024 -14813.400391 358 ) 
4 453 577 (1024 -14813.400391 -511.842987 ) (1024 -14813.400391 -42 ) (1024 -14336 -42 ) (1024 -14336 -511.842987 ) 
4 453 457 (2048 -14813.400391 -511.842987 ) (2048 -14813.400391 -42 ) (1024 -14813.400391 -42 ) (1024 -14813.400391 -511.842987 ) 
4 454 578 (1024 -14982 14974.799805 ) (1024 -14813.400391 14974.799805 ) (1024 -14813.400391 12766 ) (1024 -14982 12766 ) 
4 454 456 (2048 -14982 12766 ) (2048 -14982 14974.799805 ) (1024 -14982 14974.799805 ) (1024 -14982 12766 ) 
4 455 579 (1024 -14813.400391 12764 ) (1024 -14813.400391 358 ) (1024 -14982 358 ) (1024 -14982 12764 ) 
4 455 458 (1024 -14897.401367 358 ) (1024 -14813.400391 358 ) (2048 -14813.400391 358 ) (2048 -14897.401367 358 ) 
4 455 459 (1024 -14982 358 ) (1024 -14981.400391 358 ) (2048 -14981.400391 358 ) (2048 -14982 358 ) 
4 455 456 (1024 -14982 358 ) (2048 -14982 358 ) (2048 -14982 12764 ) (1024 -14982 12764 ) 
4 456 580 (1024 -14989 14974.799805 ) (1024 -14982 14974.799805 ) (1024 -14982 358 ) (1024 -14989 358 ) 
4 456 459 (2048 -14989 358 ) (1024 -14989 358 ) (1024 -14982 358 ) (2048 -14982 358 ) 
5 457 581 (1024 -14813.400391 197.998154 ) (1024 -14813.400391 -511.842987 ) (1024 -14981.400391 -511.842987 ) (1024 -14981.400391 166.002655 ) (1024 -14855.405273 214 ) 
4 457 459 (1024 -14981.400391 -511.842987 ) (2048 -14981.400391 -511.842987 ) (2048 -14981.400391 166.002106 ) (1024 -14981.400391 166.002640 ) 
3 458 582 (1024 -14813.400391 358 ) (1024 -14813.400391 326 ) (1024 -14897.401367 358 ) 
4 459 583 (1024 -14981.400391 -511.842987 ) (1024 -14989 -511.842987 ) (1024 -14989 358 ) (1024 -14981.400391 358 ) 
4 460 467 (1024 -10240 12766 ) (1024 -10240 14974.799805 ) (0 -10240 14974.799805 ) (0 -10240 12766 ) 
4 460 462 (0 -9216 14974.799805 ) (0 -9216 12766 ) (0 -10240 12766 ) (0 -10240 14974.799805 ) 
4 461 472 (1024 -10240 -511.842987 ) (1024 -10240 -510 ) (468.477264 -10240 -510 ) (468.477264 -10240 -511.842987 ) 
4 461 470 (1024 -10240 -510 ) (1024 -10240 -96 ) (468.477295 -10240 -96 ) (468.477264 -10240 -510 ) 
4 461 469 (468.477295 -10240 -96 ) (0 -10240 -96 ) (0 -10240 -511.842987 ) (468.477264 -10240 -511.842987 ) 
4 461 468 (1024 -10240 -96 ) (1024 -10240 12764 ) (0 -10240 12764 ) (0 -10240 -96 ) 
4 461 463 (0 -9216 12764 ) (0 -9216 -511.842987 ) (0 -10240 -511.842987 ) (0 -10240 12764 ) 
4 462 494 (-1024 -9216 14974.799805 ) (-1024 -9216 12766 ) (-1024 -10240 12766 ) (-1024 -10240 14974.799805 ) 
4 462 473 (0 -10240 12766 ) (0 -10240 14974.799805 ) (-1024 -10240 14974.799805 ) (-1024 -10240 12766 ) 
4 463 478 (0 -10240 -511.842987 ) (0 -10240 -96 ) (-990.320007 -10240 -96 ) (-990.320007 -10240 -511.842987 ) 
4 463 474 (0 -10240 -96 ) (0 -10240 12764 ) (-990.320007 -10240 12764 ) (-990.320007 -10240 -96 ) 
4 463 465 (-990.320007 -10240 294 ) (-990.320007 -10240 12764 ) (-990.320007 -9216 12764 ) (-990.320007 -9216 294 ) 
4 463 464 (-990.320007 -10240 166 ) (-990.320007 -10240 262 ) (-990.320007 -9216 262 ) (-990.320007 -9216 166 ) 
4 463 466 (-990.320007 -9216 -511.842987 ) (-990.320007 -10240 -511.842987 ) (-990.320007 -10240 -42 ) (-990.320007 -9216 -42 ) 
4 464 495 (-1024 -9216 250.431885 ) (-1024 -9216 177.567749 ) (-1024 -10240 177.567703 ) (-1024 -10240 250.431961 ) 
4 464 475 (-1024 -10240 250.431885 ) (-1024 -10240 177.567749 ) (-990.320007 -10240 166 ) (-990.320007 -10240 262 ) 
4 465 496 (-1024 -9216 12764 ) (-1024 -9216 305.567841 ) (-1024 -10240 305.567657 ) (-1024 -10240 12764 ) 
4 465 476 (-990.320007 -10240 12764 ) (-1024 -10240 12764 ) (-1024 -10240 305.567841 ) (-990.320007 -10240 294 ) 
4 466 497 (-1024 -9216 -42 ) (-1024 -9216 -511.842987 ) (-1024 -10240 -511.842987 ) (-1024 -10240 -42 ) 
4 466 478 (-1024 -10240 -96 ) (-1024 -10240 -511.842987 ) (-990.320007 -10240 -511.842987 ) (-990.320007 -10240 -96 ) 
4 466 477 (-1024 -10240 -42 ) (-1024 -10240 -96 ) (-990.320007 -10240 -96 ) (-990.320007 -10240 -42 ) 
4 467 481 (1024 -11264 12766 ) (1024 -11264 14974.799805 ) (0 -11264 14974.799805 ) (0 -11264 12766 ) 
4 467 473 (0 -11264 12766 ) (0 -11264 14974.799805 ) (0 -10240 14974.799805 ) (0 -10240 12766 ) 
4 468 482 (1024 -11264 -96 ) (1024 -11264 12764 ) (0 -11264 12764 ) (0 -11264 -96 ) 
4 468 474 (0 -11264 -96 ) (0 -11264 12764 ) (0 -10240 12764 ) (0 -10240 -96 ) 
5 468 471 (1024 -11264 -96 ) (0 -11264 -96 ) (0 -10785.405273 -96 ) (54.462124 -10722 -96 ) (1024 -10722 -96 ) 
4 468 470 (54.462124 -10722 -96 ) (468.477264 -10240 -96 ) (1024 -10240 -96 ) (1024 -10722 -96 ) 
3 468 469 (0 -10785.405273 -96 ) (0 -10240 -96 ) (468.477264 -10240 -96 ) 
4 469 478 (0 -10785.405273 -511.842987 ) (0 -10785.405273 -96 ) (0 -10240 -96 ) (0 -10240 -511.842987 ) 
4 469 472 (0 -10785.405273 -510 ) (0 -10785.405273 -511.842987 ) (468.477356 -10240 -511.842987 ) (468.477356 -10240 -510 ) 
4 469 471 (54.462132 -10722 -96 ) (0 -10785.405273 -96 ) (0 -10785.405273 -510 ) (54.462135 -10722 -510 ) 
4 469 470 (468.477356 -10240 -96 ) (54.462132 -10722 -96 ) (54.462135 -10722 -510 ) (468.477356 -10240 -510 ) 
4 470 472 (54.463017 -10722 -510 ) (468.478577 -10240 -510 ) (1024 -10240 -510 ) (1024 -10722 -510 ) 
4 470 471 (54.463039 -10722 -96 ) (54.463039 -10722 -510 ) (1024 -10722 -510 ) (1024 -10722 -96 ) 
4 471 483 (1024 -11264 -510 ) (1024 -11264 -96 ) (0 -11264 -96 ) (0 -11264 -510 ) 
4 471 479 (0 -11264 -510 ) (0 -11264 -96 ) (0 -10785.405273 -96 ) (0 -10785.405273 -510 ) 
5 471 472 (1024 -11264 -510 ) (0 -11264 -510 ) (0 -10785.406250 -510 ) (54.463017 -10722 -510 ) (1024 -10722 -510 ) 
4 472 484 (1024 -11264 -511.842987 ) (1024 -11264 -510 ) (0 -11264 -510 ) (0 -11264 -511.842987 ) 
4 472 480 (0 -11264 -511.842987 ) (0 -11264 -510 ) (0 -10785.405273 -510 ) (0 -10785.405273 -511.842987 ) 
4 473 504 (-1024 -11264 12766 ) (-1024 -11264 14974.799805 ) (-1024 -10240 14974.799805 ) (-1024 -10240 12766 ) 
4 473 485 (-1024 -11264 14974.799805 ) (-1024 -11264 12766 ) (0 -11264 12766 ) (0 -11264 14974.799805 ) 
4 474 486 (-990.320007 -11264 -96 ) (0 -11264 -96 ) (0 -11264 12764 ) (-990.320007 -11264 12764 ) 
3 474 479 (0 -10785.405273 -96 ) (0 -11264 -96 ) (-411.090210 -11264 -96 ) 
5 474 478 (-990.320007 -10240 -96 ) (0 -10240 -96 ) (0 -10785.405273 -96 ) (-411.090210 -11264 -96 ) (-990.320007 -11264 -96 ) 
4 474 476 (-990.320007 -11264 294 ) (-990.320007 -11264 12764 ) (-990.320007 -10240 12764 ) (-990.320007 -10240 294 ) 
4 474 475 (-990.320007 -11264 166 ) (-990.320007 -11264 262 ) (-990.320007 -10240 262 ) (-990.320007 -10240 166 ) 
4 474 477 (-990.320007 -10240 -96 ) (-990.320007 -11264 -96 ) (-990.320007 -11264 -42 ) (-990.320007 -10240 -42 ) 
4 475 505 (-1024 -11264 177.567703 ) (-1024 -11264 250.431961 ) (-1024 -10240 250.431885 ) (-1024 -10240 177.567749 ) 
4 475 487 (-1024 -11264 250.431885 ) (-1024 -11264 177.567749 ) (-990.320007 -11264 166 ) (-990.320007 -11264 262 ) 
4 476 506 (-1024 -11264 305.567657 ) (-1024 -11264 12764 ) (-1024 -10240 12764 ) (-1024 -10240 305.567841 ) 
4 476 488 (-1024 -11264 12764 ) (-1024 -11264 305.567841 ) (-990.320007 -11264 294 ) (-990.320007 -11264 12764 ) 
4 477 507 (-1024 -11264 -96 ) (-1024 -11264 -42 ) (-1024 -10240 -42 ) (-1024 -10240 -96 ) 
4 477 489 (-1024 -11264 -42 ) (-1024 -11264 -96 ) (-990.320007 -11264 -96 ) (-990.320007 -11264 -42 ) 
4 477 478 (-1024 -10240 -96 ) (-990.320007 -10240 -96 ) (-990.320007 -11264 -96 ) (-1024 -11264 -96 ) 
4 478 507 (-1024 -11264 -511.842987 ) (-1024 -11264 -96 ) (-1024 -10240 -96 ) (-1024 -10240 -511.842987 ) 
4 478 490 (-1024 -11264 -96 ) (-1024 -11264 -511.842987 ) (-411.090271 -11264 -511.842987 ) (-411.090240 -11264 -96 ) 
4 478 480 (0 -10785.405273 -511.842987 ) (0 -10785.405273 -510 ) (-411.090210 -11264 -510 ) (-411.090210 -11264 -511.842987 ) 
4 478 479 (0 -10785.405273 -510 ) (0 -10785.405273 -96 ) (-411.090210 -11264 -96 ) (-411.090210 -11264 -510 ) 
4 479 491 (0 -11264 -510 ) (0 -11264 -96 ) (-411.090240 -11264 -96 ) (-411.090271 -11264 -510 ) 
3 479 480 (-411.089386 -11264 -510 ) (0 -10785.406250 -510 ) (0 -11264 -510 ) 
4 480 493 (0 -11264 -511.842987 ) (0 -11264 -510 ) (-411.090271 -11264 -510 ) (-411.090271 -11264 -511.842987 ) 
4 481 524 (1024 -12288 12766 ) (1024 -12288 14974.799805 ) (0 -12288 14974.799805 ) (0 -12288 12766 ) 
4 481 485 (0 -11264 14974.799805 ) (0 -11264 12766 ) (0 -12288 12766 ) (0 -12288 14974.799805 ) 
4 482 525 (1024 -12288 -96 ) (1024 -12288 12764 ) (0 -12288 12764 ) (0 -12288 -96 ) 
4 482 486 (0 -11264 12764 ) (0 -11264 -96 ) (0 -12288 -96 ) (0 -12288 12764 ) 
4 482 483 (0 -11264 -96 ) (1024 -11264 -96 ) (1024 -12288 -96 ) (0 -12288 -96 ) 
4 483 526 (1024 -12288 -510 ) (1024 -12288 -96 ) (0 -12288 -96 ) (0 -12288 -510 ) 
4 483 491 (0 -11264 -96 ) (0 -11264 -510 ) (0 -12288 -510 ) (0 -12288 -96 ) 
4 483 484 (0 -11264 -510 ) (1024 -11264 -510 ) (1024 -12288 -510 ) (0 -12288 -510 ) 
4 484 527 (1024 -12288 -511.842987 ) (1024 -12288 -510 ) (0 -12288 -510 ) (0 -12288 -511.842987 ) 
4 484 493 (0 -11264 -510 ) (0 -11264 -511.842987 ) (0 -12288 -511.842987 ) (0 -12288 -510 ) 
4 485 528 (0 -12288 12766 ) (0 -12288 14974.799805 ) (-1024 -12288 14974.799805 ) (-1024 -12288 12766 ) 
4 485 514 (-1024 -12288 12766 ) (-1024 -12288 14974.799805 ) (-1024 -11264 14974.799805 ) (-1024 -11264 12766 ) 
4 486 529 (0 -12288 -96 ) (0 -12288 12764 ) (-990.320007 -12288 12764 ) (-990.320007 -12288 -96 ) 
4 486 492 (-721 -12288 -96 ) (-990.320007 -12288 -96 ) (-990.320007 -11938.343750 -96 ) (-721 -11624.799805 -96 ) 
5 486 491 (-411.090210 -11264 -96 ) (0 -11264 -96 ) (0 -12288 -96 ) (-721 -12288 -96 ) (-721 -11624.799805 -96 ) 
3 486 490 (-990.320007 -11264 -96 ) (-411.090210 -11264 -96 ) (-990.320007 -11938.343750 -96 ) 
4 486 488 (-990.320007 -12288 294 ) (-990.320007 -12288 12764 ) (-990.320007 -11264 12764 ) (-990.320007 -11264 294 ) 
4 486 487 (-990.320007 -12288 166 ) (-990.320007 -12288 262 ) (-990.320007 -11264 262 ) (-990.320007 -11264 166 ) 
4 486 489 (-990.320007 -11264 -96 ) (-990.320007 -12288 -96 ) (-990.320007 -12288 -42 ) (-990.320007 -11264 -42 ) 
4 487 530 (-1024 -12288 250.431885 ) (-1024 -12288 177.567749 ) (-990.320007 -12288 166 ) (-990.320007 -12288 262 ) 
4 487 515 (-1024 -12288 177.567703 ) (-1024 -12288 250.431961 ) (-1024 -11264 250.431885 ) (-1024 -11264 177.567749 ) 
4 488 531 (-990.320007 -12288 12764 ) (-1024 -12288 12764 ) (-1024 -12288 305.567841 ) (-990.320007 -12288 294 ) 
4 488 516 (-1024 -12288 305.567657 ) (-1024 -12288 12764 ) (-1024 -11264 12764 ) (-1024 -11264 305.567841 ) 
4 489 532 (-1024 -12288 -42 ) (-1024 -12288 -96 ) (-990.320007 -12288 -96 ) (-990.320007 -12288 -42 ) 
4 489 517 (-1024 -12288 -96 ) (-1024 -12288 -42 ) (-1024 -11264 -42 ) (-1024 -11264 -96 ) 
4 489 492 (-1024 -12288 -96 ) (-1024 -11977.554688 -96 ) (-990.320007 -11938.343750 -96 ) (-990.320007 -12288 -96 ) 
4 489 490 (-1024 -11977.554688 -96 ) (-1024 -11264 -96 ) (-990.320007 -11264 -96 ) (-990.320007 -11938.343750 -96 ) 
4 490 517 (-1024 -11977.554688 -511.842987 ) (-1024 -11977.554688 -96 ) (-1024 -11264 -96 ) (-1024 -11264 -511.842987 ) 
4 490 493 (-411.090240 -11264 -511.842987 ) (-411.090240 -11264 -510 ) (-1024 -11977.554688 -510 ) (-1024 -11977.554688 -511.842987 ) 
4 490 492 (-721 -11624.799805 -96 ) (-1024 -11977.554688 -96 ) (-1024 -11977.554688 -510 ) (-721 -11624.799805 -510 ) 
4 490 491 (-411.090240 -11264 -510 ) (-411.090240 -11264 -96 ) (-721 -11624.799805 -96 ) (-721 -11624.799805 -510 ) 
4 491 533 (0 -12288 -510 ) (0 -12288 -96 ) (-721 -12288 -96 ) (-721 -12288 -510 ) 
5 491 493 (-721 -11624.800781 -510 ) (-411.089417 -11264 -510 ) (0 -11264 -510 ) (0 -12288 -510 ) (-721 -12288 -510 ) 
4 491 492 (-721 -11624.798828 -96 ) (-721 -11624.798828 -510 ) (-721 -12288 -510 ) (-721 -12288 -96 ) 
4 492 535 (-721 -12288 -96 ) (-1024 -12288 -96 ) (-1024 -12288 -510 ) (-721 -12288 -510 ) 
4 492 517 (-1024 -12288 -510 ) (-1024 -12288 -96 ) (-1024 -11977.554688 -96 ) (-1024 -11977.554688 -510 ) 
4 492 493 (-1024 -12288 -510 ) (-1024 -11977.555664 -510 ) (-721 -11624.800781 -510 ) (-721 -12288 -510 ) 
4 493 534 (0 -12288 -511.842987 ) (0 -12288 -510 ) (-721 -12288 -510 ) (-721 -12288 -511.842987 ) 
4 493 535 (-721 -12288 -510 ) (-1024 -12288 -510 ) (-1024 -12288 -511.842987 ) (-721 -12288 -511.842987 ) 
4 493 517 (-1024 -12288 -511.842987 ) (-1024 -12288 -510 ) (-1024 -11977.554688 -510 ) (-1024 -11977.554688 -511.842987 ) 
4 494 504 (-1024 -10240 12766 ) (-1024 -10240 14974.799805 ) (-1083.489990 -10240 14974.799805 ) (-1083.489990 -10240 12766 ) 
4 494 498 (-1083.489990 -10240 12766 ) (-1083.489990 -10240 14974.799805 ) (-1083.489990 -9216 14974.799805 ) (-1083.489990 -9216 12766 ) 
4 495 505 (-1024 -10240 177.567688 ) (-1024 -10240 250.431961 ) (-1083.489990 -10240 229.998627 ) (-1083.489990 -10240 198 ) 
4 496 506 (-1024 -10240 305.567657 ) (-1024 -10240 12764 ) (-1083.489990 -10240 12764 ) (-1083.489990 -10240 326 ) 
4 496 501 (-1083.489990 -10240 326 ) (-1083.489990 -10240 358 ) (-1083.489990 -9216 358 ) (-1083.489990 -9216 326 ) 
4 496 499 (-1083.489990 -10240 358 ) (-1083.489990 -10240 12764 ) (-1083.489990 -9216 12764 ) (-1083.489990 -9216 358 ) 
4 497 507 (-1024 -10240 -511.842987 ) (-1024 -10240 -42 ) (-1083.489990 -10240 -42 ) (-1083.489990 -10240 -511.842987 ) 
4 497 502 (-1083.489990 -9216 -511.842987 ) (-1083.489990 -10240 -511.842987 ) (-1083.489990 -10240 -42 ) (-1083.489990 -9216 -42 ) 
4 498 508 (-1083.489990 -10240 14974.799805 ) (-1274 -10240 14974.799805 ) (-1274 -10240 12766 ) (-1083.489990 -10240 12766 ) 
4 498 500 (-1274 -10240 12766 ) (-1274 -10240 14974.799805 ) (-1274 -9216 14974.799805 ) (-1274 -9216 12766 ) 
4 499 509 (-1274 -10240 12764 ) (-1274 -10240 358 ) (-1083.489990 -10240 358 ) (-1083.489990 -10240 12764 ) 
4 499 501 (-1176.660034 -9216 358 ) (-1083.489990 -9216 358 ) (-1083.489990 -10240 358 ) (-1176.660034 -10240 358 ) 
4 499 503 (-1274 -9216 358 ) (-1269.839966 -9216 358 ) (-1269.839966 -10240 358 ) (-1274 -10240 358 ) 
4 499 500 (-1274 -9216 358 ) (-1274 -10240 358 ) (-1274 -10240 12764 ) (-1274 -9216 12764 ) 
4 500 510 (-1274 -10240 14974.799805 ) (-1283 -10240 14974.799805 ) (-1283 -10240 358 ) (-1274 -10240 358 ) 
4 500 503 (-1283 -10240 358 ) (-1283 -9216 358 ) (-1274 -9216 358 ) (-1274 -10240 358 ) 
3 501 511 (-1083.489990 -10240 326 ) (-1083.489990 -10240 358 ) (-1176.660034 -10240 358 ) 
5 502 512 (-1269.839966 -10240 -511.842987 ) (-1083.489990 -10240 -511.842987 ) (-1083.489990 -10240 197.998474 ) (-1130.082153 -10240 214 ) (-1269.839966 -10240 166 ) 
4 502 503 (-1269.839966 -9216 -511.842987 ) (-1269.839966 -10240 -511.842987 ) (-1269.839966 -10240 166 ) (-1269.839966 -9216 166 ) 
4 503 513 (-1283 -10240 358 ) (-1283 -10240 -511.842987 ) (-1269.839966 -10240 -511.842987 ) (-1269.839966 -10240 358 ) 
4 504 514 (-1024 -11264 12766 ) (-1024 -11264 14974.799805 ) (-1083.489990 -11264 14974.799805 ) (-1083.489990 -11264 12766 ) 
4 504 508 (-1083.489990 -11264 12766 ) (-1083.489990 -11264 14974.799805 ) (-1083.489990 -10240 14974.799805 ) (-1083.489990 -10240 12766 ) 
4 505 515 (-1024 -11264 177.567688 ) (-1024 -11264 250.431961 ) (-1083.489990 -11264 229.998627 ) (-1083.489990 -11264 198 ) 
4 506 516 (-1024 -11264 305.567657 ) (-1024 -11264 12764 ) (-1083.489990 -11264 12764 ) (-1083.489990 -11264 326 ) 
4 506 511 (-1083.489990 -11264 326 ) (-1083.489990 -11264 358 ) (-1083.489990 -10240 358 ) (-1083.489990 -10240 326 ) 
4 506 509 (-1083.489990 -11264 358 ) (-1083.489990 -11264 12764 ) (-1083.489990 -10240 12764 ) (-1083.489990 -10240 358 ) 
4 507 517 (-1024 -11264 -511.842987 ) (-1024 -11264 -42 ) (-1083.489990 -11264 -42 ) (-1083.489990 -11264 -511.842987 ) 
4 507 512 (-1083.489990 -10240 -511.842987 ) (-1083.489990 -11264 -511.842987 ) (-1083.489990 -11264 -42 ) (-1083.489990 -10240 -42 ) 
4 508 518 (-1083.489990 -11264 14974.799805 ) (-1274 -11264 14974.799805 ) (-1274 -11264 12766 ) (-1083.489990 -11264 12766 ) 
4 508 510 (-1274 -11264 12766 ) (-1274 -11264 14974.799805 ) (-1274 -10240 14974.799805 ) (-1274 -10240 12766 ) 
4 509 519 (-1274 -11264 12764 ) (-1274 -11264 358 ) (-1083.489990 -11264 358 ) (-1083.489990 -11264 12764 ) 
4 509 511 (-1176.660034 -10240 358 ) (-1083.489990 -10240 358 ) (-1083.489990 -11264 358 ) (-1176.660034 -11264 358 ) 
4 509 513 (-1274 -10240 358 ) (-1269.839966 -10240 358 ) (-1269.839966 -11264 358 ) (-1274 -11264 358 ) 
4 509 510 (-1274 -10240 358 ) (-1274 -11264 358 ) (-1274 -11264 12764 ) (-1274 -10240 12764 ) 
4 510 520 (-1274 -11264 14974.799805 ) (-1283 -11264 14974.799805 ) (-1283 -11264 358 ) (-1274 -11264 358 ) 
4 510 513 (-1283 -11264 358 ) (-1283 -10240 358 ) (-1274 -10240 358 ) (-1274 -11264 358 ) 
3 511 521 (-1083.489990 -11264 326 ) (-1083.489990 -11264 358 ) (-1176.660034 -11264 358 ) 
5 512 522 (-1269.839966 -11264 -511.842987 ) (-1083.489990 -11264 -511.842987 ) (-1083.489990 -11264 197.998352 ) (-1130.082397 -11264 214 ) (-1269.839966 -11264 166 ) 
4 512 513 (-1269.839966 -10240 -511.842987 ) (-1269.839966 -11264 -511.842987 ) (-1269.839966 -11264 166 ) (-1269.839966 -10240 166 ) 
4 513 523 (-1283 -11264 358 ) (-1283 -11264 -511.842987 ) (-1269.839966 -11264 -511.842987 ) (-1269.839966 -11264 358 ) 
4 514 550 (-1024 -12288 12766 ) (-1024 -12288 14974.799805 ) (-1083.489990 -12288 14974.799805 ) (-1083.489990 -12288 12766 ) 
4 514 518 (-1083.489990 -12288 12766 ) (-1083.489990 -12288 14974.799805 ) (-1083.489990 -11264 14974.799805 ) (-1083.489990 -11264 12766 ) 
4 515 551 (-1024 -12288 177.567688 ) (-1024 -12288 250.431961 ) (-1083.489990 -12288 229.998627 ) (-1083.489990 -12288 198 ) 
4 516 552 (-1024 -12288 305.567657 ) (-1024 -12288 12764 ) (-1083.489990 -12288 12764 ) (-1083.489990 -12288 326 ) 
4 516 521 (-1083.489990 -12288 326 ) (-1083.489990 -12288 358 ) (-1083.489990 -11264 358 ) (-1083.489990 -11264 326 ) 
4 516 519 (-1083.489990 -12288 358 ) (-1083.489990 -12288 12764 ) (-1083.489990 -11264 12764 ) (-1083.489990 -11264 358 ) 
4 517 553 (-1024 -12288 -511.842987 ) (-1024 -12288 -42 ) (-1083.489990 -12288 -42 ) (-1083.489990 -12288 -511.842987 ) 
4 517 522 (-1083.489990 -11264 -511.842987 ) (-1083.489990 -12288 -511.842987 ) (-1083.489990 -12288 -42 ) (-1083.489990 -11264 -42 ) 
4 518 554 (-1083.489990 -12288 14974.799805 ) (-1274 -12288 14974.799805 ) (-1274 -12288 12766 ) (-1083.489990 -12288 12766 ) 
4 518 520 (-1274 -12288 12766 ) (-1274 -12288 14974.799805 ) (-1274 -11264 14974.799805 ) (-1274 -11264 12766 ) 
4 519 555 (-1274 -12288 12764 ) (-1274 -12288 358 ) (-1083.489990 -12288 358 ) (-1083.489990 -12288 12764 ) 
4 519 521 (-1176.660034 -11264 358 ) (-1083.489990 -11264 358 ) (-1083.489990 -12288 358 ) (-1176.660034 -12288 358 ) 
4 519 523 (-1274 -11264 358 ) (-1269.839966 -11264 358 ) (-1269.839966 -12288 358 ) (-1274 -12288 358 ) 
4 519 520 (-1274 -11264 358 ) (-1274 -12288 358 ) (-1274 -12288 12764 ) (-1274 -11264 12764 ) 
4 520 556 (-1274 -12288 14974.799805 ) (-1283 -12288 14974.799805 ) (-1283 -12288 358 ) (-1274 -12288 358 ) 
4 520 523 (-1283 -12288 358 ) (-1283 -11264 358 ) (-1274 -11264 358 ) (-1274 -12288 358 ) 
3 521 557 (-1083.489990 -12288 326 ) (-1083.489990 -12288 358 ) (-1176.660034 -12288 358 ) 
5 522 558 (-1269.839966 -12288 -511.842987 ) (-1083.489990 -12288 -511.842987 ) (-1083.489990 -12288 197.998260 ) (-1130.082520 -12288 214 ) (-1269.839966 -12288 166 ) 
4 522 523 (-1269.839966 -11264 -511.842987 ) (-1269.839966 -12288 -511.842987 ) (-1269.839966 -12288 166 ) (-1269.839966 -11264 166 ) 
4 523 559 (-1283 -12288 358 ) (-1283 -12288 -511.842987 ) (-1269.839966 -12288 -511.842987 ) (-1269.839966 -12288 358 ) 
4 524 536 (1024 -13312 12766 ) (1024 -13312 14974.799805 ) (0 -13312 14974.799805 ) (0 -13312 12766 ) 
4 524 528 (0 -13312 12766 ) (0 -13312 14974.799805 ) (0 -12288 14974.799805 ) (0 -12288 12766 ) 
4 525 537 (1024 -13312 -96 ) (1024 -13312 12764 ) (0 -13312 12764 ) (0 -13312 -96 ) 
4 525 529 (0 -13312 -96 ) (0 -13312 12764 ) (0 -12288 12764 ) (0 -12288 -96 ) 
4 525 526 (1024 -13312 -96 ) (0 -13312 -96 ) (0 -12288 -96 ) (1024 -12288 -96 ) 
4 526 538 (1024 -13312 -510 ) (1024 -13312 -96 ) (0 -13312 -96 ) (0 -13312 -510 ) 
4 526 533 (0 -13312 -510 ) (0 -13312 -96 ) (0 -12288 -96 ) (0 -12288 -510 ) 
4 526 527 (1024 -13312 -510 ) (0 -13312 -510 ) (0 -12288 -510 ) (1024 -12288 -510 ) 
4 527 539 (1024 -13312 -511.842987 ) (1024 -13312 -510 ) (0 -13312 -510 ) (0 -13312 -511.842987 ) 
4 527 534 (0 -13312 -511.842987 ) (0 -13312 -510 ) (0 -12288 -510 ) (0 -12288 -511.842987 ) 
4 528 550 (-1024 -13312 12766 ) (-1024 -13312 14974.799805 ) (-1024 -12288 14974.799805 ) (-1024 -12288 12766 ) 
4 528 541 (0 -13312 12766 ) (0 -13312 14974.799805 ) (-1024 -13312 14974.799805 ) (-1024 -13312 12766 ) 
4 529 542 (0 -13312 -96 ) (0 -13312 12764 ) (-990.320007 -13312 12764 ) (-990.320007 -13312 -96 ) 
4 529 533 (-721 -12288 -96 ) (0 -12288 -96 ) (0 -13312 -96 ) (-721 -13312 -96 ) 
4 529 535 (-990.320007 -12288 -96 ) (-721 -12288 -96 ) (-721 -13312 -96 ) (-990.320007 -13312 -96 ) 
4 529 531 (-990.320007 -13312 294 ) (-990.320007 -13312 12764 ) (-990.320007 -12288 12764 ) (-990.320007 -12288 294 ) 
4 529 530 (-990.320007 -13312 166 ) (-990.320007 -13312 262 ) (-990.320007 -12288 262 ) (-990.320007 -12288 166 ) 
4 529 532 (-990.320007 -12288 -96 ) (-990.320007 -13312 -96 ) (-990.320007 -13312 -42 ) (-990.320007 -12288 -42 ) 
4 530 551 (-1024 -13312 177.567703 ) (-1024 -13312 250.431961 ) (-1024 -12288 250.431885 ) (-1024 -12288 177.567749 ) 
4 530 543 (-1024 -13312 250.431885 ) (-1024 -13312 177.567749 ) (-990.320007 -13312 166 ) (-990.320007 -13312 262 ) 
4 531 552 (-1024 -13312 305.567657 ) (-1024 -13312 12764 ) (-1024 -12288 12764 ) (-1024 -12288 305.567841 ) 
4 531 544 (-990.320007 -13312 12764 ) (-1024 -13312 12764 ) (-1024 -13312 305.567841 ) (-990.320007 -13312 294 ) 
4 532 553 (-1024 -13312 -96 ) (-1024 -13312 -42 ) (-1024 -12288 -42 ) (-1024 -12288 -96 ) 
4 532 545 (-1024 -13312 -42 ) (-1024 -13312 -96 ) (-990.320007 -13312 -96 ) (-990.320007 -13312 -42 ) 
4 532 535 (-1024 -12288 -96 ) (-990.320007 -12288 -96 ) (-990.320007 -13312 -96 ) (-1024 -13312 -96 ) 
4 533 546 (0 -13312 -510 ) (0 -13312 -96 ) (-721 -13312 -96 ) (-721 -13312 -510 ) 
4 533 535 (-721 -13312 -510 ) (-721 -13312 -96 ) (-721 -12288 -96 ) (-721 -12288 -510 ) 
4 533 534 (0 -13312 -510 ) (-721 -13312 -510 ) (-721 -12288 -510 ) (0 -12288 -510 ) 
4 534 547 (0 -13312 -511.842987 ) (0 -13312 -510 ) (-721 -13312 -510 ) (-721 -13312 -511.842987 ) 
4 534 535 (-721 -12288 -511.842987 ) (-721 -13312 -511.842987 ) (-721 -13312 -510 ) (-721 -12288 -510 ) 
4 535 553 (-1024 -13312 -511.842987 ) (-1024 -13312 -96 ) (-1024 -12288 -96 ) (-1024 -12288 -511.842987 ) 
4 535 549 (-721 -13312 -96 ) (-1024 -13312 -96 ) (-1024 -13312 -511.842987 ) (-721 -13312 -511.842987 ) 
4 536 570 (1024 -14336 12766 ) (1024 -14336 14974.799805 ) (0 -14336 14974.799805 ) (0 -14336 12766 ) 
4 536 541 (0 -13312 14974.799805 ) (0 -13312 12766 ) (0 -14336 12766 ) (0 -14336 14974.799805 ) 
4 537 577 (1024 -14336 -96 ) (1024 -14336 -42 ) (0 -14336 -42 ) (0 -14336 -96 ) 
4 537 574 (1024 -14336 51.270477 ) (1024 -14336 12764 ) (0 -14336 12764 ) (0 -14336 51.270325 ) 
4 537 573 (1024 -14336 -42 ) (1024 -14336 51.270477 ) (0 -14336 51.270325 ) (0 -14336 -42 ) 
4 537 542 (0 -13312 12764 ) (0 -13312 -96 ) (0 -14336 -96 ) (0 -14336 12764 ) 
4 537 538 (0 -14178 -96 ) (0 -13312 -96 ) (1024 -13312 -96 ) (1024 -14178 -96 ) 
4 537 540 (1024 -14336 -96 ) (0 -14336 -96 ) (0 -14178 -96 ) (1024 -14178 -96 ) 
4 538 546 (0 -13312 -96 ) (0 -13312 -510 ) (0 -14178 -510 ) (0 -14178 -96 ) 
4 538 540 (1024 -14178 -510 ) (1024 -14178 -96 ) (0 -14178 -96 ) (0 -14178 -510 ) 
4 538 539 (1024 -14178 -510 ) (0 -14178 -510 ) (0 -13312 -510 ) (1024 -13312 -510 ) 
4 539 547 (0 -13312 -510 ) (0 -13312 -511.842987 ) (0 -14178 -511.842987 ) (0 -14178 -510 ) 
4 539 540 (0 -14178 -511.842987 ) (1024 -14178 -511.842987 ) (1024 -14178 -510 ) (0 -14178 -510 ) 
4 540 577 (1024 -14336 -511.842987 ) (1024 -14336 -96 ) (0 -14336 -96 ) (0 -14336 -511.842987 ) 
4 540 548 (0 -14178 -511.842987 ) (0 -14336 -511.842987 ) (0 -14336 -96 ) (0 -14178 -96 ) 
4 541 584 (0 -14336 12766 ) (0 -14336 14974.799805 ) (-1024 -14336 14974.799805 ) (-1024 -14336 12766 ) 
4 541 560 (-1024 -14336 12766 ) (-1024 -14336 14974.799805 ) (-1024 -13312 14974.799805 ) (-1024 -13312 12766 ) 
4 542 589 (0 -14336 51.270481 ) (0 -14336 358 ) (-990.320007 -14336 358 ) (-990.320007 -14336 51.270470 ) 
4 542 588 (0 -14336 -42 ) (0 -14336 51.270481 ) (-990.320007 -14336 51.270470 ) (-990.320007 -14336 -42 ) 
4 542 585 (0 -14336 358 ) (0 -14336 12764 ) (-990.320007 -14336 12764 ) (-990.320007 -14336 358 ) 
4 542 601 (0 -14336 -96 ) (0 -14336 -42 ) (-990.320007 -14336 -42 ) (-990.320007 -14336 -96 ) 
4 542 546 (0 -13312 -96 ) (0 -14178 -96 ) (-721 -14178 -96 ) (-721 -13312 -96 ) 
4 542 548 (0 -14178 -96 ) (0 -14336 -96 ) (-721 -14336 -96 ) (-721 -14178 -96 ) 
4 542 549 (-721 -14336 -96 ) (-990.320007 -14336 -96 ) (-990.320007 -13312 -96 ) (-721 -13312 -96 ) 
4 542 544 (-990.320007 -14336 294 ) (-990.320007 -14336 12764 ) (-990.320007 -13312 12764 ) (-990.320007 -13312 294 ) 
4 542 543 (-990.320007 -14336 166 ) (-990.320007 -14336 262 ) (-990.320007 -13312 262 ) (-990.320007 -13312 166 ) 
4 542 545 (-990.320007 -13312 -96 ) (-990.320007 -14336 -96 ) (-990.320007 -14336 -42 ) (-990.320007 -13312 -42 ) 
4 543 592 (-1024 -14336 250.431885 ) (-1024 -14336 177.567749 ) (-990.320007 -14336 166 ) (-990.320007 -14336 262 ) 
4 543 561 (-1024 -14336 177.567703 ) (-1024 -14336 250.431961 ) (-1024 -13312 250.431885 ) (-1024 -13312 177.567749 ) 
4 544 593 (-1024 -14336 358 ) (-1024 -14336 305.567841 ) (-990.320007 -14336 294 ) (-990.320007 -14336 358 ) 
4 544 585 (-990.320007 -14336 12764 ) (-1024 -14336 12764 ) (-1024 -14336 358 ) (-990.320007 -14336 358 ) 
4 544 562 (-1024 -14336 305.567657 ) (-1024 -14336 12764 ) (-1024 -13312 12764 ) (-1024 -13312 305.567841 ) 
4 545 601 (-1024 -14336 -42 ) (-1024 -14336 -96 ) (-990.320007 -14336 -96 ) (-990.320007 -14336 -42 ) 
4 545 563 (-1024 -14336 -96 ) (-1024 -14336 -42 ) (-1024 -13312 -42 ) (-1024 -13312 -96 ) 
4 545 549 (-990.320007 -14336 -96 ) (-1024 -14336 -96 ) (-1024 -13312 -96 ) (-990.320007 -13312 -96 ) 
4 546 548 (-721 -14178 -96 ) (-721 -14178 -510 ) (0 -14178 -510 ) (0 -14178 -96 ) 
4 546 549 (-721 -14178 -510 ) (-721 -14178 -96 ) (-721 -13312 -96 ) (-721 -13312 -510 ) 
4 546 547 (0 -14178 -510 ) (-721 -14178 -510 ) (-721 -13312 -510 ) (0 -13312 -510 ) 
4 547 548 (-721 -14178 -510 ) (-721 -14178 -511.842987 ) (0 -14178 -511.842987 ) (0 -14178 -510 ) 
4 547 549 (-721 -13312 -511.842987 ) (-721 -14178 -511.842987 ) (-721 -14178 -510 ) (-721 -13312 -510 ) 
4 548 601 (0 -14336 -511.842987 ) (0 -14336 -96 ) (-721 -14336 -96 ) (-721 -14336 -511.842987 ) 
4 548 549 (-721 -14178 -511.842987 ) (-721 -14336 -511.842987 ) (-721 -14336 -96 ) (-721 -14178 -96 ) 
4 549 601 (-721 -14336 -96 ) (-1024 -14336 -96 ) (-1024 -14336 -511.842987 ) (-721 -14336 -511.842987 ) 
4 549 563 (-1024 -14336 -511.842987 ) (-1024 -14336 -96 ) (-1024 -13312 -96 ) (-1024 -13312 -511.842987 ) 
4 550 560 (-1024 -13312 12766 ) (-1024 -13312 14974.799805 ) (-1083.489990 -13312 14974.799805 ) (-1083.489990 -13312 12766 ) 
4 550 554 (-1083.489990 -13312 12766 ) (-1083.489990 -13312 14974.799805 ) (-1083.489990 -12288 14974.799805 ) (-1083.489990 -12288 12766 ) 
4 551 561 (-1024 -13312 177.567688 ) (-1024 -13312 250.431961 ) (-1083.489990 -13312 229.998627 ) (-1083.489990 -13312 198 ) 
4 552 562 (-1024 -13312 305.567657 ) (-1024 -13312 12764 ) (-1083.489990 -13312 12764 ) (-1083.489990 -13312 326 ) 
4 552 557 (-1083.489990 -13312 326 ) (-1083.489990 -13312 358 ) (-1083.489990 -12288 358 ) (-1083.489990 -12288 326 ) 
4 552 555 (-1083.489990 -13312 358 ) (-1083.489990 -13312 12764 ) (-1083.489990 -12288 12764 ) (-1083.489990 -12288 358 ) 
4 553 563 (-1024 -13312 -511.842987 ) (-1024 -13312 -42 ) (-1083.489990 -13312 -42 ) (-1083.489990 -13312 -511.842987 ) 
4 553 558 (-1083.489990 -12288 -511.842987 ) (-1083.489990 -13312 -511.842987 ) (-1083.489990 -13312 -42 ) (-1083.489990 -12288 -42 ) 
4 554 564 (-1083.489990 -13312 14974.799805 ) (-1274 -13312 14974.799805 ) (-1274 -13312 12766 ) (-1083.489990 -13312 12766 ) 
4 554 556 (-1274 -13312 12766 ) (-1274 -13312 14974.799805 ) (-1274 -12288 14974.799805 ) (-1274 -12288 12766 ) 
4 555 565 (-1274 -13312 12764 ) (-1274 -13312 358 ) (-1083.489990 -13312 358 ) (-1083.489990 -13312 12764 ) 
4 555 557 (-1176.660034 -12288 358 ) (-1083.489990 -12288 358 ) (-1083.489990 -13312 358 ) (-1176.660034 -13312 358 ) 
4 555 559 (-1274 -12288 358 ) (-1269.839966 -12288 358 ) (-1269.839966 -13312 358 ) (-1274 -13312 358 ) 
4 555 556 (-1274 -12288 358 ) (-1274 -13312 358 ) (-1274 -13312 12764 ) (-1274 -12288 12764 ) 
4 556 566 (-1274 -13312 14974.799805 ) (-1283 -13312 14974.799805 ) (-1283 -13312 358 ) (-1274 -13312 358 ) 
4 556 559 (-1283 -13312 358 ) (-1283 -12288 358 ) (-1274 -12288 358 ) (-1274 -13312 358 ) 
3 557 567 (-1083.489990 -13312 326 ) (-1083.489990 -13312 358 ) (-1176.660034 -13312 358 ) 
5 558 568 (-1269.839966 -13312 -511.842987 ) (-1083.489990 -13312 -511.842987 ) (-1083.489990 -13312 197.998169 ) (-1130.082642 -13312 214 ) (-1269.839966 -13312 166 ) 
4 558 559 (-1269.839966 -12288 -511.842987 ) (-1269.839966 -13312 -511.842987 ) (-1269.839966 -13312 166 ) (-1269.839966 -12288 166 ) 
4 559 569 (-1283 -13312 358 ) (-1283 -13312 -511.842987 ) (-1269.839966 -13312 -511.842987 ) (-1269.839966 -13312 358 ) 
4 560 603 (-1024 -14336 12766 ) (-1024 -14336 14974.799805 ) (-1083.489990 -14336 14974.799805 ) (-1083.489990 -14336 12766 ) 
4 560 564 (-1083.489990 -14336 12766 ) (-1083.489990 -14336 14974.799805 ) (-1083.489990 -13312 14974.799805 ) (-1083.489990 -13312 12766 ) 
4 561 607 (-1024 -14336 177.567688 ) (-1024 -14336 250.431961 ) (-1083.489990 -14336 229.998627 ) (-1083.489990 -14336 198 ) 
4 562 606 (-1024 -14336 305.567657 ) (-1024 -14336 358 ) (-1083.489990 -14336 358 ) (-1083.489990 -14336 326 ) 
4 562 604 (-1024 -14336 358 ) (-1024 -14336 12764 ) (-1083.489990 -14336 12764 ) (-1083.489990 -14336 358 ) 
4 562 567 (-1083.489990 -14336 326 ) (-1083.489990 -14336 358 ) (-1083.489990 -13312 358 ) (-1083.489990 -13312 326 ) 
4 562 565 (-1083.489990 -14336 358 ) (-1083.489990 -14336 12764 ) (-1083.489990 -13312 12764 ) (-1083.489990 -13312 358 ) 
4 563 617 (-1024 -14336 -511.842987 ) (-1024 -14336 -42 ) (-1083.489990 -14336 -42 ) (-1083.489990 -14336 -511.842987 ) 
4 563 568 (-1083.489990 -13312 -511.842987 ) (-1083.489990 -14336 -511.842987 ) (-1083.489990 -14336 -42 ) (-1083.489990 -13312 -42 ) 
4 564 619 (-1269.839966 -14336 14974.799805 ) (-1274 -14336 14974.799805 ) (-1274 -14336 12766 ) (-1269.839966 -14336 12766 ) 
4 564 603 (-1083.489990 -14336 14974.799805 ) (-1269.839966 -14336 14974.799805 ) (-1269.839966 -14336 12766 ) (-1083.489990 -14336 12766 ) 
4 564 566 (-1274 -14336 12766 ) (-1274 -14336 14974.799805 ) (-1274 -13312 14974.799805 ) (-1274 -13312 12766 ) 
4 565 620 (-1274 -14336 12764 ) (-1274 -14336 358 ) (-1269.839966 -14336 358 ) (-1269.839966 -14336 12764 ) 
4 565 604 (-1269.839966 -14336 358 ) (-1083.489990 -14336 358 ) (-1083.489990 -14336 12764 ) (-1269.839966 -14336 12764 ) 
4 565 567 (-1176.660034 -13312 358 ) (-1083.489990 -13312 358 ) (-1083.489990 -14336 358 ) (-1176.660034 -14336 358 ) 
4 565 569 (-1274 -13312 358 ) (-1269.839966 -13312 358 ) (-1269.839966 -14336 358 ) (-1274 -14336 358 ) 
4 565 566 (-1274 -13312 358 ) (-1274 -14336 358 ) (-1274 -14336 12764 ) (-1274 -13312 12764 ) 
4 566 621 (-1274 -14336 14974.799805 ) (-1283 -14336 14974.799805 ) (-1283 -14336 358 ) (-1274 -14336 358 ) 
4 566 569 (-1283 -14336 358 ) (-1283 -13312 358 ) (-1274 -13312 358 ) (-1274 -14336 358 ) 
3 567 606 (-1083.489990 -14336 326 ) (-1083.489990 -14336 358 ) (-1176.660034 -14336 358 ) 
5 568 613 (-1098 -14336 202.981094 ) (-1130.082764 -14336 214 ) (-1269.839966 -14336 166 ) (-1269.839966 -14336 -42 ) (-1098 -14336 -42 ) 
4 568 612 (-1083.489990 -14336 51.270477 ) (-1083.489990 -14336 197.998032 ) (-1098 -14336 202.981094 ) (-1098 -14336 51.270477 ) 
4 568 611 (-1083.489990 -14336 -42 ) (-1083.489990 -14336 51.270477 ) (-1098 -14336 51.270477 ) (-1098 -14336 -42 ) 
4 568 617 (-1269.839966 -14336 -511.842987 ) (-1083.489990 -14336 -511.842987 ) (-1083.489990 -14336 -42 ) (-1269.839966 -14336 -42 ) 
4 568 569 (-1269.839966 -13312 -511.842987 ) (-1269.839966 -14336 -511.842987 ) (-1269.839966 -14336 166 ) (-1269.839966 -13312 166 ) 
4 569 620 (-1274 -14336 -511.842987 ) (-1269.839966 -14336 -511.842987 ) (-1269.839966 -14336 358 ) (-1274 -14336 358 ) 
4 569 621 (-1283 -14336 358 ) (-1283 -14336 -511.842987 ) (-1274 -14336 -511.842987 ) (-1274 -14336 358 ) 
4 570 584 (0 -14336 14974.799805 ) (0 -14336 12766 ) (0 -14813.400391 12766 ) (0 -14813.400391 14974.799805 ) 
4 570 578 (1024 -14813.400391 12766 ) (1024 -14813.400391 14974.799805 ) (0 -14813.400391 14974.799805 ) (0 -14813.400391 12766 ) 
3 571 586 (0 -14553.623047 -42 ) (0 -14729.400391 -42 ) (0 -14729.400391 141.066101 ) 
4 571 577 (0 -14729.400391 -42 ) (0 -14553.623047 -42 ) (1024 -14553.621094 -42 ) (1024 -14729.400391 -42 ) 
4 571 574 (0 -14688.787109 98.769928 ) (0 -14729.400391 141.066940 ) (1024 -14729.400391 141.067703 ) (1024 -14688.786133 98.769669 ) 
4 571 572 (1024 -14553.621094 -42 ) (0 -14553.622070 -42 ) (0 -14660.505859 69.315491 ) (1024 -14660.503906 69.314270 ) 
3 572 587 (0 -14511.310547 -42 ) (0 -14553.623047 -42 ) (0 -14660.508789 69.317596 ) 
4 572 577 (0 -14553.623047 -42 ) (0 -14511.310547 -42 ) (1024 -14511.310547 -42 ) (1024 -14553.621094 -42 ) 
4 572 573 (1024 -14511.311523 -42 ) (0 -14511.311523 -42 ) (0 -14621.804688 40.439751 ) (1024 -14621.804688 40.439693 ) 
4 573 588 (0 -14336 51.270325 ) (0 -14336 -42 ) (0 -14511.310547 -42 ) (0 -14621.803711 40.439754 ) 
4 573 577 (0 -14511.310547 -42 ) (0 -14336 -42 ) (1024 -14336 -42 ) (1024 -14511.310547 -42 ) 
4 573 574 (1024 -14336 51.270557 ) (0 -14336 51.270557 ) (0 -14541.302734 43.490459 ) (1024 -14541.301758 43.490482 ) 
6 574 589 (0 -14336 358 ) (0 -14336 51.270325 ) (0 -14541.302734 43.490337 ) (0 -14688.789063 98.770531 ) (0 -14729.400391 141.066101 ) (0 -14729.400391 358 ) 
4 574 585 (0 -14336 12764 ) (0 -14336 358 ) (0 -14729.400391 358 ) (0 -14729.400391 12764 ) 
4 574 576 (1024 -14729.400391 294 ) (1024 -14729.400391 12764 ) (0 -14729.400391 12764 ) (0 -14729.400391 294 ) 
4 574 575 (1024 -14729.400391 166 ) (1024 -14729.400391 262.002441 ) (0 -14729.400391 262.003052 ) (0 -14729.400391 166 ) 
4 575 590 (0 -14813.400391 198 ) (0 -14813.400391 230.003128 ) (0 -14729.400391 262.003662 ) (0 -14729.400391 166 ) 
4 576 591 (0 -14813.400391 326 ) (0 -14813.400391 358 ) (0 -14729.400391 358 ) (0 -14729.400391 294 ) 
4 576 585 (0 -14813.400391 358 ) (0 -14813.400391 12764 ) (0 -14729.400391 12764 ) (0 -14729.400391 358 ) 
4 576 582 (1024 -14813.400391 326 ) (1024 -14813.400391 358 ) (0 -14813.400391 358 ) (0 -14813.400391 326 ) 
4 576 579 (1024 -14813.400391 358 ) (1024 -14813.400391 12764 ) (0 -14813.400391 12764 ) (0 -14813.400391 358 ) 
4 577 601 (0 -14336 -42 ) (0 -14336 -511.842987 ) (0 -14813.400391 -511.842987 ) (0 -14813.400391 -42 ) 
4 577 581 (1024 -14813.400391 -511.842987 ) (1024 -14813.400391 -42 ) (0 -14813.400391 -42 ) (0 -14813.400391 -511.842987 ) 
4 578 584 (0 -14982 14974.799805 ) (0 -14813.400391 14974.799805 ) (0 -14813.400391 12766 ) (0 -14982 12766 ) 
4 578 580 (1024 -14982 12766 ) (1024 -14982 14974.799805 ) (0 -14982 14974.799805 ) (0 -14982 12766 ) 
4 579 585 (0 -14813.400391 12764 ) (0 -14813.400391 358 ) (0 -14982 358 ) (0 -14982 12764 ) 
4 579 582 (0 -14897.401367 358 ) (0 -14813.400391 358 ) (1024 -14813.400391 358 ) (1024 -14897.401367 358 ) 
4 579 583 (0 -14982 358 ) (0 -14981.400391 358 ) (1024 -14981.400391 358 ) (1024 -14982 358 ) 
4 579 580 (0 -14982 358 ) (1024 -14982 358 ) (1024 -14982 12764 ) (0 -14982 12764 ) 
4 580 602 (0 -14989 14974.799805 ) (0 -14982 14974.799805 ) (0 -14982 358 ) (0 -14989 358 ) 
4 580 583 (1024 -14989 358 ) (0 -14989 358 ) (0 -14982 358 ) (1024 -14982 358 ) 
5 581 596 (0 -14813.400391 197.998123 ) (0 -14813.400391 -42 ) (0 -14981.400391 -42 ) (0 -14981.400391 166.003387 ) (0 -14855.406250 214.001236 ) 
4 581 601 (0 -14813.400391 -42 ) (0 -14813.400391 -511.842987 ) (0 -14981.400391 -511.842987 ) (0 -14981.400391 -42 ) 
4 581 583 (0 -14981.400391 -511.842987 ) (1024 -14981.400391 -511.842987 ) (1024 -14981.400391 166.002869 ) (0 -14981.400391 166.003372 ) 
3 582 598 (0 -14813.400391 358 ) (0 -14813.400391 326 ) (0 -14897.401367 358 ) 
4 583 602 (0 -14982 -511.842987 ) (0 -14989 -511.842987 ) (0 -14989 358 ) (0 -14982 358 ) 
4 583 600 (0 -14982 -42 ) (0 -14982 358 ) (0 -14981.400391 358 ) (0 -14981.400391 -42 ) 
4 583 601 (0 -14981.400391 -511.842987 ) (0 -14982 -511.842987 ) (0 -14982 -42 ) (0 -14981.400391 -42 ) 
4 584 603 (-1024 -14336 14974.799805 ) (-1024 -14336 12766 ) (-1024 -14982 12766 ) (-1024 -14982 14974.799805 ) 
4 584 602 (0 -14982 12766 ) (0 -14982 14974.799805 ) (-1024 -14982 14974.799805 ) (-1024 -14982 12766 ) 
4 585 604 (-1024 -14336 12764 ) (-1024 -14336 358 ) (-1024 -14982 358 ) (-1024 -14982 12764 ) 
4 585 602 (0 -14982 358 ) (0 -14982 12764 ) (-1024 -14982 12764 ) (-1024 -14982 358 ) 
4 585 599 (-1024 -14897.401367 358 ) (-1024 -14813.400391 358 ) (-990.320007 -14813.400391 358 ) (-990.320007 -14897.401367 358 ) 
4 585 598 (-990.320007 -14813.400391 358 ) (0 -14813.400391 358 ) (0 -14897.401367 358 ) (-990.320007 -14897.401367 358 ) 
4 585 595 (-1024 -14813.400391 358 ) (-1024 -14729.400391 358 ) (-990.320007 -14729.400391 358 ) (-990.320007 -14813.400391 358 ) 
4 585 593 (-1024 -14729.400391 358 ) (-1024 -14336 358 ) (-990.320007 -14336 358 ) (-990.320007 -14729.400391 358 ) 
4 585 591 (0 -14729.400391 358 ) (0 -14813.400391 358 ) (-990.320007 -14813.400391 358 ) (-990.320007 -14729.400391 358 ) 
4 585 589 (-990.320007 -14336 358 ) (0 -14336 358 ) (0 -14729.400391 358 ) (-990.320007 -14729.400391 358 ) 
4 585 600 (0 -14982 358 ) (-1024 -14982 358 ) (-1024 -14981.400391 358 ) (0 -14981.400391 358 ) 
4 586 589 (-990.320007 -14688.787109 98.769318 ) (-990.320007 -14729.400391 141.066208 ) (0 -14729.400391 141.066940 ) (0 -14688.787109 98.769409 ) 
4 586 587 (0 -14553.621094 -42 ) (-990.320007 -14553.622070 -42 ) (-990.320007 -14660.507813 69.317657 ) (0 -14660.503906 69.313805 ) 
4 586 601 (0 -14553.623047 -42 ) (0 -14729.400391 -42 ) (-990.320007 -14729.400391 -42 ) (-990.320007 -14553.623047 -42 ) 
4 587 588 (0 -14511.311523 -42 ) (-990.320007 -14511.311523 -42 ) (-990.320007 -14621.804688 40.439697 ) (0 -14621.804688 40.439713 ) 
4 587 601 (0 -14511.310547 -42 ) (0 -14553.623047 -42 ) (-990.320007 -14553.623047 -42 ) (-990.320007 -14511.309570 -42 ) 
4 588 589 (0 -14336 51.270573 ) (-990.320007 -14336 51.270573 ) (-990.320007 -14541.303711 43.490459 ) (0 -14541.302734 43.490463 ) 
4 588 601 (-990.320007 -14336 -42 ) (0 -14336 -42 ) (0 -14511.310547 -42 ) (-990.320007 -14511.309570 -42 ) 
4 589 593 (-990.320007 -14729.400391 294 ) (-990.320007 -14729.400391 358 ) (-990.320007 -14336 358 ) (-990.320007 -14336 294 ) 
4 589 592 (-990.320007 -14729.400391 166 ) (-990.320007 -14729.400391 262 ) (-990.320007 -14336 262 ) (-990.320007 -14336 166 ) 
4 589 591 (-990.320007 -14729.400391 358 ) (-990.320007 -14729.400391 294 ) (0 -14729.400391 294 ) (0 -14729.400391 358 ) 
4 589 590 (-990.320007 -14729.400391 262.003540 ) (-990.320007 -14729.400391 166 ) (0 -14729.400391 166 ) (0 -14729.400391 262.003021 ) 
4 590 594 (-990.320007 -14813.400391 198 ) (-990.320007 -14813.400391 230.003784 ) (-990.320007 -14729.400391 262.003632 ) (-990.320007 -14729.400391 166 ) 
4 591 598 (0 -14813.400391 326 ) (0 -14813.400391 358 ) (-990.320007 -14813.400391 358 ) (-990.320007 -14813.400391 326 ) 
4 591 595 (-990.320007 -14813.400391 326 ) (-990.320007 -14813.400391 358 ) (-990.320007 -14729.400391 358 ) (-990.320007 -14729.400391 294 ) 
4 592 607 (-1024 -14336 250.431961 ) (-1024 -14336 177.567688 ) (-1024 -14729.400391 177.567688 ) (-1024 -14729.400391 250.431961 ) 
4 592 594 (-1024 -14729.400391 177.567856 ) (-990.320679 -14729.400391 166 ) (-990.320679 -14729.400391 262 ) (-1024 -14729.400391 250.431946 ) 
4 593 606 (-1024 -14336 358 ) (-1024 -14336 305.567657 ) (-1024 -14729.400391 305.567657 ) (-1024 -14729.400391 358 ) 
4 593 595 (-990.320679 -14729.400391 294 ) (-990.320679 -14729.400391 358 ) (-1024 -14729.400391 358 ) (-1024 -14729.400391 305.567657 ) 
6 594 608 (-1024 -14729.400391 177.567688 ) (-1024 -14759.765625 177.567688 ) (-1024 -14813.400391 198 ) (-1024 -14813.400391 230.003845 ) (-1024 -14759.777344 250.431961 ) (-1024 -14729.400391 250.431961 ) 
5 595 606 (-1024 -14813.400391 326 ) (-1024 -14813.400391 358 ) (-1024 -14729.400391 358 ) (-1024 -14729.400391 305.567657 ) (-1024 -14759.765625 305.567657 ) 
4 595 599 (-990.320007 -14813.400391 326 ) (-990.320007 -14813.400391 358 ) (-1024 -14813.400391 358 ) (-1024 -14813.400391 326 ) 
4 596 615 (-1024 -14951.044922 177.567673 ) (-1024 -14855.407227 214.001221 ) (-1024 -14813.400391 197.997559 ) (-1024 -14813.400391 177.567688 ) 
4 596 597 (-384.715118 -14981.400391 -42 ) (-990.320007 -14981.400391 166 ) (-990.320007 -14813.400391 166 ) (-384.715088 -14813.400391 -42 ) 
4 596 601 (-384.715088 -14813.400391 -42 ) (0 -14813.400391 -42 ) (0 -14981.400391 -42 ) (-384.715118 -14981.400391 -42 ) 
4 596 600 (-384.715088 -14981.400391 -42 ) (0 -14981.400391 -42 ) (0 -14981.400391 166.003326 ) (-990.331177 -14981.400391 166.003830 ) 
4 597 601 (-990.320007 -14813.400391 -42 ) (-384.715088 -14813.400391 -42 ) (-384.715118 -14981.400391 -42 ) (-990.320007 -14981.400391 -42 ) 
3 597 600 (-990.320007 -14981.400391 -42 ) (-384.715088 -14981.400391 -42 ) (-990.320007 -14981.400391 166 ) 
3 598 599 (-990.320007 -14813.400391 358 ) (-990.320007 -14813.400391 326 ) (-990.320007 -14897.401367 358 ) 
3 599 606 (-1024 -14897.401367 358 ) (-1024 -14813.400391 358 ) (-1024 -14813.400391 326 ) 
4 600 618 (-1024 -14981.400391 -42 ) (-1024 -14982 -42 ) (-1024 -14982 358 ) (-1024 -14981.400391 358 ) 
4 600 602 (0 -14982 -42 ) (0 -14982 358 ) (-1024 -14982 358 ) (-1024 -14982 -42 ) 
4 600 601 (0 -14982 -42 ) (-1024 -14982 -42 ) (-1024 -14981.400391 -42 ) (0 -14981.400391 -42 ) 
4 601 618 (-1024 -14981.400391 -511.842987 ) (-1024 -14982 -511.842987 ) (-1024 -14982 -42 ) (-1024 -14981.400391 -42 ) 
4 601 617 (-1024 -14336 -42 ) (-1024 -14336 -511.842987 ) (-1024 -14981.400391 -511.842987 ) (-1024 -14981.400391 -42 ) 
4 601 602 (-1024 -14982 -511.842987 ) (0 -14982 -511.842987 ) (0 -14982 -42 ) (-1024 -14982 -42 ) 
4 602 618 (-1024 -14982 -511.842987 ) (-1024 -14989 -511.842987 ) (-1024 -14989 358 ) (-1024 -14982 358 ) 
4 602 605 (-1024 -14989 358 ) (-1024 -14989 14974.799805 ) (-1024 -14982 14974.799805 ) (-1024 -14982 358 ) 
4 603 619 (-1269.839966 -14982 14974.799805 ) (-1269.839966 -14336 14974.799805 ) (-1269.839966 -14336 12766 ) (-1269.839966 -14982 12766 ) 
4 603 605 (-1269.839966 -14982 14974.799805 ) (-1269.839966 -14982 12766 ) (-1024 -14982 12766 ) (-1024 -14982 14974.799805 ) 
4 604 620 (-1269.839966 -14336 12764 ) (-1269.839966 -14336 358 ) (-1269.839966 -14982 358 ) (-1269.839966 -14982 12764 ) 
4 604 618 (-1269.839966 -14982 358 ) (-1269.839966 -14981.400391 358 ) (-1024 -14981.400391 358 ) (-1024 -14982 358 ) 
4 604 606 (-1176.659912 -14336 358 ) (-1024 -14336 358 ) (-1024 -14897.401367 358 ) (-1176.660034 -14897.401367 358 ) 
4 604 605 (-1269.839966 -14982 12764 ) (-1269.839966 -14982 358 ) (-1024 -14982 358 ) (-1024 -14982 12764 ) 
4 605 622 (-1269.839966 -14989 14974.799805 ) (-1269.839966 -14982 14974.799805 ) (-1269.839966 -14982 358 ) (-1269.839966 -14989 358 ) 
4 605 618 (-1269.839966 -14989 358 ) (-1269.839966 -14982 358 ) (-1024 -14982 358 ) (-1024 -14989 358 ) 
4 607 608 (-1083.489990 -14729.400391 229.998978 ) (-1083.489990 -14729.400391 198 ) (-1024 -14729.400391 177.567673 ) (-1024 -14729.400391 250.431931 ) 
3 609 613 (-1098 -14553.623047 -42 ) (-1098 -14729.400391 -42 ) (-1098 -14729.400391 141.065704 ) 
4 609 612 (-1098 -14688.800781 98.783813 ) (-1098 -14729.400391 141.066391 ) (-1083.489990 -14729.400391 141.066406 ) (-1083.489990 -14688.800781 98.783829 ) 
4 609 610 (-1098 -14553.622070 -42 ) (-1098 -14660.507813 69.317772 ) (-1083.489990 -14660.507813 69.317780 ) (-1083.489990 -14553.622070 -42 ) 
4 609 617 (-1083.489990 -14553.623047 -42 ) (-1083.489990 -14729.400391 -42 ) (-1098 -14729.400391 -42 ) (-1098 -14553.623047 -42 ) 
3 610 613 (-1098 -14511.309570 -42 ) (-1098 -14553.623047 -42 ) (-1098 -14660.512695 69.321655 ) 
4 610 611 (-1098 -14511.310547 -42 ) (-1098 -14621.803711 40.439747 ) (-1083.489990 -14621.803711 40.439724 ) (-1083.489990 -14511.310547 -42 ) 
4 610 617 (-1083.489990 -14511.309570 -42 ) (-1083.489990 -14553.623047 -42 ) (-1098 -14553.623047 -42 ) (-1098 -14511.309570 -42 ) 
4 611 613 (-1098 -14336 -42 ) (-1098 -14511.309570 -42 ) (-1098 -14621.802734 40.439793 ) (-1098 -14336 51.270485 ) 
4 611 612 (-1083.489990 -14541.330078 43.489468 ) (-1083.489990 -14336 51.270573 ) (-1098 -14336 51.270573 ) (-1098 -14541.330078 43.489468 ) 
4 611 617 (-1098 -14336 -42 ) (-1083.489990 -14336 -42 ) (-1083.489990 -14511.309570 -42 ) (-1098 -14511.309570 -42 ) 
4 612 614 (-1083.489990 -14729.400391 166 ) (-1083.489990 -14729.400391 197.998032 ) (-1098 -14729.400391 202.981079 ) (-1098 -14729.400391 166 ) 
6 612 613 (-1098 -14688.802734 98.784233 ) (-1098 -14729.400391 141.065704 ) (-1098 -14729.400391 202.981064 ) (-1098 -14336 202.981110 ) (-1098 -14336 51.270485 ) (-1098 -14541.329102 43.489403 ) 
4 613 620 (-1269.839966 -14336 166 ) (-1269.839966 -14336 -42 ) (-1269.839966 -14729.400391 -42 ) (-1269.839966 -14729.400391 166 ) 
4 613 614 (-1098 -14729.400391 166 ) (-1098 -14729.400391 202.981079 ) (-1130.082886 -14729.400391 214 ) (-1269.839966 -14729.400391 166 ) 
4 613 617 (-1269.839966 -14729.400391 -42 ) (-1269.839966 -14336 -42 ) (-1098 -14336 -42 ) (-1098 -14729.400391 -42 ) 
4 616 620 (-1269.839966 -14981.400391 -42 ) (-1269.839966 -14981.400391 166 ) (-1269.839966 -14813.400391 166 ) (-1269.839966 -14813.400391 -42 ) 
4 616 618 (-1269.839966 -14981.400391 166.003845 ) (-1269.839966 -14981.400391 -42 ) (-1083.489990 -14981.400391 -42 ) (-1083.489990 -14981.400391 166.003677 ) 
4 616 617 (-1083.489990 -14981.400391 -42 ) (-1269.839966 -14981.400391 -42 ) (-1269.839966 -14813.400391 -42 ) (-1083.489990 -14813.400391 -42 ) 
4 617 620 (-1269.839966 -14336 -511.842987 ) (-1269.839966 -14981.400391 -511.842987 ) (-1269.839966 -14981.400391 -42 ) (-1269.839966 -14336 -42 ) 
4 617 618 (-1269.839966 -14981.400391 -42 ) (-1269.839966 -14981.400391 -511.842987 ) (-1024 -14981.400391 -511.842987 ) (-1024 -14981.400391 -42 ) 
4 618 622 (-1269.839966 -14982 -511.842987 ) (-1269.839966 -14989 -511.842987 ) (-1269.839966 -14989 358 ) (-1269.839966 -14982 358 ) 
4 618 620 (-1269.839966 -14981.400391 -511.842987 ) (-1269.839966 -14982 -511.842987 ) (-1269.839966 -14982 358 ) (-1269.839966 -14981.400391 358 ) 
4 619 622 (-1269.839966 -14982 12766 ) (-1269.839966 -14982 14974.799805 ) (-1274 -14982 14974.799805 ) (-1274 -14982 12766 ) 
4 619 621 (-1274 -14982 12766 ) (-1274 -14982 14974.799805 ) (-1274 -14336 14974.799805 ) (-1274 -14336 12766 ) 
4 620 622 (-1274 -14982 -511.842987 ) (-1269.839966 -14982 -511.842987 ) (-1269.839966 -14982 12764 ) (-1274 -14982 12764 ) 
4 620 621 (-1274 -14336 -511.842987 ) (-1274 -14982 -511.842987 ) (-1274 -14982 12764 ) (-1274 -14336 12764 ) 
4 621 622 (-1283 -14982 14974.799805 ) (-1283 -14982 -511.842987 ) (-1274 -14982 -511.842987 ) (-1274 -14982 14974.799805 ) 
