PRT1
673
2069
4 0 8 (4096 4609 -128 ) (4096 4608 -128 ) (4096 4608 5850.240234 ) (4096 4609 5850.240234 ) 
4 0 7 (4608 4609 -128 ) (4608 4608 -128 ) (4096 4608 -128 ) (4096 4609 -128 ) 
4 0 6 (4096 4608 64 ) (4096 4608 -128 ) (4608 4608 -128 ) (4608 4608 64 ) 
4 0 2 (4096 4608 128 ) (4096 4608 64 ) (4608 4608 64 ) (4608 4608 128 ) 
4 0 1 (4096 4608 5850.240234 ) (4096 4608 400 ) (4608 4608 400 ) (4608 4608 5850.240234 ) 
4 1 9 (4096 4608 5850.240234 ) (4096 4608 400 ) (4096 4584 400 ) (4096 4584 5850.240234 ) 
4 1 3 (4608 4584 400 ) (4608 4584 5850.240234 ) (4584 4584 5850.240234 ) (4584 4584 400 ) 
4 1 5 (4584 4584 5850.240234 ) (4096 4584 5850.240234 ) (4096 4584 400 ) (4584 4584 400 ) 
4 2 10 (4096 4608 128 ) (4096 4608 64 ) (4096 4584 64 ) (4096 4584 128 ) 
4 2 6 (4096 4608 64 ) (4608 4608 64 ) (4608 4584 64 ) (4096 4584 64 ) 
4 2 4 (4584 4584 64 ) (4608 4584 64 ) (4608 4584 128 ) (4584 4584 128 ) 
4 2 5 (4096 4584 64 ) (4584 4584 64 ) (4584 4584 128 ) (4096 4584 128 ) 
4 3 14 (4608 4096 400 ) (4608 4096 5850.240234 ) (4584 4096 5850.240234 ) (4584 4096 400 ) 
4 3 5 (4584 4096 5850.240234 ) (4584 4584 5850.240234 ) (4584 4584 400 ) (4584 4096 400 ) 
4 4 15 (4584 4096 64 ) (4608 4096 64 ) (4608 4096 128 ) (4584 4096 128 ) 
4 4 6 (4608 4584 64 ) (4608 4096 64 ) (4584 4096 64 ) (4584 4584 64 ) 
4 4 5 (4584 4584 128 ) (4584 4584 64 ) (4584 4096 64 ) (4584 4096 128 ) 
4 5 16 (4096 4096 5850.240234 ) (4096 4096 64 ) (4584 4096 64 ) (4584 4096 5850.240234 ) 
4 5 11 (4096 4096 64 ) (4096 4096 5850.240234 ) (4096 4584 5850.240234 ) (4096 4584 64 ) 
4 5 6 (4584 4096 64 ) (4096 4096 64 ) (4096 4584 64 ) (4584 4584 64 ) 
4 6 17 (4608 4096 64 ) (4096 4096 64 ) (4096 4096 -128 ) (4608 4096 -128 ) 
4 6 12 (4096 4608 -128 ) (4096 4096 -128 ) (4096 4096 64 ) (4096 4608 64 ) 
4 6 7 (4608 4096 -128 ) (4096 4096 -128 ) (4096 4608 -128 ) (4608 4608 -128 ) 
4 7 18 (4608 4096 -128 ) (4096 4096 -128 ) (4096 4096 -1152.239990 ) (4608 4096 -1152.239990 ) 
4 7 13 (4096 4609 -1152.239990 ) (4096 4096 -1152.239990 ) (4096 4096 -128 ) (4096 4609 -128 ) 
4 8 33 (3072 4609 -128 ) (3072 4608 -128 ) (3072 4608 5850.240234 ) (3072 4609 5850.240234 ) 
4 8 13 (3072 4608 -128 ) (3072 4609 -128 ) (4096 4609 -128 ) (4096 4608 -128 ) 
4 8 9 (4096 4608 400 ) (4096 4608 5850.240234 ) (3072 4608 5850.240234 ) (3072 4608 400 ) 
4 8 10 (4096 4608 64 ) (4096 4608 128 ) (3072 4608 128 ) (3072 4608 64 ) 
4 8 12 (3072 4608 -128 ) (4096 4608 -128 ) (4096 4608 64 ) (3072 4608 64 ) 
4 9 34 (3072 4584 5850.240234 ) (3072 4608 5850.240234 ) (3072 4608 400 ) (3072 4584 400 ) 
4 9 11 (4096 4584 400 ) (4096 4584 5850.240234 ) (3072 4584 5850.240234 ) (3072 4584 400 ) 
4 10 35 (3072 4608 128 ) (3072 4608 64 ) (3072 4584 64 ) (3072 4584 128 ) 
4 10 11 (3072 4584 64 ) (4096 4584 64 ) (4096 4584 128 ) (3072 4584 128 ) 
4 10 12 (3072 4584 64 ) (3072 4608 64 ) (4096 4608 64 ) (4096 4584 64 ) 
4 11 36 (3072 4096 64 ) (3072 4096 5850.240234 ) (3072 4584 5850.240234 ) (3072 4584 64 ) 
4 11 19 (4096 4096 64 ) (4096 4096 5850.240234 ) (3072 4096 5850.240234 ) (3072 4096 64 ) 
4 11 12 (3072 4096 64 ) (3072 4584 64 ) (4096 4584 64 ) (4096 4096 64 ) 
4 12 37 (3072 4096 -128 ) (3072 4096 64 ) (3072 4608 64 ) (3072 4608 -128 ) 
4 12 21 (3584 4096 64 ) (3072 4096 64 ) (3072 4096 -128 ) (3584 4096 -128 ) 
4 12 20 (4096 4096 -128 ) (4096 4096 64 ) (3584 4096 64 ) (3584 4096 -128 ) 
4 12 13 (3072 4096 -128 ) (3072 4608 -128 ) (4096 4608 -128 ) (4096 4096 -128 ) 
4 13 38 (3072 4096 -1152.239990 ) (3072 4096 -128 ) (3072 4609 -128 ) (3072 4609 -1152.239990 ) 
4 13 23 (4096 4096 -1152.239990 ) (4096 4096 -128 ) (3072 4096 -128 ) (3072 4096 -1152.239990 ) 
4 14 24 (4608 3072 400 ) (4608 3072 5850.240234 ) (4584 3072 5850.240234 ) (4584 3072 400 ) 
4 14 16 (4584 3072 400 ) (4584 3072 5850.240234 ) (4584 4096 5850.240234 ) (4584 4096 400 ) 
4 15 25 (4584 3072 64 ) (4608 3072 64 ) (4608 3072 128 ) (4584 3072 128 ) 
4 15 17 (4584 4096 64 ) (4608 4096 64 ) (4608 3072 64 ) (4584 3072 64 ) 
4 15 16 (4584 4096 64 ) (4584 3072 64 ) (4584 3072 128 ) (4584 4096 128 ) 
4 16 26 (4096 3072 5850.240234 ) (4096 3072 64 ) (4584 3072 64 ) (4584 3072 5850.240234 ) 
4 16 19 (4096 4096 5850.240234 ) (4096 4096 64 ) (4096 3072 64 ) (4096 3072 5850.240234 ) 
4 16 17 (4096 3072 64 ) (4096 4096 64 ) (4584 4096 64 ) (4584 3072 64 ) 
4 17 27 (4608 3072 64 ) (4096 3072 64 ) (4096 3072 -128 ) (4608 3072 -128 ) 
4 17 20 (4096 4096 64 ) (4096 4096 -128 ) (4096 3072 -128 ) (4096 3072 64 ) 
4 17 18 (4608 3072 -128 ) (4096 3072 -128 ) (4096 4096 -128 ) (4608 4096 -128 ) 
4 18 28 (4608 3072 -128 ) (4096 3072 -128 ) (4096 3072 -1152.239990 ) (4608 3072 -1152.239990 ) 
4 18 23 (4096 4096 -128 ) (4096 4096 -1152.239990 ) (4096 3072 -1152.239990 ) (4096 3072 -128 ) 
4 19 51 (3072 3072 64 ) (3072 3072 5850.240234 ) (3072 4096 5850.240234 ) (3072 4096 64 ) 
4 19 29 (4096 3072 64 ) (4096 3072 5850.240234 ) (3072 3072 5850.240234 ) (3072 3072 64 ) 
4 19 22 (3584 3072 64 ) (3072 3072 64 ) (3072 3584 64 ) (3584 3584 64 ) 
4 19 21 (3072 3584 64 ) (3072 4096 64 ) (3584 4096 64 ) (3584 3584 64 ) 
4 19 20 (4096 4096 64 ) (4096 3072 64 ) (3584 3072 64 ) (3584 4096 64 ) 
4 20 30 (4096 3072 -128 ) (4096 3072 64 ) (3584 3072 64 ) (3584 3072 -128 ) 
4 20 23 (4096 3072 -128 ) (3584 3072 -128 ) (3584 4096 -128 ) (4096 4096 -128 ) 
4 20 22 (3584 3072 -127 ) (3584 3072 64 ) (3584 3584 64 ) (3584 3584 -127 ) 
4 20 21 (3584 4096 -128 ) (3584 3584 -128 ) (3584 3584 64 ) (3584 4096 64 ) 
4 21 52 (3072 3584 64 ) (3072 4096 64 ) (3072 4096 -128 ) (3072 3584 -128 ) 
4 21 23 (3072 3584 -128 ) (3072 4096 -128 ) (3584 4096 -128 ) (3584 3584 -128 ) 
4 21 22 (3584 3584 -127 ) (3584 3584 64 ) (3072 3584 64 ) (3072 3584 -127 ) 
4 22 53 (3072 3072 -127 ) (3072 3072 64 ) (3072 3584 64 ) (3072 3584 -127 ) 
4 22 31 (3584 3072 64 ) (3072 3072 64 ) (3072 3072 -127 ) (3584 3072 -127 ) 
4 23 54 (3072 3072 -1152.239990 ) (3072 3072 -128 ) (3072 4096 -128 ) (3072 4096 -1152.239990 ) 
4 23 32 (4096 3072 -1152.239990 ) (4096 3072 -128 ) (3072 3072 -128 ) (3072 3072 -1152.239990 ) 
4 24 370 (4608 2048 400 ) (4608 2048 5850.240234 ) (4584 2048 5850.240234 ) (4584 2048 400 ) 
4 24 26 (4584 2048 400 ) (4584 2048 5850.240234 ) (4584 3072 5850.240234 ) (4584 3072 400 ) 
4 25 371 (4584 2048 64 ) (4608 2048 64 ) (4608 2048 128 ) (4584 2048 128 ) 
4 25 27 (4584 3072 64 ) (4608 3072 64 ) (4608 2048 64 ) (4584 2048 64 ) 
4 25 26 (4584 3072 64 ) (4584 2048 64 ) (4584 2048 128 ) (4584 3072 128 ) 
4 26 372 (4096 2048 5850.240234 ) (4096 2048 64 ) (4584 2048 64 ) (4584 2048 5850.240234 ) 
4 26 29 (4096 3072 5850.240234 ) (4096 3072 64 ) (4096 2048 64 ) (4096 2048 5850.240234 ) 
4 26 27 (4096 2048 64 ) (4096 3072 64 ) (4584 3072 64 ) (4584 2048 64 ) 
4 27 373 (4608 2048 64 ) (4096 2048 64 ) (4096 2048 -128 ) (4608 2048 -128 ) 
4 27 30 (4096 3072 64 ) (4096 3072 -128 ) (4096 2048 -128 ) (4096 2048 64 ) 
4 27 28 (4608 2048 -128 ) (4096 2048 -128 ) (4096 3072 -128 ) (4608 3072 -128 ) 
4 28 374 (4608 2048 -128 ) (4096 2048 -128 ) (4096 2048 -1152.239990 ) (4608 2048 -1152.239990 ) 
4 28 32 (4096 3072 -128 ) (4096 3072 -1152.239990 ) (4096 2048 -1152.239990 ) (4096 2048 -128 ) 
4 29 375 (4096 2048 64 ) (4096 2048 5850.240234 ) (3072 2048 5850.240234 ) (3072 2048 64 ) 
4 29 55 (3072 2048 64 ) (3072 2048 5850.240234 ) (3072 3072 5850.240234 ) (3072 3072 64 ) 
4 29 31 (3584 2048 64 ) (3072 2048 64 ) (3072 3072 64 ) (3584 3072 64 ) 
4 29 30 (4096 3072 64 ) (4096 2048 64 ) (3584 2048 64 ) (3584 3072 64 ) 
4 30 376 (4096 2048 -128 ) (4096 2048 64 ) (3584 2048 64 ) (3584 2048 -128 ) 
4 30 32 (4096 2048 -128 ) (3584 2048 -128 ) (3584 3072 -128 ) (4096 3072 -128 ) 
4 30 31 (3584 2048 -127 ) (3584 2048 64 ) (3584 3072 64 ) (3584 3072 -127 ) 
4 31 377 (3584 2048 64 ) (3072 2048 64 ) (3072 2048 -127 ) (3584 2048 -127 ) 
4 31 56 (3072 2048 -127 ) (3072 2048 64 ) (3072 3072 64 ) (3072 3072 -127 ) 
4 32 378 (4096 2048 -1152.239990 ) (4096 2048 -128 ) (3072 2048 -128 ) (3072 2048 -1152.239990 ) 
4 32 57 (3072 2048 -1152.239990 ) (3072 2048 -128 ) (3072 3072 -128 ) (3072 3072 -1152.239990 ) 
4 33 39 (2048 4609 -128 ) (2048 4608 -128 ) (2048 4608 5850.240234 ) (2048 4609 5850.240234 ) 
4 33 38 (2048 4608 -128 ) (2048 4609 -128 ) (3072 4609 -128 ) (3072 4608 -128 ) 
4 33 34 (2048 4608 5850.240234 ) (2048 4608 400 ) (3072 4608 400 ) (3072 4608 5850.240234 ) 
4 33 35 (2048 4608 128 ) (2048 4608 64 ) (3072 4608 64 ) (3072 4608 128 ) 
4 33 37 (2048 4608 64 ) (2048 4608 -128 ) (3072 4608 -128 ) (3072 4608 64 ) 
4 34 40 (2048 4584 5850.240234 ) (2048 4608 5850.240234 ) (2048 4608 400 ) (2048 4584 400 ) 
4 34 36 (3072 4584 400 ) (3072 4584 5850.240234 ) (2048 4584 5850.240234 ) (2048 4584 400 ) 
4 35 41 (2048 4608 128 ) (2048 4608 64 ) (2048 4584 64 ) (2048 4584 128 ) 
4 35 36 (2048 4584 64 ) (3072 4584 64 ) (3072 4584 128 ) (2048 4584 128 ) 
4 35 37 (2048 4584 64 ) (2048 4608 64 ) (3072 4608 64 ) (3072 4584 64 ) 
4 36 51 (3072 4096 64 ) (3072 4096 5850.240234 ) (2048 4096 5850.240234 ) (2048 4096 64 ) 
4 36 42 (2048 4096 64 ) (2048 4096 5850.240234 ) (2048 4584 5850.240234 ) (2048 4584 64 ) 
4 36 37 (3072 4096 64 ) (2048 4096 64 ) (2048 4584 64 ) (3072 4584 64 ) 
4 37 52 (3072 4096 -128 ) (3072 4096 64 ) (2048 4096 64 ) (2048 4096 -128 ) 
4 37 43 (2048 4096 -128 ) (2048 4096 64 ) (2048 4608 64 ) (2048 4608 -128 ) 
4 37 38 (3072 4096 -128 ) (2048 4096 -128 ) (2048 4608 -128 ) (3072 4608 -128 ) 
4 38 54 (3072 4096 -1152.239990 ) (3072 4096 -128 ) (2048 4096 -128 ) (2048 4096 -1152.239990 ) 
4 38 44 (2048 4096 -1152.239990 ) (2048 4096 -128 ) (2048 4609 -128 ) (2048 4609 -1152.239990 ) 
4 39 45 (1024 4609 -128 ) (1024 4608 -128 ) (1024 4608 5850.240234 ) (1024 4609 5850.240234 ) 
4 39 44 (1024 4608 -128 ) (1024 4609 -128 ) (2048 4609 -128 ) (2048 4608 -128 ) 
4 39 40 (1024 4608 5850.240234 ) (1024 4608 400 ) (2048 4608 400 ) (2048 4608 5850.240234 ) 
4 39 41 (1024 4608 128 ) (1024 4608 64 ) (2048 4608 64 ) (2048 4608 128 ) 
4 39 43 (1024 4608 64 ) (1024 4608 -128 ) (2048 4608 -128 ) (2048 4608 64 ) 
4 40 46 (1024 4584 5850.240234 ) (1024 4608 5850.240234 ) (1024 4608 400 ) (1024 4584 400 ) 
4 40 42 (2048 4584 400 ) (2048 4584 5850.240234 ) (1024 4584 5850.240234 ) (1024 4584 400 ) 
4 41 47 (1024 4608 128 ) (1024 4608 64 ) (1024 4584 64 ) (1024 4584 128 ) 
4 41 42 (1024 4584 64 ) (2048 4584 64 ) (2048 4584 128 ) (1024 4584 128 ) 
4 41 43 (1024 4584 64 ) (1024 4608 64 ) (2048 4608 64 ) (2048 4584 64 ) 
4 42 59 (1495.989990 4096 5850.240234 ) (1214.989990 4096 5850.240234 ) (1214.989990 4096 64 ) (1495.989990 4096 64 ) 
4 42 58 (2048 4096 64 ) (2048 4096 5850.240234 ) (1495.989990 4096 5850.240234 ) (1495.989990 4096 64 ) 
4 42 61 (1214.989990 4096 5850.240234 ) (1024 4096 5850.240234 ) (1024 4096 64 ) (1214.989990 4096 64 ) 
4 42 48 (1024 4096 64 ) (1024 4096 5850.240234 ) (1024 4584 5850.240234 ) (1024 4584 64 ) 
4 42 43 (2048 4096 64 ) (1024 4096 64 ) (1024 4584 64 ) (2048 4584 64 ) 
4 43 62 (2048 4096 -128 ) (2048 4096 64 ) (1024 4096 64 ) (1024 4096 -128 ) 
4 43 49 (1024 4608 -128 ) (1024 4096 -128 ) (1024 4096 64 ) (1024 4608 64 ) 
4 43 44 (2048 4096 -128 ) (1024 4096 -128 ) (1024 4608 -128 ) (2048 4608 -128 ) 
4 44 68 (2048 4096 -1152.239990 ) (2048 4096 -146 ) (1024 4096 -146 ) (1024 4096 -1152.239990 ) 
4 44 66 (1495.989990 4096 -128 ) (1214.989990 4096 -128 ) (1214.989990 4096 -146 ) (1495.989990 4096 -146 ) 
4 44 65 (2048 4096 -146 ) (2048 4096 -128 ) (1495.989990 4096 -128 ) (1495.989990 4096 -146 ) 
4 44 67 (1214.989990 4096 -128 ) (1024 4096 -128 ) (1024 4096 -146 ) (1214.989990 4096 -146 ) 
4 44 50 (1024 4609 -1152.239990 ) (1024 4096 -1152.239990 ) (1024 4096 -128 ) (1024 4609 -128 ) 
4 45 118 (0 4609 -128 ) (0 4608 -128 ) (0 4608 955 ) (0 4609 955 ) 
4 45 117 (0 4608 955 ) (0 4608 5850.240234 ) (0 4609 5850.240234 ) (0 4609 955 ) 
4 45 50 (0 4608 -128 ) (0 4609 -128 ) (1024 4609 -128 ) (1024 4608 -128 ) 
4 45 46 (1024 4608 400 ) (1024 4608 5850.240234 ) (0 4608 5850.240234 ) (0 4608 400 ) 
4 45 47 (1024 4608 64 ) (1024 4608 128 ) (0 4608 128 ) (0 4608 64 ) 
4 45 49 (0 4608 -128 ) (1024 4608 -128 ) (1024 4608 64 ) (0 4608 64 ) 
4 46 124 (0 4608 425 ) (0 4608 400 ) (0 4584 400 ) (0 4584 425 ) 
4 46 122 (0 4608 449 ) (0 4608 425 ) (0 4584 425 ) (0 4584 449 ) 
4 46 121 (0 4584 5850.240234 ) (0 4608 5850.240234 ) (0 4608 449 ) (0 4584 449 ) 
4 46 48 (1024 4584 400 ) (1024 4584 5850.240234 ) (0 4584 5850.240234 ) (0 4584 400 ) 
4 47 125 (0 4608 128 ) (0 4608 64 ) (0 4584 64 ) (0 4584 128 ) 
4 47 48 (0 4584 64 ) (1024 4584 64 ) (1024 4584 128 ) (0 4584 128 ) 
4 47 49 (0 4584 64 ) (0 4608 64 ) (1024 4608 64 ) (1024 4584 64 ) 
4 48 126 (0 4096 64 ) (0 4096 425 ) (0 4584 425 ) (0 4584 64 ) 
4 48 122 (0 4096 425 ) (0 4096 449 ) (0 4584 449 ) (0 4584 425 ) 
4 48 121 (0 4096 449 ) (0 4096 5850.240234 ) (0 4584 5850.240234 ) (0 4584 449 ) 
4 48 84 (160 4096 128 ) (96 4096 128 ) (96 4096 64 ) (160 4096 64 ) 
4 48 83 (1024 4096 64 ) (1024 4096 128 ) (160 4096 128 ) (160 4096 64 ) 
4 48 86 (96 4096 128 ) (0 4096 128 ) (0 4096 64 ) (96 4096 64 ) 
4 48 80 (48 4096 128 ) (64 4096 128 ) (64 4096 168 ) (48 4096 168 ) 
4 48 82 (0 4096 168 ) (0 4096 128 ) (48 4096 128 ) (48 4096 168 ) 
4 48 79 (64 4096 5850.240234 ) (0 4096 5850.240234 ) (0 4096 168 ) (64 4096 168 ) 
4 48 78 (64 4096 144 ) (64 4096 128 ) (192 4096 128 ) (192 4096 144 ) 
4 48 77 (192 4096 5850.240234 ) (64 4096 5850.240234 ) (64 4096 144 ) (192 4096 144 ) 
4 48 75 (192 4096 168 ) (192 4096 128 ) (208 4096 128 ) (208 4096 168 ) 
4 48 74 (208 4096 5850.240234 ) (192 4096 5850.240234 ) (192 4096 168 ) (208 4096 168 ) 
4 48 70 (286 4096 5850.240234 ) (282 4096 5850.240234 ) (282 4096 128 ) (286 4096 128 ) 
4 48 69 (1024 4096 128 ) (1024 4096 5850.240234 ) (286 4096 5850.240234 ) (286 4096 128 ) 
4 48 73 (282 4096 5850.240234 ) (208 4096 5850.240234 ) (208 4096 128 ) (282 4096 128 ) 
4 48 49 (0 4096 64 ) (0 4584 64 ) (1024 4584 64 ) (1024 4096 64 ) 
4 49 131 (0 4096 -128 ) (0 4096 64 ) (0 4608 64 ) (0 4608 -128 ) 
4 49 91 (1024 4096 -128 ) (1024 4096 -127 ) (0 4096 -127 ) (0 4096 -128 ) 
4 49 88 (160 4096 64 ) (96 4096 64 ) (96 4096 -127 ) (160 4096 -127 ) 
4 49 87 (1024 4096 -127 ) (1024 4096 64 ) (160 4096 64 ) (160 4096 -127 ) 
4 49 90 (96 4096 64 ) (0 4096 64 ) (0 4096 -127 ) (96 4096 -127 ) 
4 49 50 (0 4096 -128 ) (0 4608 -128 ) (1024 4608 -128 ) (1024 4096 -128 ) 
4 50 135 (0 4096 -1152.239990 ) (0 4096 -529 ) (0 4609 -529 ) (0 4609 -1152.239990 ) 
4 50 132 (0 4096 -529 ) (0 4096 -128 ) (0 4609 -128 ) (0 4609 -529 ) 
4 50 92 (1024 4096 -1152.239990 ) (1024 4096 -128 ) (0 4096 -128 ) (0 4096 -1152.239990 ) 
4 51 58 (2048 4096 5850.240234 ) (2048 4096 64 ) (2048 3072 64 ) (2048 3072 5850.240234 ) 
4 51 55 (3072 3072 64 ) (3072 3072 5850.240234 ) (2048 3072 5850.240234 ) (2048 3072 64 ) 
4 51 53 (2048 3072 64 ) (2048 3584 64 ) (3072 3584 64 ) (3072 3072 64 ) 
4 51 52 (2048 3584 64 ) (2048 4096 64 ) (3072 4096 64 ) (3072 3584 64 ) 
4 52 62 (2048 4096 64 ) (2048 4096 -128 ) (2048 3584 -128 ) (2048 3584 64 ) 
4 52 54 (2048 3584 -128 ) (2048 4096 -128 ) (3072 4096 -128 ) (3072 3584 -128 ) 
4 52 53 (3072 3584 -127 ) (3072 3584 64 ) (2048 3584 64 ) (2048 3584 -127 ) 
4 53 63 (2048 3072 -127 ) (2048 3072 64 ) (2048 3584 64 ) (2048 3584 -127 ) 
4 53 56 (3072 3072 -127 ) (3072 3072 64 ) (2048 3072 64 ) (2048 3072 -127 ) 
4 54 68 (2048 4096 -146 ) (2048 4096 -1152.239990 ) (2048 3072 -1152.239990 ) (2048 3072 -146 ) 
4 54 65 (2048 4096 -128 ) (2048 4096 -146 ) (2048 3072 -146 ) (2048 3072 -128 ) 
4 54 57 (3072 3072 -1152.239990 ) (3072 3072 -128 ) (2048 3072 -128 ) (2048 3072 -1152.239990 ) 
4 55 397 (3072 2048 64 ) (3072 2048 5850.240234 ) (2048 2048 5850.240234 ) (2048 2048 64 ) 
4 55 93 (2048 2048 64 ) (2048 2048 5850.240234 ) (2048 3072 5850.240234 ) (2048 3072 64 ) 
4 55 56 (3072 2048 64 ) (2048 2048 64 ) (2048 3072 64 ) (3072 3072 64 ) 
4 56 398 (3072 2048 -127 ) (3072 2048 64 ) (2048 2048 64 ) (2048 2048 -127 ) 
4 56 97 (2048 2048 -127 ) (2048 2048 64 ) (2048 3072 64 ) (2048 3072 -127 ) 
4 57 399 (3072 2048 -1152.239990 ) (3072 2048 -128 ) (2048 2048 -128 ) (2048 2048 -1152.239990 ) 
4 57 100 (2048 2048 -146 ) (2048 2048 -128 ) (2048 3072 -128 ) (2048 3072 -146 ) 
4 57 103 (2048 2048 -1152.239990 ) (2048 2048 -146 ) (2048 3072 -146 ) (2048 3072 -1152.239990 ) 
4 58 93 (2048 3072 64 ) (2048 3072 5850.240234 ) (1495.989990 3072 5850.240234 ) (1495.989990 3072 64 ) 
4 58 63 (2048 3072 64 ) (1495.989990 3072 64 ) (1495.989990 3584 64 ) (2048 3584 64 ) 
4 58 62 (1495.989990 3584 64 ) (1495.989990 4096 64 ) (2048 4096 64 ) (2048 3584 64 ) 
4 58 60 (1495.989990 3072 96 ) (1495.989990 3072 5850.240234 ) (1495.989990 3584 5850.240234 ) (1495.989990 3584 96 ) 
4 58 59 (1495.989990 4096 64 ) (1495.989990 3584 64 ) (1495.989990 3584 5850.240234 ) (1495.989990 4096 5850.240234 ) 
4 59 62 (1214.989990 3584 64 ) (1214.989990 4096 64 ) (1495.989990 4096 64 ) (1495.989990 3584 64 ) 
4 59 60 (1214.989990 3584 5850.240234 ) (1214.989990 3584 96 ) (1495.989990 3584 96 ) (1495.989990 3584 5850.240234 ) 
4 59 61 (1214.989990 4096 64 ) (1214.989990 3584 64 ) (1214.989990 3584 5850.240234 ) (1214.989990 4096 5850.240234 ) 
4 60 94 (1495.989990 3072 5850.240234 ) (1214.989990 3072 5850.240234 ) (1214.989990 3072 96 ) (1495.989990 3072 96 ) 
4 60 61 (1214.989990 3072 96 ) (1214.989990 3072 5850.240234 ) (1214.989990 3584 5850.240234 ) (1214.989990 3584 96 ) 
4 61 96 (1214.989990 3072 5850.240234 ) (1024 3072 5850.240234 ) (1024 3072 64 ) (1214.989990 3072 64 ) 
4 61 83 (1024 4096 128 ) (1024 4096 64 ) (1024 3072 64 ) (1024 3072 128 ) 
4 61 69 (1024 4096 5850.240234 ) (1024 4096 128 ) (1024 3072 128 ) (1024 3072 5850.240234 ) 
4 61 64 (1214.989990 3072 64 ) (1024 3072 64 ) (1024 3584 64 ) (1214.989990 3584 64 ) 
4 61 62 (1024 3584 64 ) (1024 4096 64 ) (1214.989990 4096 64 ) (1214.989990 3584 64 ) 
4 62 91 (1024 4096 -127 ) (1024 4096 -128 ) (1024 3584 -128 ) (1024 3584 -127 ) 
4 62 87 (1024 4096 64 ) (1024 4096 -127 ) (1024 3584 -127 ) (1024 3584 64 ) 
4 62 66 (1214.989990 4096 -128 ) (1495.989990 4096 -128 ) (1495.989990 3584 -128 ) (1214.989990 3584 -128 ) 
4 62 65 (1495.989990 4096 -128 ) (2048 4096 -128 ) (2048 3584 -128 ) (1495.989990 3584 -128 ) 
4 62 67 (1024 3584 -128 ) (1024 4096 -128 ) (1214.989990 4096 -128 ) (1214.989990 3584 -128 ) 
4 62 64 (1214.989990 3584 -127 ) (1214.989990 3584 64 ) (1024 3584 64 ) (1024 3584 -127 ) 
4 62 63 (2048 3584 -127 ) (2048 3584 64 ) (1495.989990 3584 64 ) (1495.989990 3584 -127 ) 
4 63 97 (2048 3072 -127 ) (2048 3072 64 ) (1495.989990 3072 64 ) (1495.989990 3072 -127 ) 
4 64 99 (1214.989990 3072 64 ) (1024 3072 64 ) (1024 3072 -127 ) (1214.989990 3072 -127 ) 
4 64 87 (1024 3072 -127 ) (1024 3072 64 ) (1024 3584 64 ) (1024 3584 -127 ) 
4 65 100 (2048 3072 -146 ) (2048 3072 -128 ) (1495.989990 3072 -128 ) (1495.989990 3072 -146 ) 
4 65 68 (2048 3072 -146 ) (1495.989990 3072 -146 ) (1495.989990 4096 -146 ) (2048 4096 -146 ) 
4 65 66 (1495.989990 4096 -146 ) (1495.989990 3584 -146 ) (1495.989990 3584 -128 ) (1495.989990 4096 -128 ) 
4 66 68 (1214.989990 3584 -146 ) (1214.989990 4096 -146 ) (1495.989990 4096 -146 ) (1495.989990 3584 -146 ) 
4 66 67 (1214.989990 4096 -146 ) (1214.989990 3584 -146 ) (1214.989990 3584 -128 ) (1214.989990 4096 -128 ) 
4 67 102 (1214.989990 3072 -128 ) (1024 3072 -128 ) (1024 3072 -146 ) (1214.989990 3072 -146 ) 
4 67 92 (1024 4096 -128 ) (1024 4096 -146 ) (1024 3072 -146 ) (1024 3072 -128 ) 
4 67 68 (1214.989990 3072 -146 ) (1024 3072 -146 ) (1024 4096 -146 ) (1214.989990 4096 -146 ) 
4 68 103 (2048 3072 -1152.239990 ) (2048 3072 -146 ) (1024 3072 -146 ) (1024 3072 -1152.239990 ) 
4 68 92 (1024 4096 -146 ) (1024 4096 -1152.239990 ) (1024 3072 -1152.239990 ) (1024 3072 -146 ) 
4 69 105 (1024 3072 128 ) (1024 3072 168 ) (286 3072 168 ) (286 3072 128 ) 
4 69 104 (1024 3072 168 ) (1024 3072 5850.240234 ) (286 3072 5850.240234 ) (286 3072 168 ) 
4 69 83 (1024 4096 128 ) (1024 3072 128 ) (286 3072 128 ) (286 4096 128 ) 
4 69 71 (286 3930 384 ) (286 3930 5850.240234 ) (286 3934 5850.240234 ) (286 3934 384 ) 
4 69 70 (286 4096 128 ) (286 3934 128 ) (286 3934 5850.240234 ) (286 4096 5850.240234 ) 
4 69 72 (286 3930 128 ) (286 3072 128 ) (286 3072 5850.240234 ) (286 3930 5850.240234 ) 
4 70 83 (282 3934 128 ) (282 4096 128 ) (286 4096 128 ) (286 3934 128 ) 
4 70 71 (282 3934 5850.240234 ) (282 3934 384 ) (286 3934 384 ) (286 3934 5850.240234 ) 
4 70 73 (282 4096 128 ) (282 3934 128 ) (282 3934 5850.240234 ) (282 4096 5850.240234 ) 
4 71 73 (282 3930 384 ) (282 3930 5850.240234 ) (282 3934 5850.240234 ) (282 3934 384 ) 
4 71 72 (282 3930 5850.240234 ) (282 3930 384 ) (286 3930 384 ) (286 3930 5850.240234 ) 
4 72 105 (282 3072 168 ) (282 3072 128 ) (286 3072 128 ) (286 3072 168 ) 
4 72 104 (286 3072 5850.240234 ) (282 3072 5850.240234 ) (282 3072 168 ) (286 3072 168 ) 
4 72 83 (286 3072 128 ) (282 3072 128 ) (282 3930 128 ) (286 3930 128 ) 
4 72 73 (282 3930 128 ) (282 3072 128 ) (282 3072 5850.240234 ) (282 3930 5850.240234 ) 
4 73 105 (208 3072 168 ) (208 3072 128 ) (282 3072 128 ) (282 3072 168 ) 
4 73 104 (282 3072 5850.240234 ) (208 3072 5850.240234 ) (208 3072 168 ) (282 3072 168 ) 
4 73 83 (282 3072 128 ) (208 3072 128 ) (208 4096 128 ) (282 4096 128 ) 
3 73 76 (208 3647.996826 168 ) (208 3728 168 ) (208 3728 144 ) 
4 73 75 (208 4096 128 ) (208 3728 128 ) (208 3728 168 ) (208 4096 168 ) 
4 73 74 (208 3072 168 ) (208 3072 5850.240234 ) (208 4096 5850.240234 ) (208 4096 168 ) 
4 74 104 (192 3072 5850.240234 ) (192 3072 168 ) (208 3072 168 ) (208 3072 5850.240234 ) 
4 74 77 (192 4096 5850.240234 ) (192 4096 168 ) (192 3072 168 ) (192 3072 5850.240234 ) 
4 74 76 (192 3647.993408 168 ) (192 3728 168 ) (208 3728 168 ) (208 3647.996826 168 ) 
4 74 75 (192 3728 168 ) (192 4096 168 ) (208 4096 168 ) (208 3728 168 ) 
4 75 83 (192 3728 128 ) (192 4096 128 ) (208 4096 128 ) (208 3728 128 ) 
4 75 78 (192 4096 144 ) (192 4096 128 ) (192 3728 128 ) (192 3728 144 ) 
4 75 77 (192 4096 168 ) (192 4096 144 ) (192 3728 144 ) (192 3728 168 ) 
4 75 76 (208 3728 144 ) (208 3728 168 ) (192 3728 168 ) (192 3728 143.998032 ) 
3 76 77 (192 3647.993408 168 ) (192 3728 168 ) (192 3728 143.998032 ) 
4 77 106 (64 3072 168 ) (64 3072 144 ) (192 3072 144 ) (192 3072 168 ) 
4 77 104 (64 3072 5850.240234 ) (64 3072 168 ) (192 3072 168 ) (192 3072 5850.240234 ) 
3 77 81 (64 3648 168 ) (64 3728 168 ) (64 3728 144 ) 
4 77 80 (64 3728 168 ) (64 4096 168 ) (64 4096 144 ) (64 3728 144 ) 
4 77 79 (64 3072 168 ) (64 3072 5850.240234 ) (64 4096 5850.240234 ) (64 4096 168 ) 
4 77 78 (64 3647.994873 144 ) (64 4096 144 ) (192 4096 144 ) (192 3647.994873 144 ) 
4 78 84 (96 4096 128 ) (160 4096 128 ) (160 3728 128 ) (96 3728 128 ) 
4 78 83 (160 4096 128 ) (192 4096 128 ) (192 3728 128 ) (160 3728 128 ) 
4 78 86 (64 3728 128 ) (64 4096 128 ) (96 4096 128 ) (96 3728 128 ) 
4 78 80 (64 4096 128 ) (64 3728 128 ) (64 3728 144 ) (64 4096 144 ) 
4 79 198 (0 3072 168 ) (0 3072 425 ) (0 4096 425 ) (0 4096 168 ) 
4 79 196 (0 3072 425 ) (0 3072 449 ) (0 4096 449 ) (0 4096 425 ) 
4 79 195 (0 3072 449 ) (0 3072 5850.240234 ) (0 4096 5850.240234 ) (0 4096 449 ) 
4 79 104 (0 3072 5850.240234 ) (0 3072 168 ) (64 3072 168 ) (64 3072 5850.240234 ) 
4 79 81 (64 3728 168 ) (64 3648 168 ) (48 3647.993408 168 ) (48 3728 168 ) 
4 79 80 (48 4096 168 ) (64 4096 168 ) (64 3728 168 ) (48 3728 168 ) 
4 79 82 (0 3072 168 ) (0 4096 168 ) (48 4096 168 ) (48 3072 168 ) 
4 80 86 (48 3728 128 ) (48 4096 128 ) (64 4096 128 ) (64 3728 128 ) 
4 80 81 (48 3728 168 ) (48 3728 143.997955 ) (64 3728 144 ) (64 3728 168 ) 
4 80 82 (48 4096 128 ) (48 3728 128 ) (48 3728 168 ) (48 4096 168 ) 
3 81 82 (48 3647.993408 168 ) (48 3728 168 ) (48 3728 143.997955 ) 
4 82 198 (0 3072 128 ) (0 3072 168 ) (0 4096 168 ) (0 4096 128 ) 
4 82 107 (0 3072 168 ) (0 3072 128 ) (48 3072 128 ) (48 3072 168 ) 
4 82 86 (48 3072 128 ) (0 3072 128 ) (0 4096 128 ) (48 4096 128 ) 
4 83 108 (1024 3072 64 ) (1024 3072 128 ) (160 3072 128 ) (160 3072 64 ) 
4 83 87 (1024 3072 64 ) (160 3072 64 ) (160 4096 64 ) (1024 4096 64 ) 
4 83 84 (160 4096 64 ) (160 3232 64 ) (160 3232 128 ) (160 4096 128 ) 
4 83 85 (160 3168 64 ) (160 3072 64 ) (160 3072 128 ) (160 3168 128 ) 
4 84 88 (96 3232 64 ) (96 4096 64 ) (160 4096 64 ) (160 3232 64 ) 
4 84 86 (96 4096 64 ) (96 3232 64 ) (96 3232 128 ) (96 4096 128 ) 
4 85 108 (160 3072 128 ) (96 3072 128 ) (96 3072 64 ) (160 3072 64 ) 
4 85 89 (160 3072 64 ) (96 3072 64 ) (96 3168 64 ) (160 3168 64 ) 
4 85 86 (96 3168 64 ) (96 3072 64 ) (96 3072 128 ) (96 3168 128 ) 
4 86 198 (0 3072 64 ) (0 3072 128 ) (0 4096 128 ) (0 4096 64 ) 
4 86 108 (96 3072 128 ) (0 3072 128 ) (0 3072 64 ) (96 3072 64 ) 
4 86 90 (96 3072 64 ) (0 3072 64 ) (0 4096 64 ) (96 4096 64 ) 
4 87 109 (1024 3072 -127 ) (1024 3072 64 ) (160 3072 64 ) (160 3072 -127 ) 
4 87 91 (1024 4096 -127 ) (1024 3584 -127 ) (160 3584 -127 ) (160 4096 -127 ) 
4 87 88 (160 4096 -127 ) (160 3232 -127 ) (160 3232 64 ) (160 4096 64 ) 
4 87 89 (160 3168 -127 ) (160 3072 -127 ) (160 3072 64 ) (160 3168 64 ) 
4 88 91 (96 3584 -127 ) (96 4096 -127 ) (160 4096 -127 ) (160 3584 -127 ) 
4 88 90 (96 4096 -127 ) (96 3232 -127 ) (96 3232 64 ) (96 4096 64 ) 
4 89 109 (160 3072 64 ) (96 3072 64 ) (96 3072 -127 ) (160 3072 -127 ) 
4 89 90 (96 3168 -127 ) (96 3072 -127 ) (96 3072 64 ) (96 3168 64 ) 
4 90 214 (0 3072 -127 ) (0 3072 64 ) (0 3584 64 ) (0 3584 -127 ) 
4 90 213 (0 3584 64 ) (0 4096 64 ) (0 4096 -127 ) (0 3584 -127 ) 
4 90 109 (96 3072 64 ) (0 3072 64 ) (0 3072 -127 ) (96 3072 -127 ) 
4 90 91 (0 3584 -127 ) (0 4096 -127 ) (96 4096 -127 ) (96 3584 -127 ) 
4 91 213 (0 3584 -127 ) (0 4096 -127 ) (0 4096 -128 ) (0 3584 -128 ) 
4 91 92 (1024 4096 -128 ) (1024 3584 -128 ) (0 3584 -128 ) (0 4096 -128 ) 
4 92 215 (0 3072 -1152.239990 ) (0 3072 -128 ) (0 4096 -128 ) (0 4096 -1152.239990 ) 
4 92 110 (1024 3072 -1152.239990 ) (1024 3072 -128 ) (0 3072 -128 ) (0 3072 -1152.239990 ) 
4 93 400 (2048 2048 64 ) (2048 2048 5850.240234 ) (1495.989990 2048 5850.240234 ) (1495.989990 2048 64 ) 
4 93 97 (1495.989990 3072 64 ) (2048 3072 64 ) (2048 2048 64 ) (1495.989990 2048 64 ) 
4 93 94 (1495.989990 2555 96 ) (1495.989990 2555 5850.240234 ) (1495.989990 3072 5850.240234 ) (1495.989990 3072 96 ) 
4 93 95 (1495.989990 2555 64 ) (1495.989990 2048 64 ) (1495.989990 2048 5850.240234 ) (1495.989990 2555 5850.240234 ) 
4 94 95 (1214.989990 2555 5850.240234 ) (1214.989990 2555 96 ) (1495.989990 2555 96 ) (1495.989990 2555 5850.240234 ) 
4 94 96 (1214.989990 2555 96 ) (1214.989990 2555 5850.240234 ) (1214.989990 3072 5850.240234 ) (1214.989990 3072 96 ) 
4 95 400 (1495.989990 2048 5850.240234 ) (1214.989990 2048 5850.240234 ) (1214.989990 2048 64 ) (1495.989990 2048 64 ) 
4 95 98 (1495.989990 2555 64 ) (1495.989990 2048 64 ) (1214.989990 2048 64 ) (1214.989990 2555 64 ) 
4 95 96 (1214.989990 2555 64 ) (1214.989990 2048 64 ) (1214.989990 2048 5850.240234 ) (1214.989990 2555 5850.240234 ) 
4 96 400 (1214.989990 2048 5850.240234 ) (1024 2048 5850.240234 ) (1024 2048 64 ) (1214.989990 2048 64 ) 
4 96 105 (1024 3072 168 ) (1024 3072 128 ) (1024 2048 128 ) (1024 2048 168 ) 
4 96 104 (1024 3072 5850.240234 ) (1024 3072 168 ) (1024 2048 168 ) (1024 2048 5850.240234 ) 
4 96 108 (1024 3072 128 ) (1024 3072 64 ) (1024 2048 64 ) (1024 2048 128 ) 
4 96 99 (1024 3072 64 ) (1214.989990 3072 64 ) (1214.989990 2048 64 ) (1024 2048 64 ) 
4 97 401 (2048 2048 -127 ) (2048 2048 64 ) (1495.989990 2048 64 ) (1495.989990 2048 -127 ) 
4 97 98 (1495.989990 2555 -127 ) (1495.989990 2048 -127 ) (1495.989990 2048 64 ) (1495.989990 2555 64 ) 
4 98 401 (1495.989990 2048 64 ) (1214.989990 2048 64 ) (1214.989990 2048 -127 ) (1495.989990 2048 -127 ) 
4 98 99 (1214.989990 2555 -127 ) (1214.989990 2048 -127 ) (1214.989990 2048 64 ) (1214.989990 2555 64 ) 
4 99 401 (1214.989990 2048 64 ) (1024 2048 64 ) (1024 2048 -127 ) (1214.989990 2048 -127 ) 
4 99 109 (1024 3072 64 ) (1024 3072 -127 ) (1024 2048 -127 ) (1024 2048 64 ) 
4 100 402 (2048 2048 -146 ) (2048 2048 -128 ) (1495.989990 2048 -128 ) (1495.989990 2048 -146 ) 
4 100 101 (1495.989990 2555 -146 ) (1495.989990 2048 -146 ) (1495.989990 2048 -128 ) (1495.989990 2555 -128 ) 
4 100 103 (1495.989990 3072 -146 ) (2048 3072 -146 ) (2048 2048 -146 ) (1495.989990 2048 -146 ) 
4 101 402 (1214.989990 2048 -128 ) (1214.989990 2048 -146 ) (1495.989990 2048 -146 ) (1495.989990 2048 -128 ) 
4 101 102 (1214.989990 2555 -146 ) (1214.989990 2048 -146 ) (1214.989990 2048 -128 ) (1214.989990 2555 -128 ) 
4 101 103 (1495.989990 2555 -146 ) (1495.989990 2048 -146 ) (1214.989990 2048 -146 ) (1214.989990 2555 -146 ) 
4 102 402 (1024 2048 -128 ) (1024 2048 -146 ) (1214.989990 2048 -146 ) (1214.989990 2048 -128 ) 
4 102 110 (1024 3072 -128 ) (1024 3072 -146 ) (1024 2048 -146 ) (1024 2048 -128 ) 
4 102 103 (1024 3072 -146 ) (1214.989990 3072 -146 ) (1214.989990 2048 -146 ) (1024 2048 -146 ) 
4 103 402 (2048 2048 -1152.239990 ) (2048 2048 -146 ) (1024 2048 -146 ) (1024 2048 -1152.239990 ) 
4 103 110 (1024 3072 -146 ) (1024 3072 -1152.239990 ) (1024 2048 -1152.239990 ) (1024 2048 -146 ) 
4 104 403 (1024 2048 168 ) (1024 2048 5850.240234 ) (0 2048 5850.240234 ) (0 2048 168 ) 
4 104 216 (0 2048 168 ) (0 2048 5850.240234 ) (0 3072 5850.240234 ) (0 3072 168 ) 
4 104 107 (48 2048 168 ) (0 2048 168 ) (0 3072 168 ) (48 3072 168 ) 
4 104 106 (192 2048 168 ) (64 2048 168 ) (64 3072 168 ) (192 3072 168 ) 
4 104 105 (1024 3072 168 ) (1024 2048 168 ) (208 2048 168 ) (208 3072 168 ) 
4 105 404 (1024 2048 128 ) (1024 2048 168 ) (208 2048 168 ) (208 2048 128 ) 
4 105 108 (1024 2048 128 ) (208 2048 128 ) (208 3072 128 ) (1024 3072 128 ) 
4 106 405 (192 2048 168 ) (64 2048 168 ) (64 2048 144 ) (192 2048 144 ) 
4 107 406 (48 2048 168 ) (0 2048 168 ) (0 2048 128 ) (48 2048 128 ) 
4 107 216 (0 2048 128 ) (0 2048 168 ) (0 3072 168 ) (0 3072 128 ) 
4 107 108 (48 2048 128 ) (0 2048 128 ) (0 3072 128 ) (48 3072 128 ) 
4 108 407 (1024 2048 64 ) (1024 2048 128 ) (0 2048 128 ) (0 2048 64 ) 
4 108 216 (0 2048 64 ) (0 2048 128 ) (0 3072 128 ) (0 3072 64 ) 
4 108 109 (1024 3072 64 ) (1024 2048 64 ) (0 2048 64 ) (0 3072 64 ) 
4 109 408 (1024 2048 -127 ) (1024 2048 64 ) (0 2048 64 ) (0 2048 -127 ) 
4 109 217 (0 2048 -127 ) (0 2048 64 ) (0 3072 64 ) (0 3072 -127 ) 
4 110 409 (1024 2048 -1152.239990 ) (1024 2048 -128 ) (0 2048 -128 ) (0 2048 -1152.239990 ) 
4 110 218 (0 2048 -1152.239990 ) (0 2048 -128 ) (0 3072 -128 ) (0 3072 -1152.239990 ) 
4 111 113 (-1024 6144 -529 ) (-1024 6144 955 ) (-1024 6328 955 ) (-1024 6328 -529 ) 
4 111 112 (-866 6144 955 ) (-1024 6144 955 ) (-1024 6144 -529 ) (-866 6144 -529 ) 
4 112 133 (-1024 5120 -128 ) (-1024 5120 -529 ) (-866 5120 -529 ) (-866 5120 -128 ) 
4 112 119 (-866 5120 955 ) (-1024 5120 955 ) (-1024 5120 -128 ) (-866 5120 -128 ) 
4 112 115 (-1024 5120 -529 ) (-1024 5120 955 ) (-1024 6144 955 ) (-1024 6144 -529 ) 
4 113 115 (-1024 6144 -529 ) (-1024 6144 955 ) (-2048 6144 955 ) (-2048 6144 -529 ) 
4 113 114 (-2048 6144 -529 ) (-2048 6144 955 ) (-2048 6328 955 ) (-2048 6328 -529 ) 
4 114 116 (-2048 6144 -529 ) (-2048 6144 955 ) (-2238 6144 955 ) (-2238 6144 -529 ) 
4 115 158 (-1024 5120 -529 ) (-1024 5120 -128 ) (-2048 5120 -128 ) (-2048 5120 -529 ) 
4 115 137 (-1024 5120 -128 ) (-1024 5120 955 ) (-2048 5120 955 ) (-2048 5120 -128 ) 
4 115 116 (-2048 6144 955 ) (-2048 6144 -529 ) (-2048 5120 -529 ) (-2048 5120 955 ) 
4 116 191 (-2048 5120 -529 ) (-2048 5120 -128 ) (-2238 5120 -128 ) (-2238 5120 -529 ) 
4 116 162 (-2048 5120 -128 ) (-2048 5120 955 ) (-2238 5120 955 ) (-2238 5120 -128 ) 
4 117 136 (-1024 4609 955 ) (-1024 4608 955 ) (-1024 4608 5850.240234 ) (-1024 4609 5850.240234 ) 
4 117 121 (-1024 4608 5850.240234 ) (-1024 4608 955 ) (0 4608 955 ) (0 4608 5850.240234 ) 
4 117 120 (-866 4608 955 ) (-1024 4608 955 ) (-1024 4609 955 ) (-866 4609 955 ) 
4 117 118 (0 4608 955 ) (-866 4608 955 ) (-866 4609 955 ) (0 4609 955 ) 
4 118 132 (0 4609 -128 ) (0 4608 -128 ) (-866 4608 -128 ) (-866 4609 -128 ) 
4 118 124 (0 4608 400 ) (0 4608 425 ) (-866 4608 425 ) (-866 4608 400 ) 
4 118 125 (0 4608 64 ) (0 4608 128 ) (-866 4608 128 ) (-866 4608 64 ) 
4 118 123 (-168 4608 449 ) (-866 4608 449 ) (-866 4608 425 ) (-168 4608 425 ) 
4 118 122 (0 4608 425 ) (0 4608 449 ) (-168 4608 449 ) (-168 4608 425 ) 
4 118 121 (0 4608 449 ) (0 4608 955 ) (-866 4608 955 ) (-866 4608 449 ) 
4 118 131 (-866 4608 -128 ) (0 4608 -128 ) (0 4608 64 ) (-866 4608 64 ) 
4 118 120 (-866 4609 -128 ) (-866 4608 -128 ) (-866 4608 955 ) (-866 4609 955 ) 
4 119 137 (-1024 5120 955 ) (-1024 5120 -128 ) (-1024 5080 -128 ) (-1024 5080 955 ) 
4 119 133 (-1024 5080 -128 ) (-1024 5120 -128 ) (-866 5120 -128 ) (-866 5080 -128 ) 
4 120 138 (-1024 4609 -128 ) (-1024 4608 -128 ) (-1024 4608 955 ) (-1024 4609 955 ) 
4 120 134 (-1024 4608 -128 ) (-1024 4609 -128 ) (-866 4609 -128 ) (-866 4608 -128 ) 
4 120 124 (-1024 4608 425 ) (-1024 4608 400 ) (-866 4608 400 ) (-866 4608 425 ) 
4 120 125 (-1024 4608 128 ) (-1024 4608 64 ) (-866 4608 64 ) (-866 4608 128 ) 
4 120 123 (-1024 4608 449 ) (-1024 4608 425 ) (-866 4608 425 ) (-866 4608 449 ) 
4 120 121 (-1024 4608 955 ) (-1024 4608 449 ) (-866 4608 449 ) (-866 4608 955 ) 
4 120 131 (-1024 4608 64 ) (-1024 4608 -128 ) (-866 4608 -128 ) (-866 4608 64 ) 
4 121 195 (0 4096 449 ) (0 4096 5850.240234 ) (-1024 4096 5850.240234 ) (-1024 4096 449 ) 
4 121 140 (-1024 4096 449 ) (-1024 4096 5850.240234 ) (-1024 4157 5850.240234 ) (-1024 4157 449 ) 
4 121 139 (-1024 4157 5850.240234 ) (-1024 4608 5850.240234 ) (-1024 4608 449 ) (-1024 4157 449 ) 
4 121 123 (-1024 4157 449 ) (-1024 4608 449 ) (-168 4608 449 ) (-168 4157 449 ) 
4 121 122 (0 4096 449 ) (-168 4096 449 ) (-168 4608 449 ) (0 4608 449 ) 
4 122 196 (0 4096 425 ) (0 4096 449 ) (-168 4096 449 ) (-168 4096 425 ) 
4 122 126 (0 4584 425 ) (0 4096 425 ) (-168 4096 425 ) (-168 4584 425 ) 
4 122 124 (-168 4608 425 ) (0 4608 425 ) (0 4584 425 ) (-168 4584 425 ) 
4 122 123 (-168 4608 425 ) (-168 4157 425 ) (-168 4157 449 ) (-168 4608 449 ) 
4 123 139 (-1024 4157 449 ) (-1024 4608 449 ) (-1024 4608 425 ) (-1024 4157 425 ) 
4 123 129 (-1024 4157 425 ) (-1024 4584 425 ) (-232 4584 425 ) (-232 4157 425 ) 
4 123 127 (-232 4584 425 ) (-168 4584 425 ) (-168 4157 425 ) (-232 4157 425 ) 
4 123 124 (-1024 4584 425 ) (-1024 4608 425 ) (-168 4608 425 ) (-168 4584 425 ) 
4 124 142 (-1024 4584 425 ) (-1024 4608 425 ) (-1024 4608 400 ) (-1024 4584 400 ) 
4 124 129 (-232 4584 425 ) (-1024 4584 425 ) (-1024 4584 400 ) (-232 4584 400 ) 
4 124 127 (-168 4584 425 ) (-232 4584 425 ) (-232 4584 400 ) (-168 4584 400 ) 
4 124 126 (0 4584 400 ) (0 4584 425 ) (-168 4584 425 ) (-168 4584 400 ) 
4 125 156 (-1024 4608 128 ) (-1024 4608 64 ) (-1024 4584 64 ) (-1024 4584 128 ) 
4 125 129 (-1024 4584 64 ) (-232 4584 64 ) (-232 4584 128 ) (-1024 4584 128 ) 
4 125 127 (-232 4584 64 ) (-168 4584 64 ) (-168 4584 128 ) (-232 4584 128 ) 
4 125 126 (-168 4584 64 ) (0 4584 64 ) (0 4584 128 ) (-168 4584 128 ) 
4 125 131 (-1024 4584 64 ) (-1024 4608 64 ) (0 4608 64 ) (0 4584 64 ) 
4 126 198 (0 4096 64 ) (0 4096 425 ) (-168 4096 425 ) (-168 4096 64 ) 
4 126 128 (-168 4157 64 ) (-168 4096 64 ) (-168 4096 129 ) (-168 4157 129 ) 
4 126 127 (-168 4584 425 ) (-168 4584 64 ) (-168 4157 64 ) (-168 4157 425 ) 
4 126 131 (0 4096 64 ) (-168 4096 64 ) (-168 4584 64 ) (0 4584 64 ) 
4 127 129 (-232 4584 425 ) (-232 4584 64 ) (-232 4157 64 ) (-232 4157 425 ) 
4 127 128 (-232 4157 129 ) (-232 4157 64 ) (-168 4157 64 ) (-168 4157 129 ) 
4 127 131 (-232 4157 64 ) (-232 4584 64 ) (-168 4584 64 ) (-168 4157 64 ) 
4 128 199 (-232 4096 129 ) (-232 4096 64 ) (-168 4096 64 ) (-168 4096 129 ) 
4 128 130 (-232 4157 64 ) (-232 4096 64 ) (-232 4096 129 ) (-232 4157 129 ) 
4 128 131 (-168 4096 64 ) (-232 4096 64 ) (-232 4157 64 ) (-168 4157 64 ) 
4 129 146 (-1024 4157 425 ) (-1024 4424 425 ) (-1024 4424 128 ) (-1024 4157 128 ) 
4 129 143 (-1024 4424 425 ) (-1024 4584 425 ) (-1024 4584 128 ) (-1024 4424 128 ) 
4 129 156 (-1024 4584 128 ) (-1024 4584 64 ) (-1024 4157 64 ) (-1024 4157 128 ) 
4 129 130 (-1024 4157 64 ) (-232 4157 64 ) (-232 4157 129 ) (-1024 4157 129 ) 
4 129 131 (-1024 4157 64 ) (-1024 4584 64 ) (-232 4584 64 ) (-232 4157 64 ) 
4 130 201 (-1024 4096 129 ) (-1024 4096 64 ) (-232 4096 64 ) (-232 4096 129 ) 
4 130 147 (-1024 4096 128 ) (-1024 4096 129 ) (-1024 4157 129 ) (-1024 4157 128 ) 
4 130 156 (-1024 4096 64 ) (-1024 4096 128 ) (-1024 4157 128 ) (-1024 4157 64 ) 
4 130 131 (-232 4096 64 ) (-1024 4096 64 ) (-1024 4157 64 ) (-232 4157 64 ) 
4 131 213 (0 4096 -128 ) (0 4096 64 ) (-1024 4096 64 ) (-1024 4096 -128 ) 
4 131 157 (-1024 4608 -128 ) (-1024 4096 -128 ) (-1024 4096 64 ) (-1024 4608 64 ) 
4 131 134 (-866 4096 -128 ) (-1024 4096 -128 ) (-1024 4608 -128 ) (-866 4608 -128 ) 
4 131 132 (0 4096 -128 ) (-866 4096 -128 ) (-866 4608 -128 ) (0 4608 -128 ) 
4 132 215 (0 4096 -529 ) (0 4096 -128 ) (-866 4096 -128 ) (-866 4096 -529 ) 
4 132 135 (0 4609 -529 ) (0 4096 -529 ) (-866 4096 -529 ) (-866 4609 -529 ) 
4 132 134 (-866 4609 -529 ) (-866 4096 -529 ) (-866 4096 -128 ) (-866 4609 -128 ) 
4 133 158 (-1024 5120 -128 ) (-1024 5120 -529 ) (-1024 5080 -529 ) (-1024 5080 -128 ) 
4 134 215 (-866 4096 -128 ) (-1024 4096 -128 ) (-1024 4096 -529 ) (-866 4096 -529 ) 
4 134 159 (-1024 4609 -529 ) (-1024 4096 -529 ) (-1024 4096 -128 ) (-1024 4609 -128 ) 
4 134 135 (-1024 4096 -529 ) (-1024 4609 -529 ) (-866 4609 -529 ) (-866 4096 -529 ) 
4 135 215 (0 4096 -1152.239990 ) (0 4096 -529 ) (-1024 4096 -529 ) (-1024 4096 -1152.239990 ) 
4 135 160 (-1024 4609 -1152.239990 ) (-1024 4096 -1152.239990 ) (-1024 4096 -529 ) (-1024 4609 -529 ) 
4 136 161 (-2048 4609 955 ) (-2048 4608 955 ) (-2048 4608 5850.240234 ) (-2048 4609 5850.240234 ) 
4 136 139 (-1233.369995 4608 955 ) (-1024 4608 955 ) (-1024 4608 5850.240234 ) (-1233.369995 4608 5850.240234 ) 
4 136 141 (-2048 4608 5850.240234 ) (-2048 4608 955 ) (-1233.369995 4608 955 ) (-1233.369995 4608 5850.240234 ) 
4 136 138 (-1024 4608 955 ) (-2048 4608 955 ) (-2048 4609 955 ) (-1024 4609 955 ) 
4 137 162 (-2048 5120 955 ) (-2048 5120 -128 ) (-2048 5080 -128 ) (-2048 5080 955 ) 
4 137 158 (-2048 5080 -128 ) (-2048 5120 -128 ) (-1024 5120 -128 ) (-1024 5080 -128 ) 
4 138 163 (-2048 4609 -128 ) (-2048 4608 -128 ) (-2048 4608 955 ) (-2048 4609 955 ) 
4 138 159 (-2048 4608 -128 ) (-2048 4609 -128 ) (-1024 4609 -128 ) (-1024 4608 -128 ) 
4 138 142 (-2048 4608 425 ) (-2048 4608 400 ) (-1024 4608 400 ) (-1024 4608 425 ) 
4 138 139 (-1233.369995 4608 425 ) (-1024 4608 425 ) (-1024 4608 955 ) (-1233.369995 4608 955 ) 
4 138 141 (-2048 4608 955 ) (-2048 4608 425 ) (-1233.369995 4608 425 ) (-1233.369995 4608 955 ) 
4 138 156 (-2048 4608 128 ) (-2048 4608 64 ) (-1024 4608 64 ) (-1024 4608 128 ) 
4 138 157 (-2048 4608 64 ) (-2048 4608 -128 ) (-1024 4608 -128 ) (-1024 4608 64 ) 
4 139 148 (-1233.369995 4157 425 ) (-1233.369995 4424 425 ) (-1169.369995 4424 425 ) (-1169.369995 4157 425 ) 
4 139 146 (-1169.369995 4424 425 ) (-1024 4424 425 ) (-1024 4157 425 ) (-1169.369995 4157 425 ) 
4 139 143 (-1233.369995 4424 425 ) (-1233.369995 4584 425 ) (-1024 4584 425 ) (-1024 4424 425 ) 
4 139 142 (-1233.369995 4584 425 ) (-1233.369995 4608 425 ) (-1024 4608 425 ) (-1024 4584 425 ) 
4 139 140 (-1233.369995 4157 5850.240234 ) (-1233.369995 4157 449 ) (-1024 4157 449 ) (-1024 4157 5850.240234 ) 
4 139 141 (-1233.369995 4608 425 ) (-1233.369995 4157 425 ) (-1233.369995 4157 5850.240234 ) (-1233.369995 4608 5850.240234 ) 
4 140 219 (-1024 4096 449 ) (-1024 4096 5850.240234 ) (-1233.369995 4096 5850.240234 ) (-1233.369995 4096 449 ) 
4 140 141 (-1233.369995 4096 449 ) (-1233.369995 4096 5850.240234 ) (-1233.369995 4157 5850.240234 ) (-1233.369995 4157 449 ) 
4 141 221 (-2048 4096 449 ) (-2048 4096 425 ) (-1233.369995 4096 425 ) (-1233.369995 4096 449 ) 
4 141 219 (-1233.369995 4096 5850.240234 ) (-2048 4096 5850.240234 ) (-2048 4096 449 ) (-1233.369995 4096 449 ) 
4 141 180 (-2048 4096 425 ) (-2048 4096 5850.240234 ) (-2048 4578 5850.240234 ) (-2048 4578 425 ) 
4 141 167 (-2048 4578 5850.240234 ) (-2048 4584 5850.240234 ) (-2048 4584 425 ) (-2048 4578 425 ) 
4 141 165 (-2048 4584 5850.240234 ) (-2048 4608 5850.240234 ) (-2048 4608 425 ) (-2048 4584 425 ) 
4 141 155 (-2024.209961 4096 425 ) (-2048 4096 425 ) (-2048 4264 425 ) (-2024.209961 4264 425 ) 
4 141 154 (-2024 4096 425 ) (-2024.209961 4096 425 ) (-2024.209961 4264 425 ) (-2024 4264 425 ) 
4 141 153 (-2048 4264 425 ) (-2048 4424 425 ) (-2024 4424 425 ) (-2024 4264 425 ) 
4 141 151 (-1920.630005 4096 425 ) (-2024 4096 425 ) (-2024 4424 425 ) (-1920.630005 4424 425 ) 
4 141 150 (-1233.369995 4096 425 ) (-1920.630005 4096 425 ) (-1920.630005 4424 425 ) (-1233.369995 4424 425 ) 
4 141 145 (-2048 4424 425 ) (-2048 4428 425 ) (-1920 4428 425 ) (-1920 4424 425 ) 
4 141 144 (-2048 4428 425 ) (-2048 4584 425 ) (-1920 4584 425 ) (-1920 4428 425 ) 
4 141 143 (-1920 4584 425 ) (-1233.369995 4584 425 ) (-1233.369995 4424 425 ) (-1920 4424 425 ) 
4 141 142 (-2048 4584 425 ) (-2048 4608 425 ) (-1233.369995 4608 425 ) (-1233.369995 4584 425 ) 
4 142 165 (-2048 4584 425 ) (-2048 4608 425 ) (-2048 4608 400 ) (-2048 4584 400 ) 
4 142 144 (-1920 4584 425 ) (-2048 4584 425 ) (-2048 4584 400 ) (-1920 4584 400 ) 
4 142 143 (-1024 4584 400 ) (-1024 4584 425 ) (-1920 4584 425 ) (-1920 4584 400 ) 
4 143 148 (-1233.369995 4424 128 ) (-1169.369995 4424 128 ) (-1169.369995 4424 425 ) (-1233.369995 4424 425 ) 
4 143 150 (-1920 4424 128 ) (-1233.369995 4424 128 ) (-1233.369995 4424 425 ) (-1920 4424 425 ) 
4 143 146 (-1169.369995 4424 128 ) (-1024 4424 128 ) (-1024 4424 425 ) (-1169.369995 4424 425 ) 
4 143 145 (-1920 4424 133 ) (-1920 4424 425 ) (-1920 4428 425 ) (-1920 4428 133 ) 
4 143 144 (-1920 4584 425 ) (-1920 4584 128 ) (-1920 4428 128 ) (-1920 4428 425 ) 
4 143 156 (-1920 4584 128 ) (-1024 4584 128 ) (-1024 4424 128 ) (-1920 4424 128 ) 
4 144 181 (-2048 4578 133 ) (-2048 4578 128 ) (-2048 4428 128 ) (-2048 4428 133 ) 
4 144 180 (-2048 4428 425 ) (-2048 4578 425 ) (-2048 4578 133 ) (-2048 4428 133 ) 
4 144 172 (-2048 4584 268.614990 ) (-2048 4584 128 ) (-2048 4578 128 ) (-2048 4578 268.614990 ) 
4 144 171 (-2048 4584 286.153992 ) (-2048 4584 268.614990 ) (-2048 4578 268.614990 ) (-2048 4578 286.153992 ) 
4 144 170 (-2048 4584 344.614990 ) (-2048 4584 286.153992 ) (-2048 4578 286.153992 ) (-2048 4578 344.614990 ) 
4 144 168 (-2048 4584 368 ) (-2048 4584 344.614990 ) (-2048 4578 344.614990 ) (-2048 4578 368 ) 
4 144 167 (-2048 4578 425 ) (-2048 4584 425 ) (-2048 4584 368 ) (-2048 4578 368 ) 
4 144 145 (-1920 4428 133 ) (-1920 4428 425 ) (-2048 4428 425 ) (-2048 4428 133 ) 
4 144 156 (-2048 4428 128 ) (-2048 4584 128 ) (-1920 4584 128 ) (-1920 4428 128 ) 
4 145 180 (-2048 4424 425 ) (-2048 4428 425 ) (-2048 4428 133 ) (-2048 4424 133 ) 
4 145 153 (-2024 4424 425 ) (-2048 4424 425 ) (-2048 4424 133 ) (-2024 4424 133 ) 
4 145 151 (-1920.630005 4424 425 ) (-2024 4424 425 ) (-2024 4424 136.078003 ) (-1920.630005 4424 136.078003 ) 
4 145 150 (-1920 4424 133 ) (-1920 4424 425 ) (-1920.630005 4424 425 ) (-1920.630005 4424 133 ) 
4 146 148 (-1169.369995 4424 425 ) (-1169.369995 4424 128 ) (-1169.369995 4157 128 ) (-1169.369995 4157 425 ) 
4 146 147 (-1169.369995 4157 129 ) (-1169.369995 4157 128 ) (-1024 4157 128 ) (-1024 4157 129 ) 
4 146 156 (-1169.369995 4424 128 ) (-1024 4424 128 ) (-1024 4157 128 ) (-1169.369995 4157 128 ) 
4 147 224 (-1024 4096 128 ) (-1024 4096 129 ) (-1169.369995 4096 129 ) (-1169.369995 4096 128 ) 
4 147 149 (-1169.369995 4157 128 ) (-1169.369995 4096 128 ) (-1169.369995 4096 129 ) (-1169.369995 4157 129 ) 
4 147 156 (-1024 4157 128 ) (-1024 4096 128 ) (-1169.369995 4096 128 ) (-1169.369995 4157 128 ) 
4 148 149 (-1233.369995 4157 129 ) (-1233.369995 4157 128 ) (-1169.369995 4157 128 ) (-1169.369995 4157 129 ) 
4 148 150 (-1233.369995 4424 425 ) (-1233.369995 4424 128 ) (-1233.369995 4157 128 ) (-1233.369995 4157 425 ) 
4 148 156 (-1233.369995 4424 128 ) (-1169.369995 4424 128 ) (-1169.369995 4157 128 ) (-1233.369995 4157 128 ) 
4 149 225 (-1233.369995 4096 129 ) (-1233.369995 4096 128 ) (-1169.369995 4096 128 ) (-1169.369995 4096 129 ) 
4 149 156 (-1169.369995 4157 128 ) (-1169.369995 4096 128 ) (-1233.369995 4096 128 ) (-1233.369995 4157 128 ) 
4 149 150 (-1233.369995 4157 128 ) (-1233.369995 4096 128 ) (-1233.369995 4096 129 ) (-1233.369995 4157 129 ) 
4 150 234 (-1590 4096 425 ) (-1920.630005 4096 425 ) (-1920.630005 4096 128 ) (-1590 4096 128 ) 
4 150 231 (-1558 4096 425 ) (-1590 4096 425 ) (-1590 4096 128 ) (-1558 4096 128 ) 
4 150 230 (-1520 4096 425 ) (-1558 4096 425 ) (-1558 4096 128 ) (-1520 4096 128 ) 
4 150 228 (-1239 4096 425 ) (-1520 4096 425 ) (-1520 4096 128 ) (-1239 4096 128 ) 
4 150 227 (-1233.369995 4096 425 ) (-1239 4096 425 ) (-1239 4096 128 ) (-1233.369995 4096 128 ) 
4 150 151 (-1920.630005 4424 425 ) (-1920.630005 4424 136.078003 ) (-1920.630005 4096 136.078003 ) (-1920.630005 4096 425 ) 
4 150 152 (-1920.630005 4424 131.078003 ) (-1920.630005 4424 128 ) (-1920.630005 4096 128 ) (-1920.630005 4096 131.078003 ) 
4 150 156 (-1920.630005 4424 128 ) (-1233.369995 4424 128 ) (-1233.369995 4096 128 ) (-1920.630005 4096 128 ) 
4 151 235 (-1920.630005 4096 425 ) (-2024 4096 425 ) (-2024 4096 136.078003 ) (-1920.630005 4096 136.078003 ) 
4 151 154 (-2024 4264 136.078003 ) (-2024 4096 136.078003 ) (-2024 4096 425 ) (-2024 4264 425 ) 
4 151 153 (-2024 4424 425 ) (-2024 4424 136.078003 ) (-2024 4264 136.078003 ) (-2024 4264 425 ) 
4 152 236 (-2024 4096 131.078003 ) (-2024 4096 128 ) (-1920.630005 4096 128 ) (-1920.630005 4096 131.078003 ) 
4 152 154 (-2024 4264 128 ) (-2024 4096 128 ) (-2024 4096 131.078003 ) (-2024 4264 131.078003 ) 
4 152 156 (-2024 4424 128 ) (-1920.630005 4424 128 ) (-1920.630005 4096 128 ) (-2024 4096 128 ) 
4 153 180 (-2048 4264 425 ) (-2048 4424 425 ) (-2048 4424 133 ) (-2048 4264 133 ) 
4 153 155 (-2024.209961 4264 425 ) (-2048 4264 425 ) (-2048 4264 133 ) (-2024.209961 4264 133 ) 
4 153 154 (-2024 4264 133 ) (-2024 4264 425 ) (-2024.209961 4264 425 ) (-2024.209961 4264 133 ) 
4 154 237 (-2024 4096 425 ) (-2024.209961 4096 425 ) (-2024.209961 4096 128 ) (-2024 4096 128 ) 
4 154 155 (-2024.209961 4264 425 ) (-2024.209961 4264 133 ) (-2024.209961 4096 133 ) (-2024.209961 4096 425 ) 
4 154 156 (-2024.209961 4264 128 ) (-2024 4264 128 ) (-2024 4096 128 ) (-2024.209961 4096 128 ) 
4 155 238 (-2024.209961 4096 425 ) (-2048 4096 425 ) (-2048 4096 133 ) (-2024.209961 4096 133 ) 
4 155 180 (-2048 4096 133 ) (-2048 4096 425 ) (-2048 4264 425 ) (-2048 4264 133 ) 
4 156 239 (-2024.209961 4096 128 ) (-2048 4096 128 ) (-2048 4096 64 ) (-2024.209961 4096 64 ) 
4 156 237 (-2024 4096 128 ) (-2024.209961 4096 128 ) (-2024.209961 4096 64 ) (-2024 4096 64 ) 
4 156 236 (-1920.630005 4096 128 ) (-2024 4096 128 ) (-2024 4096 64 ) (-1920.630005 4096 64 ) 
4 156 234 (-1590 4096 128 ) (-1920.630005 4096 128 ) (-1920.630005 4096 64 ) (-1590 4096 64 ) 
4 156 231 (-1558 4096 128 ) (-1590 4096 128 ) (-1590 4096 64 ) (-1558 4096 64 ) 
4 156 230 (-1520 4096 128 ) (-1558 4096 128 ) (-1558 4096 64 ) (-1520 4096 64 ) 
4 156 228 (-1239 4096 128 ) (-1520 4096 128 ) (-1520 4096 64 ) (-1239 4096 64 ) 
4 156 227 (-1233.369995 4096 128 ) (-1239 4096 128 ) (-1239 4096 64 ) (-1233.369995 4096 64 ) 
4 156 225 (-1169.369995 4096 128 ) (-1233.369995 4096 128 ) (-1233.369995 4096 64 ) (-1169.369995 4096 64 ) 
4 156 224 (-1024 4096 64 ) (-1024 4096 128 ) (-1169.369995 4096 128 ) (-1169.369995 4096 64 ) 
4 156 189 (-2048 4096 64 ) (-2048 4096 128 ) (-2048 4264 128 ) (-2048 4264 64 ) 
4 156 188 (-2048 4264 128 ) (-2048 4424 128 ) (-2048 4424 64 ) (-2048 4264 64 ) 
4 156 187 (-2048 4424 128 ) (-2048 4428 128 ) (-2048 4428 64 ) (-2048 4424 64 ) 
4 156 181 (-2048 4428 128 ) (-2048 4578 128 ) (-2048 4578 64 ) (-2048 4428 64 ) 
4 156 172 (-2048 4578 128 ) (-2048 4584 128 ) (-2048 4584 64 ) (-2048 4578 64 ) 
4 156 166 (-2048 4584 128 ) (-2048 4608 128 ) (-2048 4608 64 ) (-2048 4584 64 ) 
4 156 157 (-1024 4096 64 ) (-2048 4096 64 ) (-2048 4608 64 ) (-1024 4608 64 ) 
4 157 251 (-1024 4096 -128 ) (-1024 4096 -127 ) (-2048 4096 -127 ) (-2048 4096 -128 ) 
4 157 247 (-1558 4096 64 ) (-1590 4096 64 ) (-1590 4096 -127 ) (-1558 4096 -127 ) 
4 157 250 (-1590 4096 64 ) (-2048 4096 64 ) (-2048 4096 -127 ) (-1590 4096 -127 ) 
4 157 245 (-1239 4096 64 ) (-1520 4096 64 ) (-1520 4096 -127 ) (-1239 4096 -127 ) 
4 157 244 (-1024 4096 -127 ) (-1024 4096 64 ) (-1239 4096 64 ) (-1239 4096 -127 ) 
4 157 246 (-1520 4096 64 ) (-1558 4096 64 ) (-1558 4096 -127 ) (-1520 4096 -127 ) 
4 157 190 (-2048 4096 -128 ) (-2048 4096 64 ) (-2048 4608 64 ) (-2048 4608 -128 ) 
4 157 159 (-1024 4096 -128 ) (-2048 4096 -128 ) (-2048 4608 -128 ) (-1024 4608 -128 ) 
4 158 191 (-2048 5080 -128 ) (-2048 5120 -128 ) (-2048 5120 -529 ) (-2048 5080 -529 ) 
4 159 252 (-1024 4096 -529 ) (-1024 4096 -128 ) (-2048 4096 -128 ) (-2048 4096 -529 ) 
4 159 192 (-2048 4096 -529 ) (-2048 4096 -128 ) (-2048 4609 -128 ) (-2048 4609 -529 ) 
4 159 160 (-1024 4096 -529 ) (-2048 4096 -529 ) (-2048 4609 -529 ) (-1024 4609 -529 ) 
4 160 252 (-1024 4096 -1152.239990 ) (-1024 4096 -529 ) (-2048 4096 -529 ) (-2048 4096 -1152.239990 ) 
4 160 194 (-2048 4096 -1152.239990 ) (-2048 4096 -529 ) (-2048 4609 -529 ) (-2048 4609 -1152.239990 ) 
4 161 271 (-3072 4609 955 ) (-3072 4608 955 ) (-3072 4608 5850.240234 ) (-3072 4609 5850.240234 ) 
4 161 165 (-2048 4608 955 ) (-2048 4608 5850.240234 ) (-3072 4608 5850.240234 ) (-3072 4608 955 ) 
4 161 164 (-2238 4608 955 ) (-3072 4608 955 ) (-3072 4609 955 ) (-2238 4609 955 ) 
4 161 163 (-2048 4608 955 ) (-2238 4608 955 ) (-2238 4609 955 ) (-2048 4609 955 ) 
4 162 191 (-2238 5120 -128 ) (-2048 5120 -128 ) (-2048 5080 -128 ) (-2238 5080 -128 ) 
4 163 192 (-2048 4609 -128 ) (-2048 4608 -128 ) (-2238 4608 -128 ) (-2238 4609 -128 ) 
4 163 166 (-2048 4608 64 ) (-2048 4608 128 ) (-2238 4608 128 ) (-2238 4608 64 ) 
4 163 165 (-2048 4608 400 ) (-2048 4608 955 ) (-2238 4608 955 ) (-2238 4608 400 ) 
4 163 190 (-2238 4608 -128 ) (-2048 4608 -128 ) (-2048 4608 64 ) (-2238 4608 64 ) 
4 163 164 (-2238 4609 -128 ) (-2238 4608 -128 ) (-2238 4608 955 ) (-2238 4609 955 ) 
4 164 271 (-3072 4609 -128 ) (-3072 4608 -128 ) (-3072 4608 955 ) (-3072 4609 955 ) 
4 164 193 (-3072 4608 -128 ) (-3072 4609 -128 ) (-2238 4609 -128 ) (-2238 4608 -128 ) 
4 164 166 (-2238 4608 64 ) (-2238 4608 128 ) (-3072 4608 128 ) (-3072 4608 64 ) 
4 164 165 (-2238 4608 400 ) (-2238 4608 955 ) (-3072 4608 955 ) (-3072 4608 400 ) 
4 164 190 (-3072 4608 -128 ) (-2238 4608 -128 ) (-2238 4608 64 ) (-3072 4608 64 ) 
4 165 272 (-3072 4608 5850.240234 ) (-3072 4608 400 ) (-3072 4584 400 ) (-3072 4584 5850.240234 ) 
4 165 167 (-2048 4584 400 ) (-2048 4584 5850.240234 ) (-3072 4584 5850.240234 ) (-3072 4584 400 ) 
4 166 273 (-3072 4608 128 ) (-3072 4608 64 ) (-3072 4584 64 ) (-3072 4584 128 ) 
4 166 179 (-3072 4584 64 ) (-3049.449951 4584 64 ) (-3049.449951 4584 128 ) (-3072 4584 128 ) 
4 166 177 (-3049.449951 4584 64 ) (-2992.729980 4584 64 ) (-2992.729980 4584 128 ) (-3049.449951 4584 128 ) 
4 166 176 (-2992.729980 4584 64 ) (-2907.639893 4584 64 ) (-2907.639893 4584 128 ) (-2992.729980 4584 128 ) 
4 166 175 (-2907.639893 4584 64 ) (-2744.550049 4584 64 ) (-2744.550049 4584 128 ) (-2907.639893 4584 128 ) 
4 166 173 (-2744.550049 4584 64 ) (-2702 4584 64 ) (-2702 4584 128 ) (-2744.550049 4584 128 ) 
4 166 172 (-2702 4584 64 ) (-2048 4584 64 ) (-2048 4584 128 ) (-2702 4584 128 ) 
4 166 190 (-3072 4584 64 ) (-3072 4608 64 ) (-2048 4608 64 ) (-2048 4584 64 ) 
4 167 274 (-3072 4584 5850.240234 ) (-3072 4584 368 ) (-3072 4578 368 ) (-3072 4578 5850.240234 ) 
4 167 180 (-3072 4578 5850.240234 ) (-3072 4578 368 ) (-2048 4578 368 ) (-2048 4578 5850.240234 ) 
4 167 169 (-2907.639893 4578 368 ) (-2992.729980 4578 368 ) (-2992.729980 4584 368 ) (-2907.639893 4584 368 ) 
4 167 168 (-2048 4578 368 ) (-2709.090088 4578 368 ) (-2709.090088 4584 368 ) (-2048 4584 368 ) 
4 168 180 (-2709.090088 4578 344.614990 ) (-2048 4578 344.614990 ) (-2048 4578 368 ) (-2709.090088 4578 368 ) 
4 168 170 (-2048 4578 344.614990 ) (-2709.090088 4578 344.614990 ) (-2709.090088 4584 344.614990 ) (-2048 4584 344.614990 ) 
4 169 180 (-2992.729980 4578 344.614990 ) (-2907.639893 4578 344.614990 ) (-2907.639893 4578 368 ) (-2992.729980 4578 368 ) 
4 169 176 (-2907.639893 4578 344.614990 ) (-2992.729980 4578 344.614990 ) (-2992.729980 4584 344.614990 ) (-2907.639893 4584 344.614990 ) 
4 170 180 (-2048 4578 286.153992 ) (-2048 4578 344.614990 ) (-2865.090088 4578 344.614990 ) (-2865.090088 4578 286.153992 ) 
4 170 171 (-2048 4578 286.153992 ) (-2702 4578 286.153992 ) (-2702 4584 286.153992 ) (-2048 4584 286.153992 ) 
4 171 180 (-2048 4578 268.614990 ) (-2048 4578 286.153992 ) (-2702 4578 286.153992 ) (-2702 4578 268.614990 ) 
4 171 172 (-2048 4578 268.614990 ) (-2702 4578 268.614990 ) (-2702 4584 268.614990 ) (-2048 4584 268.614990 ) 
4 172 182 (-2537.850098 4578 64 ) (-2515.850098 4578 64 ) (-2515.850098 4578 133 ) (-2537.850098 4578 133 ) 
4 172 181 (-2515.850098 4578 64 ) (-2048 4578 64 ) (-2048 4578 133 ) (-2515.850098 4578 133 ) 
4 172 186 (-2702 4578 64 ) (-2537.850098 4578 64 ) (-2537.850098 4578 133 ) (-2702 4578 133 ) 
4 172 180 (-2048 4578 133 ) (-2048 4578 268.614990 ) (-2702 4578 268.614990 ) (-2702 4578 133 ) 
4 172 173 (-2702 4578 64 ) (-2702 4578 216 ) (-2702 4584 216 ) (-2702 4584 64 ) 
4 172 190 (-2702 4584 64 ) (-2048 4584 64 ) (-2048 4578 64 ) (-2702 4578 64 ) 
4 173 186 (-2744.550049 4578 64 ) (-2702 4578 64 ) (-2702 4578 133 ) (-2744.550049 4578 133 ) 
4 173 180 (-2702 4578 133 ) (-2702 4578 216 ) (-2744.550049 4578 216 ) (-2744.550049 4578 133 ) 
4 173 175 (-2744.550049 4578 64 ) (-2744.550049 4578 216 ) (-2744.550049 4584 216 ) (-2744.550049 4584 64 ) 
4 173 190 (-2744.550049 4584 64 ) (-2702 4584 64 ) (-2702 4578 64 ) (-2744.550049 4578 64 ) 
4 174 180 (-2744.550049 4578 230.615005 ) (-2744.550049 4578 268.614990 ) (-2907.639893 4578 268.614990 ) (-2907.639893 4578 230.615005 ) 
4 174 176 (-2907.639893 4578 230.615005 ) (-2907.639893 4578 268.614990 ) (-2907.639893 4584 268.614990 ) (-2907.639893 4584 230.615005 ) 
4 175 186 (-2907.639893 4578 64 ) (-2744.550049 4578 64 ) (-2744.550049 4578 133 ) (-2907.639893 4578 133 ) 
4 175 180 (-2744.550049 4578 133 ) (-2744.550049 4578 216 ) (-2907.639893 4578 216 ) (-2907.639893 4578 133 ) 
4 175 176 (-2907.639893 4578 64 ) (-2907.639893 4578 216 ) (-2907.639893 4584 216 ) (-2907.639893 4584 64 ) 
4 175 190 (-2907.639893 4584 64 ) (-2744.550049 4584 64 ) (-2744.550049 4578 64 ) (-2907.639893 4578 64 ) 
4 176 186 (-2992.729980 4578 64 ) (-2907.639893 4578 64 ) (-2907.639893 4578 133 ) (-2992.729980 4578 133 ) 
4 176 180 (-2907.639893 4578 133 ) (-2907.639893 4578 344.614990 ) (-2992.729980 4578 344.614990 ) (-2992.729980 4578 133 ) 
4 176 177 (-2992.729980 4578 64 ) (-2992.729980 4578 297.846008 ) (-2992.729980 4584 297.846008 ) (-2992.729980 4584 64 ) 
4 176 190 (-2992.729980 4584 64 ) (-2907.639893 4584 64 ) (-2907.639893 4578 64 ) (-2992.729980 4578 64 ) 
4 177 186 (-3049.449951 4578 64 ) (-2992.729980 4578 64 ) (-2992.729980 4578 133 ) (-3049.449951 4578 133 ) 
4 177 180 (-2992.729980 4578 133 ) (-2992.729980 4578 297.846008 ) (-3049.449951 4578 297.846008 ) (-3049.449951 4578 133 ) 
4 177 179 (-3049.449951 4578 64 ) (-3049.449951 4578 297.846008 ) (-3049.449951 4584 297.846008 ) (-3049.449951 4584 64 ) 
4 177 190 (-3049.449951 4584 64 ) (-2992.729980 4584 64 ) (-2992.729980 4578 64 ) (-3049.449951 4578 64 ) 
4 178 275 (-3072 4584 344.614990 ) (-3072 4584 321.230988 ) (-3072 4578 321.230988 ) (-3072 4578 344.614990 ) 
4 178 180 (-3072 4578 344.614990 ) (-3072 4578 321.230988 ) (-3049.449951 4578 321.230988 ) (-3049.449951 4578 344.614990 ) 
4 179 276 (-3072 4584 297.846008 ) (-3072 4584 64 ) (-3072 4578 64 ) (-3072 4578 297.846008 ) 
4 179 186 (-3072 4578 133 ) (-3072 4578 64 ) (-3049.449951 4578 64 ) (-3049.449951 4578 133 ) 
4 179 180 (-3072 4578 297.846008 ) (-3072 4578 133 ) (-3049.449951 4578 133 ) (-3049.449951 4578 297.846008 ) 
4 179 190 (-3072 4578 64 ) (-3072 4584 64 ) (-3049.449951 4584 64 ) (-3049.449951 4578 64 ) 
4 180 296 (-3072 4096 133 ) (-3072 4096 5850.240234 ) (-3072 4578 5850.240234 ) (-3072 4578 133 ) 
4 180 253 (-2048 4096 133 ) (-2048 4096 5850.240234 ) (-3072 4096 5850.240234 ) (-3072 4096 133 ) 
4 180 183 (-2515.850098 4469 133 ) (-2515.850098 4448 133 ) (-2537.850098 4448 133 ) (-2537.850098 4469 133 ) 
4 180 182 (-2537.850098 4578 133 ) (-2515.850098 4578 133 ) (-2515.850098 4469 133 ) (-2537.850098 4469 133 ) 
4 180 185 (-2515.850098 4448 133 ) (-2515.850098 4428 133 ) (-2537.850098 4428 133 ) (-2537.850098 4448 133 ) 
4 180 181 (-2515.850098 4578 133 ) (-2048 4578 133 ) (-2048 4428 133 ) (-2515.850098 4428 133 ) 
4 180 186 (-3072 4428 133 ) (-3072 4578 133 ) (-2537.850098 4578 133 ) (-2537.850098 4428 133 ) 
4 181 187 (-2515.850098 4428 64 ) (-2048 4428 64 ) (-2048 4428 128 ) (-2515.850098 4428 128 ) 
4 181 184 (-2515.850098 4469 121.866997 ) (-2515.850098 4469 64 ) (-2515.850098 4448 64 ) (-2515.850098 4448 121.866997 ) 
4 181 182 (-2515.850098 4469 133 ) (-2515.850098 4578 133 ) (-2515.850098 4578 64 ) (-2515.850098 4469 64 ) 
4 181 185 (-2515.850098 4428 64 ) (-2515.850098 4428 133 ) (-2515.850098 4448 133 ) (-2515.850098 4448 64 ) 
4 181 190 (-2515.850098 4578 64 ) (-2048 4578 64 ) (-2048 4428 64 ) (-2515.850098 4428 64 ) 
4 182 184 (-2537.850098 4469 121.866997 ) (-2537.850098 4469 64 ) (-2515.850098 4469 64 ) (-2515.850098 4469 121.866997 ) 
4 182 186 (-2537.850098 4469 133 ) (-2537.850098 4578 133 ) (-2537.850098 4578 64 ) (-2537.850098 4469 64 ) 
4 182 190 (-2537.850098 4578 64 ) (-2515.850098 4578 64 ) (-2515.850098 4469 64 ) (-2537.850098 4469 64 ) 
4 184 190 (-2515.850098 4469 64 ) (-2515.850098 4448 64 ) (-2537.850098 4448 64 ) (-2537.850098 4469 64 ) 
4 184 186 (-2537.850098 4469 121.866997 ) (-2537.850098 4469 64 ) (-2537.850098 4448 64 ) (-2537.850098 4448 121.866997 ) 
4 184 185 (-2537.850098 4448 121.866997 ) (-2537.850098 4448 64 ) (-2515.850098 4448 64 ) (-2515.850098 4448 121.866997 ) 
4 185 187 (-2537.850098 4428 64 ) (-2515.850098 4428 64 ) (-2515.850098 4428 128 ) (-2537.850098 4428 128 ) 
4 185 190 (-2515.850098 4448 64 ) (-2515.850098 4428 64 ) (-2537.850098 4428 64 ) (-2537.850098 4448 64 ) 
4 185 186 (-2537.850098 4428 64 ) (-2537.850098 4428 133 ) (-2537.850098 4448 133 ) (-2537.850098 4448 64 ) 
4 186 297 (-3072 4428 133 ) (-3072 4578 133 ) (-3072 4578 128 ) (-3072 4428 128 ) 
4 186 298 (-3072 4578 128 ) (-3072 4578 64 ) (-3072 4428 64 ) (-3072 4428 128 ) 
4 186 187 (-3072 4428 64 ) (-2537.850098 4428 64 ) (-2537.850098 4428 128 ) (-3072 4428 128 ) 
4 186 190 (-3072 4428 64 ) (-3072 4578 64 ) (-2537.850098 4578 64 ) (-2537.850098 4428 64 ) 
4 187 298 (-3072 4428 128 ) (-3072 4428 64 ) (-3072 4424 64 ) (-3072 4424 128 ) 
4 187 188 (-3072 4424 64 ) (-2048 4424 64 ) (-2048 4424 128 ) (-3072 4424 128 ) 
4 187 190 (-3072 4424 64 ) (-3072 4428 64 ) (-2048 4428 64 ) (-2048 4424 64 ) 
4 188 298 (-3072 4424 128 ) (-3072 4424 64 ) (-3072 4264 64 ) (-3072 4264 128 ) 
4 188 189 (-3072 4264 64 ) (-2048 4264 64 ) (-2048 4264 128 ) (-3072 4264 128 ) 
4 188 190 (-3072 4264 64 ) (-3072 4424 64 ) (-2048 4424 64 ) (-2048 4264 64 ) 
4 189 298 (-3072 4096 64 ) (-3072 4096 128 ) (-3072 4264 128 ) (-3072 4264 64 ) 
4 189 254 (-2048 4096 64 ) (-2048 4096 128 ) (-3072 4096 128 ) (-3072 4096 64 ) 
4 189 190 (-3072 4096 64 ) (-3072 4264 64 ) (-2048 4264 64 ) (-2048 4096 64 ) 
4 190 299 (-3072 4608 -128 ) (-3072 4096 -128 ) (-3072 4096 64 ) (-3072 4608 64 ) 
4 190 257 (-2048 4096 -128 ) (-2048 4096 64 ) (-3072 4096 64 ) (-3072 4096 -128 ) 
4 190 193 (-3072 4096 -128 ) (-3072 4608 -128 ) (-2238 4608 -128 ) (-2238 4096 -128 ) 
4 190 192 (-2238 4608 -128 ) (-2048 4608 -128 ) (-2048 4096 -128 ) (-2238 4096 -128 ) 
4 192 259 (-2048 4096 -529 ) (-2048 4096 -128 ) (-2238 4096 -128 ) (-2238 4096 -529 ) 
4 192 194 (-2048 4096 -529 ) (-2238 4096 -529 ) (-2238 4609 -529 ) (-2048 4609 -529 ) 
4 192 193 (-2238 4609 -529 ) (-2238 4096 -529 ) (-2238 4096 -128 ) (-2238 4609 -128 ) 
4 193 300 (-3072 4608 -529 ) (-3072 4096 -529 ) (-3072 4096 -128 ) (-3072 4608 -128 ) 
4 193 271 (-3072 4609 -529 ) (-3072 4608 -529 ) (-3072 4608 -128 ) (-3072 4609 -128 ) 
4 193 259 (-2238 4096 -128 ) (-3072 4096 -128 ) (-3072 4096 -529 ) (-2238 4096 -529 ) 
4 193 194 (-2238 4096 -529 ) (-3072 4096 -529 ) (-3072 4609 -529 ) (-2238 4609 -529 ) 
4 194 300 (-3072 4608 -1152.239990 ) (-3072 4096 -1152.239990 ) (-3072 4096 -529 ) (-3072 4608 -529 ) 
4 194 271 (-3072 4609 -1152.239990 ) (-3072 4608 -1152.239990 ) (-3072 4608 -529 ) (-3072 4609 -529 ) 
4 194 259 (-2048 4096 -1152.239990 ) (-2048 4096 -529 ) (-3072 4096 -529 ) (-3072 4096 -1152.239990 ) 
4 195 219 (-1024 4096 5850.240234 ) (-1024 4096 449 ) (-1024 3072 449 ) (-1024 3072 5850.240234 ) 
4 195 216 (0 3072 449 ) (0 3072 5850.240234 ) (-1024 3072 5850.240234 ) (-1024 3072 449 ) 
4 195 197 (-1024 3072 449 ) (-1024 3709 449 ) (-168 3709 449 ) (-168 3072 449 ) 
4 195 196 (-168 4096 449 ) (0 4096 449 ) (0 3072 449 ) (-168 3072 449 ) 
4 196 216 (0 3072 425 ) (0 3072 449 ) (-168 3072 449 ) (-168 3072 425 ) 
4 196 198 (0 3072 425 ) (-168 3072 425 ) (-168 4096 425 ) (0 4096 425 ) 
4 196 197 (-168 3709 425 ) (-168 3072 425 ) (-168 3072 449 ) (-168 3709 449 ) 
4 197 220 (-1024 3709 425 ) (-1024 3072 425 ) (-1024 3072 449 ) (-1024 3709 449 ) 
4 197 216 (-168 3072 449 ) (-1024 3072 449 ) (-1024 3072 425 ) (-168 3072 425 ) 
4 197 212 (-396 3072 425 ) (-1024 3072 425 ) (-1024 3709 425 ) (-396 3709 425 ) 
4 197 210 (-232 3072 425 ) (-396 3072 425 ) (-396 3709 425 ) (-232 3709 425 ) 
4 197 200 (-168 3072 425 ) (-232 3072 425 ) (-232 3709 425 ) (-168 3709 425 ) 
4 198 216 (0 3072 64 ) (0 3072 425 ) (-168 3072 425 ) (-168 3072 64 ) 
4 198 214 (0 3584 64 ) (0 3072 64 ) (-168 3072 64 ) (-168 3584 64 ) 
4 198 213 (-168 4096 64 ) (0 4096 64 ) (0 3584 64 ) (-168 3584 64 ) 
4 198 199 (-168 4096 64 ) (-168 3709 64 ) (-168 3709 129 ) (-168 4096 129 ) 
4 198 200 (-168 3709 64 ) (-168 3072 64 ) (-168 3072 425 ) (-168 3709 425 ) 
4 199 213 (-232 4096 64 ) (-168 4096 64 ) (-168 3709 64 ) (-232 3709 64 ) 
4 199 209 (-232 3773 64 ) (-232 3709 64 ) (-232 3709 129 ) (-232 3773 129 ) 
4 199 202 (-232 4093 64 ) (-232 3773 64 ) (-232 3773 129 ) (-232 4093 129 ) 
4 199 201 (-232 4096 64 ) (-232 4093 64 ) (-232 4093 129 ) (-232 4096 129 ) 
4 199 200 (-232 3709 129 ) (-232 3709 64 ) (-168 3709 64 ) (-168 3709 129 ) 
4 200 216 (-168 3072 425 ) (-232 3072 425 ) (-232 3072 64 ) (-168 3072 64 ) 
4 200 214 (-168 3584 64 ) (-168 3072 64 ) (-232 3072 64 ) (-232 3584 64 ) 
4 200 213 (-168 3709 64 ) (-168 3584 64 ) (-232 3584 64 ) (-232 3709 64 ) 
4 200 210 (-232 3709 64 ) (-232 3072 64 ) (-232 3072 425 ) (-232 3709 425 ) 
4 201 224 (-1024 4096 129 ) (-1024 4096 64 ) (-1024 4093 64 ) (-1024 4093 129 ) 
4 201 213 (-1024 4093 64 ) (-1024 4096 64 ) (-232 4096 64 ) (-232 4093 64 ) 
4 201 203 (-1013.369995 4093 64 ) (-885.366028 4093 64 ) (-885.366028 4093 129 ) (-1013.369995 4093 129 ) 
4 201 202 (-885.366028 4093 64 ) (-232 4093 64 ) (-232 4093 129 ) (-885.366028 4093 129 ) 
4 201 208 (-1024 4093 64 ) (-1013.369995 4093 64 ) (-1013.369995 4093 129 ) (-1024 4093 129 ) 
4 202 213 (-885.366028 4093 64 ) (-232 4093 64 ) (-232 3773 64 ) (-885.366028 3773 64 ) 
4 202 211 (-885.366028 3773 64 ) (-396 3773 64 ) (-396 3773 129 ) (-885.366028 3773 129 ) 
4 202 209 (-396 3773 64 ) (-232 3773 64 ) (-232 3773 337 ) (-396 3773 337 ) 
4 202 205 (-885.366028 3904.719971 99 ) (-885.366028 3904.719971 133 ) (-885.366028 4032.719971 133 ) (-885.366028 4032.719971 99 ) 
4 202 204 (-885.366028 3904.719971 133 ) (-885.366028 3904.719971 425 ) (-885.366028 4032.719971 425 ) (-885.366028 4032.719971 133 ) 
4 202 206 (-885.366028 4032.719971 64 ) (-885.366028 3904.719971 64 ) (-885.366028 3904.719971 99 ) (-885.366028 4032.719971 99 ) 
4 202 203 (-885.366028 4093 425 ) (-885.366028 4093 64 ) (-885.366028 4032.719971 64 ) (-885.366028 4032.719971 425 ) 
4 202 207 (-885.366028 3904.719971 64 ) (-885.366028 3773 64 ) (-885.366028 3773 425 ) (-885.366028 3904.719971 425 ) 
4 203 213 (-1013.369995 4093 64 ) (-885.366028 4093 64 ) (-885.366028 4032.719971 64 ) (-1013.369995 4032.719971 64 ) 
4 203 205 (-1013.369995 4032.719971 133 ) (-1013.369995 4032.719971 99 ) (-885.366028 4032.719971 99 ) (-885.366028 4032.719971 133 ) 
4 203 204 (-1013.369995 4032.719971 425 ) (-1013.369995 4032.719971 133 ) (-885.366028 4032.719971 133 ) (-885.366028 4032.719971 425 ) 
4 203 206 (-1013.369995 4032.719971 99 ) (-1013.369995 4032.719971 64 ) (-885.366028 4032.719971 64 ) (-885.366028 4032.719971 99 ) 
4 203 208 (-1013.369995 4093 425 ) (-1013.369995 4093 64 ) (-1013.369995 4032.719971 64 ) (-1013.369995 4032.719971 425 ) 
4 204 207 (-1013.369995 3904.719971 425 ) (-1013.369995 3904.719971 133 ) (-885.366028 3904.719971 133 ) (-885.366028 3904.719971 425 ) 
4 204 208 (-1013.369995 3904.719971 133 ) (-1013.369995 3904.719971 425 ) (-1013.369995 4032.719971 425 ) (-1013.369995 4032.719971 133 ) 
4 204 205 (-885.366028 3904.719971 133 ) (-1013.369995 3904.719971 133 ) (-1013.369995 4032.719971 133 ) (-885.366028 4032.719971 133 ) 
4 205 206 (-885.366028 3904.719971 99 ) (-1013.369995 3904.719971 99 ) (-1013.369995 4032.719971 99 ) (-885.366028 4032.719971 99 ) 
4 205 207 (-1013.369995 3904.719971 133 ) (-1013.369995 3904.719971 99 ) (-885.366028 3904.719971 99 ) (-885.366028 3904.719971 133 ) 
4 205 208 (-1013.369995 3904.719971 99 ) (-1013.369995 3904.719971 133 ) (-1013.369995 4032.719971 133 ) (-1013.369995 4032.719971 99 ) 
4 206 213 (-885.366028 4032.719971 64 ) (-885.366028 3904.719971 64 ) (-1013.369995 3904.719971 64 ) (-1013.369995 4032.719971 64 ) 
4 206 208 (-1013.369995 4032.719971 64 ) (-1013.369995 3904.719971 64 ) (-1013.369995 3904.719971 99 ) (-1013.369995 4032.719971 99 ) 
4 206 207 (-1013.369995 3904.719971 99 ) (-1013.369995 3904.719971 64 ) (-885.366028 3904.719971 64 ) (-885.366028 3904.719971 99 ) 
4 207 213 (-885.366028 3904.719971 64 ) (-885.366028 3773 64 ) (-1013.369995 3773 64 ) (-1013.369995 3904.719971 64 ) 
4 207 211 (-1013.369995 3773 64 ) (-885.366028 3773 64 ) (-885.366028 3773 129 ) (-1013.369995 3773 129 ) 
4 207 208 (-1013.369995 3904.719971 64 ) (-1013.369995 3773 64 ) (-1013.369995 3773 425 ) (-1013.369995 3904.719971 425 ) 
4 208 222 (-1024 3773 129 ) (-1024 3773 425 ) (-1024 4093 425 ) (-1024 4093 129 ) 
4 208 224 (-1024 4093 64 ) (-1024 3773 64 ) (-1024 3773 129 ) (-1024 4093 129 ) 
4 208 213 (-1024 3773 64 ) (-1024 4093 64 ) (-1013.369995 4093 64 ) (-1013.369995 3773 64 ) 
4 208 211 (-1024 3773 64 ) (-1013.369995 3773 64 ) (-1013.369995 3773 129 ) (-1024 3773 129 ) 
4 209 213 (-396 3773 64 ) (-232 3773 64 ) (-232 3709 64 ) (-396 3709 64 ) 
4 209 211 (-396 3773 129 ) (-396 3773 64 ) (-396 3709 64 ) (-396 3709 129 ) 
4 209 210 (-396 3709 337 ) (-396 3709 64 ) (-232 3709 64 ) (-232 3709 337 ) 
4 210 216 (-232 3072 425 ) (-396 3072 425 ) (-396 3072 64 ) (-232 3072 64 ) 
4 210 214 (-232 3584 64 ) (-232 3072 64 ) (-396 3072 64 ) (-396 3584 64 ) 
4 210 213 (-232 3709 64 ) (-232 3584 64 ) (-396 3584 64 ) (-396 3709 64 ) 
4 210 212 (-396 3709 64 ) (-396 3072 64 ) (-396 3072 425 ) (-396 3709 425 ) 
4 211 224 (-1024 3773 64 ) (-1024 3709 64 ) (-1024 3709 129 ) (-1024 3773 129 ) 
4 211 213 (-1024 3709 64 ) (-1024 3773 64 ) (-396 3773 64 ) (-396 3709 64 ) 
4 211 212 (-1024 3709 64 ) (-396 3709 64 ) (-396 3709 129 ) (-1024 3709 129 ) 
4 212 223 (-1024 3072 129 ) (-1024 3072 425 ) (-1024 3709 425 ) (-1024 3709 129 ) 
4 212 224 (-1024 3709 64 ) (-1024 3072 64 ) (-1024 3072 129 ) (-1024 3709 129 ) 
4 212 216 (-396 3072 425 ) (-1024 3072 425 ) (-1024 3072 64 ) (-396 3072 64 ) 
4 212 214 (-1024 3072 64 ) (-1024 3584 64 ) (-396 3584 64 ) (-396 3072 64 ) 
4 212 213 (-1024 3584 64 ) (-1024 3709 64 ) (-396 3709 64 ) (-396 3584 64 ) 
4 213 251 (-1024 4096 -127 ) (-1024 4096 -128 ) (-1024 3584 -128 ) (-1024 3584 -127 ) 
4 213 244 (-1024 4096 64 ) (-1024 4096 -127 ) (-1024 3584 -127 ) (-1024 3584 64 ) 
4 213 215 (-1024 3584 -128 ) (-1024 4096 -128 ) (0 4096 -128 ) (0 3584 -128 ) 
4 213 214 (0 3584 -127 ) (0 3584 64 ) (-1024 3584 64 ) (-1024 3584 -127 ) 
4 214 244 (-1024 3072 -127 ) (-1024 3072 64 ) (-1024 3584 64 ) (-1024 3584 -127 ) 
4 214 217 (0 3072 -127 ) (0 3072 64 ) (-1024 3072 64 ) (-1024 3072 -127 ) 
4 215 252 (-1024 4096 -128 ) (-1024 4096 -1152.239990 ) (-1024 3072 -1152.239990 ) (-1024 3072 -128 ) 
4 215 218 (0 3072 -1152.239990 ) (0 3072 -128 ) (-1024 3072 -128 ) (-1024 3072 -1152.239990 ) 
4 216 552 (0 2048 64 ) (0 2048 5850.240234 ) (-1024 2048 5850.240234 ) (-1024 2048 64 ) 
4 216 260 (-1024 2048 64 ) (-1024 2048 5850.240234 ) (-1024 3072 5850.240234 ) (-1024 3072 64 ) 
4 216 217 (0 2048 64 ) (-1024 2048 64 ) (-1024 3072 64 ) (0 3072 64 ) 
4 217 553 (0 2048 -127 ) (0 2048 64 ) (-1024 2048 64 ) (-1024 2048 -127 ) 
4 217 264 (-1024 2048 -127 ) (-1024 2048 64 ) (-1024 3072 64 ) (-1024 3072 -127 ) 
4 218 554 (0 2048 -1152.239990 ) (0 2048 -128 ) (-1024 2048 -128 ) (-1024 2048 -1152.239990 ) 
4 218 267 (-1024 2048 -1152.239990 ) (-1024 2048 -128 ) (-1024 3072 -128 ) (-1024 3072 -1152.239990 ) 
4 219 261 (-1239 3072 5850.240234 ) (-1520 3072 5850.240234 ) (-1520 3072 449 ) (-1239 3072 449 ) 
4 219 260 (-1024 3072 449 ) (-1024 3072 5850.240234 ) (-1239 3072 5850.240234 ) (-1239 3072 449 ) 
4 219 263 (-1520 3072 5850.240234 ) (-2048 3072 5850.240234 ) (-2048 3072 449 ) (-1520 3072 449 ) 
4 219 253 (-2048 4096 5850.240234 ) (-2048 4096 449 ) (-2048 3072 449 ) (-2048 3072 5850.240234 ) 
4 219 220 (-1024 3072 449 ) (-1233.369995 3072 449 ) (-1233.369995 3709 449 ) (-1024 3709 449 ) 
4 219 221 (-1233.369995 3072 449 ) (-2048 3072 449 ) (-2048 4096 449 ) (-1233.369995 4096 449 ) 
4 220 260 (-1024 3072 425 ) (-1024 3072 449 ) (-1233.369995 3072 449 ) (-1233.369995 3072 425 ) 
4 220 226 (-1169.369995 3072 425 ) (-1233.369995 3072 425 ) (-1233.369995 3709 425 ) (-1169.369995 3709 425 ) 
4 220 223 (-1024 3709 425 ) (-1024 3072 425 ) (-1169.369995 3072 425 ) (-1169.369995 3709 425 ) 
4 220 221 (-1233.369995 3709 425 ) (-1233.369995 3072 425 ) (-1233.369995 3072 449 ) (-1233.369995 3709 449 ) 
4 221 261 (-1239 3072 449 ) (-1520 3072 449 ) (-1520 3072 425 ) (-1239 3072 425 ) 
4 221 260 (-1233.369995 3072 449 ) (-1239 3072 449 ) (-1239 3072 425 ) (-1233.369995 3072 425 ) 
4 221 263 (-1520 3072 449 ) (-2048 3072 449 ) (-2048 3072 425 ) (-1520 3072 425 ) 
4 221 253 (-2048 4096 449 ) (-2048 4096 425 ) (-2048 3072 425 ) (-2048 3072 449 ) 
4 221 241 (-2048 3968 425 ) (-2048 3972 425 ) (-1920 3972 425 ) (-1920 3968 425 ) 
4 221 243 (-2048 3072 425 ) (-2048 3968 425 ) (-1920 3968 425 ) (-1920 3072 425 ) 
4 221 240 (-1920 3972 425 ) (-1590 3972 425 ) (-1590 3072 425 ) (-1920 3072 425 ) 
4 221 238 (-2048 3972 425 ) (-2048 4096 425 ) (-2024.209961 4096 425 ) (-2024.209961 3972 425 ) 
4 221 237 (-2024.209961 4096 425 ) (-2024 4096 425 ) (-2024 3972 425 ) (-2024.209961 3972 425 ) 
4 221 235 (-2024 4096 425 ) (-1920.630005 4096 425 ) (-1920.630005 3972 425 ) (-2024 3972 425 ) 
4 221 234 (-1920.630005 4096 425 ) (-1590 4096 425 ) (-1590 3972 425 ) (-1920.630005 3972 425 ) 
4 221 232 (-1558 4073.850098 425 ) (-1558 4041.850098 425 ) (-1590 4041.850098 425 ) (-1590 4073.850098 425 ) 
4 221 231 (-1590 4096 425 ) (-1558 4096 425 ) (-1558 4073.850098 425 ) (-1590 4073.850098 425 ) 
4 221 233 (-1558 4041.850098 425 ) (-1558 3072 425 ) (-1590 3072 425 ) (-1590 4041.850098 425 ) 
4 221 230 (-1558 4096 425 ) (-1520 4096 425 ) (-1520 3072 425 ) (-1558 3072 425 ) 
4 221 229 (-1239 3588 425 ) (-1239 3072 425 ) (-1520 3072 425 ) (-1520 3588 425 ) 
4 221 228 (-1520 4096 425 ) (-1239 4096 425 ) (-1239 3588 425 ) (-1520 3588 425 ) 
4 221 227 (-1239 4096 425 ) (-1233.369995 4096 425 ) (-1233.369995 3072 425 ) (-1239 3072 425 ) 
4 222 224 (-1169.369995 3773 129 ) (-1169.369995 4093 129 ) (-1024 4093 129 ) (-1024 3773 129 ) 
4 223 260 (-1024 3072 129 ) (-1024 3072 425 ) (-1169.369995 3072 425 ) (-1169.369995 3072 129 ) 
4 223 226 (-1169.369995 3072 129 ) (-1169.369995 3072 425 ) (-1169.369995 3709 425 ) (-1169.369995 3709 129 ) 
4 223 224 (-1169.369995 3072 129 ) (-1169.369995 3709 129 ) (-1024 3709 129 ) (-1024 3072 129 ) 
4 224 260 (-1024 3072 64 ) (-1024 3072 129 ) (-1169.369995 3072 129 ) (-1169.369995 3072 64 ) 
4 224 244 (-1024 3072 64 ) (-1169.369995 3072 64 ) (-1169.369995 4096 64 ) (-1024 4096 64 ) 
4 224 225 (-1169.369995 4096 64 ) (-1169.369995 3709 64 ) (-1169.369995 3709 129 ) (-1169.369995 4096 129 ) 
4 224 226 (-1169.369995 3709 64 ) (-1169.369995 3072 64 ) (-1169.369995 3072 129 ) (-1169.369995 3709 129 ) 
4 225 244 (-1233.369995 3709 64 ) (-1233.369995 4096 64 ) (-1169.369995 4096 64 ) (-1169.369995 3709 64 ) 
4 225 227 (-1233.369995 4096 64 ) (-1233.369995 3709 64 ) (-1233.369995 3709 129 ) (-1233.369995 4096 129 ) 
4 225 226 (-1233.369995 3709 129 ) (-1233.369995 3709 64 ) (-1169.369995 3709 64 ) (-1169.369995 3709 129 ) 
4 226 260 (-1169.369995 3072 425 ) (-1233.369995 3072 425 ) (-1233.369995 3072 64 ) (-1169.369995 3072 64 ) 
4 226 244 (-1169.369995 3072 64 ) (-1233.369995 3072 64 ) (-1233.369995 3709 64 ) (-1169.369995 3709 64 ) 
4 226 227 (-1233.369995 3709 64 ) (-1233.369995 3072 64 ) (-1233.369995 3072 425 ) (-1233.369995 3709 425 ) 
4 227 260 (-1233.369995 3072 425 ) (-1239 3072 425 ) (-1239 3072 64 ) (-1233.369995 3072 64 ) 
4 227 244 (-1233.369995 3072 64 ) (-1239 3072 64 ) (-1239 4096 64 ) (-1233.369995 4096 64 ) 
4 227 229 (-1239 3072 115 ) (-1239 3072 425 ) (-1239 3588 425 ) (-1239 3588 115 ) 
4 227 228 (-1239 4096 64 ) (-1239 3588 64 ) (-1239 3588 425 ) (-1239 4096 425 ) 
4 228 245 (-1520 3588 64 ) (-1520 4096 64 ) (-1239 4096 64 ) (-1239 3588 64 ) 
4 228 230 (-1520 4096 64 ) (-1520 3588 64 ) (-1520 3588 425 ) (-1520 4096 425 ) 
4 228 229 (-1520 3588 425 ) (-1520 3588 115 ) (-1239 3588 115 ) (-1239 3588 425 ) 
4 229 261 (-1239 3072 425 ) (-1520 3072 425 ) (-1520 3072 115 ) (-1239 3072 115 ) 
4 229 230 (-1520 3072 115 ) (-1520 3072 425 ) (-1520 3588 425 ) (-1520 3588 115 ) 
4 230 263 (-1520 3072 425 ) (-1558 3072 425 ) (-1558 3072 64 ) (-1520 3072 64 ) 
4 230 246 (-1520 3072 64 ) (-1558 3072 64 ) (-1558 4096 64 ) (-1520 4096 64 ) 
4 230 232 (-1558 4041.850098 222 ) (-1558 4041.850098 425 ) (-1558 4073.850098 425 ) (-1558 4073.850098 222 ) 
4 230 231 (-1558 4096 64 ) (-1558 4073.850098 64 ) (-1558 4073.850098 425 ) (-1558 4096 425 ) 
4 230 233 (-1558 4041.850098 64 ) (-1558 3072 64 ) (-1558 3072 425 ) (-1558 4041.850098 425 ) 
4 231 247 (-1590 4073.850098 64 ) (-1590 4096 64 ) (-1558 4096 64 ) (-1558 4073.850098 64 ) 
4 231 234 (-1590 4096 64 ) (-1590 4073.850098 64 ) (-1590 4073.850098 425 ) (-1590 4096 425 ) 
4 231 232 (-1590 4073.850098 425 ) (-1590 4073.850098 222 ) (-1558 4073.850098 222 ) (-1558 4073.850098 425 ) 
4 232 234 (-1590 4041.850098 222 ) (-1590 4041.850098 425 ) (-1590 4073.850098 425 ) (-1590 4073.850098 222 ) 
4 232 233 (-1590 4041.850098 425 ) (-1590 4041.850098 222 ) (-1558 4041.850098 222 ) (-1558 4041.850098 425 ) 
4 233 263 (-1558 3072 425 ) (-1590 3072 425 ) (-1590 3072 64 ) (-1558 3072 64 ) 
4 233 249 (-1558 3072 64 ) (-1590 3072 64 ) (-1590 4041.850098 64 ) (-1558 4041.850098 64 ) 
4 233 240 (-1590 3972 64 ) (-1590 3072 64 ) (-1590 3072 425 ) (-1590 3972 425 ) 
4 233 234 (-1590 4041.850098 64 ) (-1590 3972 64 ) (-1590 3972 425 ) (-1590 4041.850098 425 ) 
4 234 250 (-1920.630005 4096 64 ) (-1590 4096 64 ) (-1590 3972 64 ) (-1920.630005 3972 64 ) 
4 234 241 (-1920 3972 133 ) (-1920 3972 425 ) (-1920.630005 3972 425 ) (-1920.630005 3972 133 ) 
4 234 242 (-1920.630005 3972 64 ) (-1920 3972 64 ) (-1920 3972 128 ) (-1920.630005 3972 128 ) 
4 234 240 (-1920 3972 64 ) (-1590 3972 64 ) (-1590 3972 425 ) (-1920 3972 425 ) 
4 234 235 (-1920.630005 3972 136.078003 ) (-1920.630005 3972 425 ) (-1920.630005 4096 425 ) (-1920.630005 4096 136.078003 ) 
4 234 236 (-1920.630005 4096 64 ) (-1920.630005 3972 64 ) (-1920.630005 3972 131.078003 ) (-1920.630005 4096 131.078003 ) 
4 235 241 (-1920.630005 3972 136.078003 ) (-1920.630005 3972 425 ) (-2024 3972 425 ) (-2024 3972 136.078003 ) 
4 235 237 (-2024 3972 136.078003 ) (-2024 3972 425 ) (-2024 4096 425 ) (-2024 4096 136.078003 ) 
4 236 250 (-2024 4096 64 ) (-1920.630005 4096 64 ) (-1920.630005 3972 64 ) (-2024 3972 64 ) 
4 236 242 (-2024 3972 64 ) (-1920.630005 3972 64 ) (-1920.630005 3972 128 ) (-2024 3972 128 ) 
4 236 237 (-2024 4096 64 ) (-2024 3972 64 ) (-2024 3972 131.078003 ) (-2024 4096 131.078003 ) 
4 237 250 (-2024.209961 4096 64 ) (-2024 4096 64 ) (-2024 3972 64 ) (-2024.209961 3972 64 ) 
4 237 241 (-2024 3972 133 ) (-2024 3972 425 ) (-2024.209961 3972 425 ) (-2024.209961 3972 133 ) 
4 237 242 (-2024.209961 3972 64 ) (-2024 3972 64 ) (-2024 3972 128 ) (-2024.209961 3972 128 ) 
4 237 238 (-2024.209961 3972 133 ) (-2024.209961 3972 425 ) (-2024.209961 4096 425 ) (-2024.209961 4096 133 ) 
4 237 239 (-2024.209961 4096 64 ) (-2024.209961 3972 64 ) (-2024.209961 3972 128 ) (-2024.209961 4096 128 ) 
4 238 253 (-2048 4096 425 ) (-2048 4096 133 ) (-2048 3972 133 ) (-2048 3972 425 ) 
4 238 241 (-2024.209961 3972 133 ) (-2024.209961 3972 425 ) (-2048 3972 425 ) (-2048 3972 133 ) 
4 239 254 (-2048 4096 128 ) (-2048 4096 64 ) (-2048 3972 64 ) (-2048 3972 128 ) 
4 239 250 (-2048 3972 64 ) (-2048 4096 64 ) (-2024.209961 4096 64 ) (-2024.209961 3972 64 ) 
4 239 242 (-2048 3972 64 ) (-2024.209961 3972 64 ) (-2024.209961 3972 128 ) (-2048 3972 128 ) 
4 240 263 (-1590 3072 425 ) (-1920 3072 425 ) (-1920 3072 64 ) (-1590 3072 64 ) 
4 240 250 (-1590 3072 64 ) (-1920 3072 64 ) (-1920 3972 64 ) (-1590 3972 64 ) 
4 240 241 (-1920 3972 425 ) (-1920 3972 133 ) (-1920 3968 133 ) (-1920 3968 425 ) 
4 240 242 (-1920 3972 128 ) (-1920 3972 64 ) (-1920 3968 64 ) (-1920 3968 128 ) 
4 240 243 (-1920 3968 64 ) (-1920 3072 64 ) (-1920 3072 425 ) (-1920 3968 425 ) 
4 241 253 (-2048 3968 133 ) (-2048 3968 425 ) (-2048 3972 425 ) (-2048 3972 133 ) 
4 241 243 (-1920 3968 133 ) (-1920 3968 425 ) (-2048 3968 425 ) (-2048 3968 133 ) 
4 242 255 (-2048 3972 64 ) (-2048 3968 64 ) (-2048 3968 128 ) (-2048 3972 128 ) 
4 242 250 (-2048 3968 64 ) (-2048 3972 64 ) (-1920 3972 64 ) (-1920 3968 64 ) 
4 242 243 (-2048 3968 64 ) (-1920 3968 64 ) (-1920 3968 128 ) (-2048 3968 128 ) 
4 243 263 (-1920 3072 425 ) (-2048 3072 425 ) (-2048 3072 64 ) (-1920 3072 64 ) 
4 243 256 (-2048 3968 64 ) (-2048 3072 64 ) (-2048 3072 133 ) (-2048 3968 133 ) 
4 243 253 (-2048 3072 133 ) (-2048 3072 425 ) (-2048 3968 425 ) (-2048 3968 133 ) 
4 243 250 (-1920 3072 64 ) (-2048 3072 64 ) (-2048 3968 64 ) (-1920 3968 64 ) 
4 244 264 (-1024 3072 -127 ) (-1024 3072 64 ) (-1239 3072 64 ) (-1239 3072 -127 ) 
4 244 251 (-1239 3584 -127 ) (-1239 4096 -127 ) (-1024 4096 -127 ) (-1024 3584 -127 ) 
4 244 245 (-1239 4096 -127 ) (-1239 3588 -127 ) (-1239 3588 64 ) (-1239 4096 64 ) 
4 245 251 (-1520 3588 -127 ) (-1520 4096 -127 ) (-1239 4096 -127 ) (-1239 3588 -127 ) 
4 245 246 (-1520 4096 -127 ) (-1520 3588 -127 ) (-1520 3588 64 ) (-1520 4096 64 ) 
4 246 266 (-1520 3072 64 ) (-1558 3072 64 ) (-1558 3072 -127 ) (-1520 3072 -127 ) 
4 246 251 (-1558 3584 -127 ) (-1558 4096 -127 ) (-1520 4096 -127 ) (-1520 3584 -127 ) 
4 246 248 (-1558 4073.850098 -127 ) (-1558 4041.850098 -127 ) (-1558 4041.850098 30 ) (-1558 4073.850098 30 ) 
4 246 247 (-1558 4096 -127 ) (-1558 4073.850098 -127 ) (-1558 4073.850098 64 ) (-1558 4096 64 ) 
4 246 249 (-1558 4041.850098 -127 ) (-1558 3072 -127 ) (-1558 3072 64 ) (-1558 4041.850098 64 ) 
4 247 251 (-1590 4073.850098 -127 ) (-1590 4096 -127 ) (-1558 4096 -127 ) (-1558 4073.850098 -127 ) 
4 247 248 (-1590 4073.850098 30 ) (-1590 4073.850098 -127 ) (-1558 4073.850098 -127 ) (-1558 4073.850098 30 ) 
4 247 250 (-1590 4096 -127 ) (-1590 4073.850098 -127 ) (-1590 4073.850098 64 ) (-1590 4096 64 ) 
4 248 251 (-1590 4041.850098 -127 ) (-1590 4073.850098 -127 ) (-1558 4073.850098 -127 ) (-1558 4041.850098 -127 ) 
4 248 250 (-1590 4073.850098 -127 ) (-1590 4041.850098 -127 ) (-1590 4041.850098 30 ) (-1590 4073.850098 30 ) 
4 248 249 (-1590 4041.850098 30 ) (-1590 4041.850098 -127 ) (-1558 4041.850098 -127 ) (-1558 4041.850098 30 ) 
4 249 266 (-1558 3072 64 ) (-1590 3072 64 ) (-1590 3072 -127 ) (-1558 3072 -127 ) 
4 249 251 (-1590 3584 -127 ) (-1590 4041.850098 -127 ) (-1558 4041.850098 -127 ) (-1558 3584 -127 ) 
4 249 250 (-1590 4041.850098 -127 ) (-1590 3072 -127 ) (-1590 3072 64 ) (-1590 4041.850098 64 ) 
4 250 266 (-1590 3072 64 ) (-2048 3072 64 ) (-2048 3072 -127 ) (-1590 3072 -127 ) 
4 250 258 (-2048 3584 -127 ) (-2048 3072 -127 ) (-2048 3072 64 ) (-2048 3584 64 ) 
4 250 257 (-2048 4096 64 ) (-2048 4096 -127 ) (-2048 3584 -127 ) (-2048 3584 64 ) 
4 250 251 (-2048 3584 -127 ) (-2048 4096 -127 ) (-1590 4096 -127 ) (-1590 3584 -127 ) 
4 251 257 (-2048 4096 -127 ) (-2048 4096 -128 ) (-2048 3584 -128 ) (-2048 3584 -127 ) 
4 251 252 (-2048 3584 -128 ) (-2048 4096 -128 ) (-1024 4096 -128 ) (-1024 3584 -128 ) 
4 252 267 (-1024 3072 -1152.239990 ) (-1024 3072 -128 ) (-2048 3072 -128 ) (-2048 3072 -1152.239990 ) 
4 252 259 (-2048 4096 -128 ) (-2048 4096 -1152.239990 ) (-2048 3072 -1152.239990 ) (-2048 3072 -128 ) 
4 253 328 (-3072 3970 256.135010 ) (-3072 3970 133 ) (-3072 3968 133 ) (-3072 3968 256.135010 ) 
4 253 329 (-3072 3968 133 ) (-3072 3837 133 ) (-3072 3837 256.135010 ) (-3072 3968 256.135010 ) 
4 253 324 (-3072 3837 257.135010 ) (-3072 3970 257.135010 ) (-3072 3970 256.135010 ) (-3072 3837 256.135010 ) 
4 253 323 (-3072 3970 257.135010 ) (-3072 3972 257.135010 ) (-3072 3972 133 ) (-3072 3970 133 ) 
4 253 347 (-3072 3072 133 ) (-3072 3072 257.135010 ) (-3072 3837 257.135010 ) (-3072 3837 133 ) 
4 253 321 (-3072 3972 257.135010 ) (-3072 4096 257.135010 ) (-3072 4096 133 ) (-3072 3972 133 ) 
4 253 320 (-3072 3072 257.135010 ) (-3072 3072 5850.240234 ) (-3072 4096 5850.240234 ) (-3072 4096 257.135010 ) 
4 253 268 (-2048 3072 133 ) (-2048 3072 5850.240234 ) (-3072 3072 5850.240234 ) (-3072 3072 133 ) 
4 253 256 (-2048 3072 133 ) (-3072 3072 133 ) (-3072 3968 133 ) (-2048 3968 133 ) 
4 254 322 (-3072 4096 128 ) (-3072 4096 64 ) (-3072 3972 64 ) (-3072 3972 128 ) 
4 254 257 (-2048 4096 64 ) (-2048 3972 64 ) (-3072 3972 64 ) (-3072 4096 64 ) 
4 254 255 (-3072 3972 64 ) (-2048 3972 64 ) (-2048 3972 128 ) (-3072 3972 128 ) 
4 255 348 (-3072 3972 128 ) (-3072 3972 64 ) (-3072 3968 64 ) (-3072 3968 128 ) 
4 255 257 (-2048 3972 64 ) (-2048 3968 64 ) (-3072 3968 64 ) (-3072 3972 64 ) 
4 255 256 (-3072 3968 64 ) (-2048 3968 64 ) (-2048 3968 128 ) (-3072 3968 128 ) 
4 256 329 (-3072 3837 133 ) (-3072 3968 133 ) (-3072 3968 128 ) (-3072 3837 128 ) 
4 256 347 (-3072 3072 128 ) (-3072 3072 133 ) (-3072 3837 133 ) (-3072 3837 128 ) 
4 256 348 (-3072 3072 64 ) (-3072 3072 128 ) (-3072 3968 128 ) (-3072 3968 64 ) 
4 256 268 (-2048 3072 64 ) (-2048 3072 133 ) (-3072 3072 133 ) (-3072 3072 64 ) 
4 256 258 (-2048 3584 64 ) (-2048 3072 64 ) (-3072 3072 64 ) (-3072 3584 64 ) 
4 256 257 (-2048 3968 64 ) (-2048 3584 64 ) (-3072 3584 64 ) (-3072 3968 64 ) 
4 257 349 (-3072 3584 64 ) (-3072 4096 64 ) (-3072 4096 -128 ) (-3072 3584 -128 ) 
4 257 259 (-3072 3584 -128 ) (-3072 4096 -128 ) (-2048 4096 -128 ) (-2048 3584 -128 ) 
4 257 258 (-2048 3584 -127 ) (-2048 3584 64 ) (-3072 3584 64 ) (-3072 3584 -127 ) 
4 258 350 (-3072 3072 -127 ) (-3072 3072 64 ) (-3072 3584 64 ) (-3072 3584 -127 ) 
4 258 269 (-2048 3072 -127 ) (-2048 3072 64 ) (-3072 3072 64 ) (-3072 3072 -127 ) 
4 259 352 (-3072 3072 -1152.239990 ) (-3072 3072 -128 ) (-3072 4096 -128 ) (-3072 4096 -1152.239990 ) 
4 259 270 (-2048 3072 -1152.239990 ) (-2048 3072 -128 ) (-3072 3072 -128 ) (-3072 3072 -1152.239990 ) 
4 260 555 (-1024 2048 64 ) (-1024 2048 5850.240234 ) (-1239 2048 5850.240234 ) (-1239 2048 64 ) 
4 260 264 (-1239 3072 64 ) (-1024 3072 64 ) (-1024 2048 64 ) (-1239 2048 64 ) 
4 260 261 (-1239 2559 115 ) (-1239 2559 5850.240234 ) (-1239 3072 5850.240234 ) (-1239 3072 115 ) 
4 260 262 (-1239 2559 64 ) (-1239 2048 64 ) (-1239 2048 5850.240234 ) (-1239 2559 5850.240234 ) 
4 261 262 (-1520 2559 5850.240234 ) (-1520 2559 115 ) (-1239 2559 115 ) (-1239 2559 5850.240234 ) 
4 261 263 (-1520 2559 115 ) (-1520 2559 5850.240234 ) (-1520 3072 5850.240234 ) (-1520 3072 115 ) 
4 262 555 (-1239 2048 5850.240234 ) (-1520 2048 5850.240234 ) (-1520 2048 64 ) (-1239 2048 64 ) 
4 262 265 (-1239 2559 64 ) (-1239 2048 64 ) (-1520 2048 64 ) (-1520 2559 64 ) 
4 262 263 (-1520 2559 64 ) (-1520 2048 64 ) (-1520 2048 5850.240234 ) (-1520 2559 5850.240234 ) 
4 263 555 (-1520 2048 5850.240234 ) (-2048 2048 5850.240234 ) (-2048 2048 64 ) (-1520 2048 64 ) 
4 263 268 (-2048 3072 5850.240234 ) (-2048 3072 64 ) (-2048 2048 64 ) (-2048 2048 5850.240234 ) 
4 263 266 (-2048 3072 64 ) (-1520 3072 64 ) (-1520 2048 64 ) (-2048 2048 64 ) 
4 264 556 (-1024 2048 -127 ) (-1024 2048 64 ) (-1239 2048 64 ) (-1239 2048 -127 ) 
4 264 265 (-1239 2559 -127 ) (-1239 2048 -127 ) (-1239 2048 64 ) (-1239 2559 64 ) 
4 265 556 (-1239 2048 64 ) (-1520 2048 64 ) (-1520 2048 -127 ) (-1239 2048 -127 ) 
4 265 266 (-1520 2559 -127 ) (-1520 2048 -127 ) (-1520 2048 64 ) (-1520 2559 64 ) 
4 266 556 (-1520 2048 64 ) (-2048 2048 64 ) (-2048 2048 -127 ) (-1520 2048 -127 ) 
4 266 269 (-2048 3072 64 ) (-2048 3072 -127 ) (-2048 2048 -127 ) (-2048 2048 64 ) 
4 267 557 (-1024 2048 -1152.239990 ) (-1024 2048 -128 ) (-2048 2048 -128 ) (-2048 2048 -1152.239990 ) 
4 267 270 (-2048 3072 -128 ) (-2048 3072 -1152.239990 ) (-2048 2048 -1152.239990 ) (-2048 2048 -128 ) 
4 268 558 (-2048 2048 64 ) (-2048 2048 5850.240234 ) (-3072 2048 5850.240234 ) (-3072 2048 64 ) 
4 268 353 (-3072 2048 64 ) (-3072 2048 5850.240234 ) (-3072 3072 5850.240234 ) (-3072 3072 64 ) 
4 268 269 (-2048 3072 64 ) (-2048 2048 64 ) (-3072 2048 64 ) (-3072 3072 64 ) 
4 269 559 (-2048 2048 -127 ) (-2048 2048 64 ) (-3072 2048 64 ) (-3072 2048 -127 ) 
4 269 354 (-3072 2048 -127 ) (-3072 2048 64 ) (-3072 3072 64 ) (-3072 3072 -127 ) 
4 270 560 (-2048 2048 -1152.239990 ) (-2048 2048 -128 ) (-3072 2048 -128 ) (-3072 2048 -1152.239990 ) 
4 270 356 (-3072 2048 -1152.239990 ) (-3072 2048 -128 ) (-3072 3072 -128 ) (-3072 3072 -1152.239990 ) 
4 271 319 (-4096 4609 -1152.239990 ) (-4096 4608 -1152.239990 ) (-4096 4608 -128 ) (-4096 4609 -128 ) 
4 271 301 (-4096 4608 -128 ) (-4096 4608 5850.240234 ) (-4096 4609 5850.240234 ) (-4096 4609 -128 ) 
4 271 300 (-3072 4608 -1152.239990 ) (-3072 4608 -128 ) (-4096 4608 -128 ) (-4096 4608 -1152.239990 ) 
4 271 273 (-3072 4608 64 ) (-3072 4608 128 ) (-4096 4608 128 ) (-4096 4608 64 ) 
4 271 272 (-3072 4608 400 ) (-3072 4608 5850.240234 ) (-4096 4608 5850.240234 ) (-4096 4608 400 ) 
4 271 299 (-3072 4608 -128 ) (-3072 4608 64 ) (-4096 4608 64 ) (-4096 4608 -128 ) 
4 272 302 (-4096 4608 5850.240234 ) (-4096 4608 400 ) (-4096 4584 400 ) (-4096 4584 5850.240234 ) 
4 272 274 (-4096 4584 5850.240234 ) (-4096 4584 400 ) (-3072 4584 400 ) (-3072 4584 5850.240234 ) 
4 273 303 (-4096 4608 128 ) (-4096 4608 64 ) (-4096 4584 64 ) (-4096 4584 128 ) 
4 273 295 (-4096 4584 128 ) (-4096 4584 64 ) (-3999.639893 4584 64 ) (-3999.639893 4584 128 ) 
4 273 292 (-3957.090088 4584 64 ) (-3900.360107 4584 64 ) (-3900.360107 4584 128 ) (-3957.090088 4584 128 ) 
4 273 293 (-3999.639893 4584 64 ) (-3957.090088 4584 64 ) (-3957.090088 4584 128 ) (-3999.639893 4584 128 ) 
4 273 291 (-3900.360107 4584 64 ) (-3864.909912 4584 64 ) (-3864.909912 4584 128 ) (-3900.360107 4584 128 ) 
4 273 290 (-3864.909912 4584 64 ) (-3822.360107 4584 64 ) (-3822.360107 4584 128 ) (-3864.909912 4584 128 ) 
4 273 288 (-3822.360107 4584 64 ) (-3772.729980 4584 64 ) (-3772.729980 4584 128 ) (-3822.360107 4584 128 ) 
4 273 286 (-3772.729980 4584 64 ) (-3723.090088 4584 64 ) (-3723.090088 4584 128 ) (-3772.729980 4584 128 ) 
4 273 283 (-3723.090088 4584 64 ) (-3560 4584 64 ) (-3560 4584 128 ) (-3723.090088 4584 128 ) 
4 273 280 (-3560 4584 64 ) (-3311.820068 4584 64 ) (-3311.820068 4584 128 ) (-3560 4584 128 ) 
4 273 277 (-3219.639893 4584 64 ) (-3162.909912 4584 64 ) (-3162.909912 4584 128 ) (-3219.639893 4584 128 ) 
4 273 278 (-3311.820068 4584 64 ) (-3219.639893 4584 64 ) (-3219.639893 4584 128 ) (-3311.820068 4584 128 ) 
4 273 276 (-3162.909912 4584 64 ) (-3072 4584 64 ) (-3072 4584 128 ) (-3162.909912 4584 128 ) 
4 273 299 (-4096 4584 64 ) (-4096 4608 64 ) (-3072 4608 64 ) (-3072 4584 64 ) 
4 274 304 (-4096 4584 5850.240234 ) (-4096 4584 368 ) (-4096 4578 368 ) (-4096 4578 5850.240234 ) 
4 274 296 (-3072 4578 368 ) (-3072 4578 5850.240234 ) (-4096 4578 5850.240234 ) (-4096 4578 368 ) 
4 274 293 (-3957.090088 4578 368 ) (-3999.639893 4578 368 ) (-3999.639893 4584 368 ) (-3957.090088 4584 368 ) 
4 274 282 (-3666.360107 4578 368 ) (-3723.090088 4578 368 ) (-3723.090088 4584 368 ) (-3666.360107 4584 368 ) 
4 274 281 (-3616.729980 4578 368 ) (-3666.360107 4578 368 ) (-3666.360107 4584 368 ) (-3616.729980 4584 368 ) 
4 274 278 (-3219.639893 4578 368 ) (-3311.820068 4578 368 ) (-3311.820068 4584 368 ) (-3219.639893 4584 368 ) 
4 275 296 (-3072 4578 321.230988 ) (-3072 4578 344.614990 ) (-3162.909912 4578 344.614990 ) (-3162.909912 4578 321.230988 ) 
4 276 297 (-3072 4578 128 ) (-3072 4578 133 ) (-3162.909912 4578 133 ) (-3162.909912 4578 128 ) 
4 276 298 (-3162.909912 4578 64 ) (-3072 4578 64 ) (-3072 4578 128 ) (-3162.909912 4578 128 ) 
4 276 296 (-3072 4578 133 ) (-3072 4578 297.846008 ) (-3162.909912 4578 297.846008 ) (-3162.909912 4578 133 ) 
4 276 277 (-3162.909912 4578 64 ) (-3162.909912 4578 227.692001 ) (-3162.909912 4584 227.692001 ) (-3162.909912 4584 64 ) 
4 276 299 (-3162.909912 4584 64 ) (-3072 4584 64 ) (-3072 4578 64 ) (-3162.909912 4578 64 ) 
4 277 297 (-3162.909912 4578 128 ) (-3162.909912 4578 133 ) (-3219.639893 4578 133 ) (-3219.639893 4578 128 ) 
4 277 298 (-3219.639893 4578 64 ) (-3162.909912 4578 64 ) (-3162.909912 4578 128 ) (-3219.639893 4578 128 ) 
4 277 296 (-3162.909912 4578 133 ) (-3162.909912 4578 227.692001 ) (-3219.639893 4578 227.692001 ) (-3219.639893 4578 133 ) 
4 277 278 (-3219.639893 4578 64 ) (-3219.639893 4578 227.692001 ) (-3219.639893 4584 227.692001 ) (-3219.639893 4584 64 ) 
4 277 299 (-3219.639893 4584 64 ) (-3162.909912 4584 64 ) (-3162.909912 4578 64 ) (-3219.639893 4578 64 ) 
4 278 297 (-3219.639893 4578 128 ) (-3219.639893 4578 133 ) (-3311.820068 4578 133 ) (-3311.820068 4578 128 ) 
4 278 298 (-3311.820068 4578 64 ) (-3219.639893 4578 64 ) (-3219.639893 4578 128 ) (-3311.820068 4578 128 ) 
4 278 296 (-3219.639893 4578 133 ) (-3219.639893 4578 368 ) (-3311.820068 4578 368 ) (-3311.820068 4578 133 ) 
4 278 280 (-3311.820068 4578 64 ) (-3311.820068 4578 227.692001 ) (-3311.820068 4584 227.692001 ) (-3311.820068 4584 64 ) 
4 278 299 (-3311.820068 4584 64 ) (-3219.639893 4584 64 ) (-3219.639893 4578 64 ) (-3311.820068 4578 64 ) 
4 279 296 (-3368.550049 4578 344.614990 ) (-3560 4578 344.614990 ) (-3560 4578 251.076996 ) (-3368.550049 4578 251.076996 ) 
4 280 297 (-3311.820068 4578 128 ) (-3311.820068 4578 133 ) (-3560 4578 133 ) (-3560 4578 128 ) 
4 280 298 (-3560 4578 64 ) (-3311.820068 4578 64 ) (-3311.820068 4578 128 ) (-3560 4578 128 ) 
4 280 296 (-3311.820068 4578 133 ) (-3311.820068 4578 227.692001 ) (-3560 4578 227.692001 ) (-3560 4578 133 ) 
4 280 283 (-3560 4578 64 ) (-3560 4578 227.692001 ) (-3560 4584 227.692001 ) (-3560 4584 64 ) 
4 280 299 (-3560 4584 64 ) (-3311.820068 4584 64 ) (-3311.820068 4578 64 ) (-3560 4578 64 ) 
4 281 296 (-3616.729980 4578 368 ) (-3666.360107 4578 368 ) (-3666.360107 4578 227.692001 ) (-3616.729980 4578 227.692001 ) 
4 281 282 (-3666.360107 4578 251.076996 ) (-3666.360107 4578 368 ) (-3666.360107 4584 368 ) (-3666.360107 4584 251.076996 ) 
4 281 283 (-3666.360107 4584 227.692001 ) (-3616.729980 4584 227.692001 ) (-3616.729980 4578 227.692001 ) (-3666.360107 4578 227.692001 ) 
4 282 296 (-3666.360107 4578 368 ) (-3723.090088 4578 368 ) (-3723.090088 4578 251.076996 ) (-3666.360107 4578 251.076996 ) 
4 282 285 (-3723.090088 4578 271.537994 ) (-3723.090088 4578 321.230988 ) (-3723.090088 4584 321.230988 ) (-3723.090088 4584 271.537994 ) 
4 283 297 (-3560 4578 128 ) (-3560 4578 133 ) (-3723.090088 4578 133 ) (-3723.090088 4578 128 ) 
4 283 298 (-3723.090088 4578 64 ) (-3560 4578 64 ) (-3560 4578 128 ) (-3723.090088 4578 128 ) 
4 283 296 (-3560 4578 133 ) (-3560 4578 227.692001 ) (-3723.090088 4578 227.692001 ) (-3723.090088 4578 133 ) 
4 283 286 (-3723.090088 4578 64 ) (-3723.090088 4578 227.692001 ) (-3723.090088 4584 227.692001 ) (-3723.090088 4584 64 ) 
4 283 299 (-3723.090088 4584 64 ) (-3560 4584 64 ) (-3560 4578 64 ) (-3723.090088 4578 64 ) 
4 284 296 (-3751.449951 4578 353.385010 ) (-3900.360107 4578 353.385010 ) (-3900.360107 4578 330 ) (-3751.449951 4578 330 ) 
4 285 296 (-3723.090088 4578 271.537994 ) (-3723.090088 4578 321.230988 ) (-3772.729980 4578 321.230988 ) (-3772.729980 4578 271.537994 ) 
4 285 287 (-3772.729980 4578 289.076996 ) (-3772.729980 4578 321.230988 ) (-3772.729980 4584 321.230988 ) (-3772.729980 4584 289.076996 ) 
4 286 297 (-3723.090088 4578 128 ) (-3723.090088 4578 133 ) (-3772.729980 4578 133 ) (-3772.729980 4578 128 ) 
4 286 298 (-3772.729980 4578 64 ) (-3723.090088 4578 64 ) (-3723.090088 4578 128 ) (-3772.729980 4578 128 ) 
4 286 296 (-3723.090088 4578 133 ) (-3723.090088 4578 251.076996 ) (-3772.729980 4578 251.076996 ) (-3772.729980 4578 133 ) 
4 286 288 (-3772.729980 4578 64 ) (-3772.729980 4578 251.076996 ) (-3772.729980 4584 251.076996 ) (-3772.729980 4584 64 ) 
4 286 299 (-3772.729980 4584 64 ) (-3723.090088 4584 64 ) (-3723.090088 4578 64 ) (-3772.729980 4578 64 ) 
4 287 296 (-3772.729980 4578 289.076996 ) (-3772.729980 4578 321.230988 ) (-3822.360107 4578 321.230988 ) (-3822.360107 4578 289.076996 ) 
4 287 289 (-3822.360107 4578 306.614990 ) (-3822.360107 4578 321.230988 ) (-3822.360107 4584 321.230988 ) (-3822.360107 4584 306.614990 ) 
4 288 297 (-3772.729980 4578 128 ) (-3772.729980 4578 133 ) (-3822.360107 4578 133 ) (-3822.360107 4578 128 ) 
4 288 298 (-3822.360107 4578 64 ) (-3772.729980 4578 64 ) (-3772.729980 4578 128 ) (-3822.360107 4578 128 ) 
4 288 296 (-3772.729980 4578 133 ) (-3772.729980 4578 271.537994 ) (-3822.360107 4578 271.537994 ) (-3822.360107 4578 133 ) 
4 288 290 (-3822.360107 4578 64 ) (-3822.360107 4578 271.537994 ) (-3822.360107 4584 271.537994 ) (-3822.360107 4584 64 ) 
4 288 299 (-3822.360107 4584 64 ) (-3772.729980 4584 64 ) (-3772.729980 4578 64 ) (-3822.360107 4578 64 ) 
4 289 296 (-3822.360107 4578 306.614990 ) (-3822.360107 4578 321.230988 ) (-3864.909912 4578 321.230988 ) (-3864.909912 4578 306.614990 ) 
4 290 297 (-3822.360107 4578 128 ) (-3822.360107 4578 133 ) (-3864.909912 4578 133 ) (-3864.909912 4578 128 ) 
4 290 298 (-3864.909912 4578 64 ) (-3822.360107 4578 64 ) (-3822.360107 4578 128 ) (-3864.909912 4578 128 ) 
4 290 296 (-3822.360107 4578 133 ) (-3822.360107 4578 289.076996 ) (-3864.909912 4578 289.076996 ) (-3864.909912 4578 133 ) 
4 290 291 (-3864.909912 4578 64 ) (-3864.909912 4578 289.076996 ) (-3864.909912 4584 289.076996 ) (-3864.909912 4584 64 ) 
4 290 299 (-3864.909912 4584 64 ) (-3822.360107 4584 64 ) (-3822.360107 4578 64 ) (-3864.909912 4578 64 ) 
4 291 297 (-3864.909912 4578 128 ) (-3864.909912 4578 133 ) (-3900.360107 4578 133 ) (-3900.360107 4578 128 ) 
4 291 298 (-3900.360107 4578 64 ) (-3864.909912 4578 64 ) (-3864.909912 4578 128 ) (-3900.360107 4578 128 ) 
4 291 296 (-3864.909912 4578 133 ) (-3864.909912 4578 306.614990 ) (-3900.360107 4578 306.614990 ) (-3900.360107 4578 133 ) 
4 291 292 (-3900.360107 4578 64 ) (-3900.360107 4578 227.692001 ) (-3900.360107 4584 227.692001 ) (-3900.360107 4584 64 ) 
4 291 299 (-3900.360107 4584 64 ) (-3864.909912 4584 64 ) (-3864.909912 4578 64 ) (-3900.360107 4578 64 ) 
4 292 297 (-3900.360107 4578 128 ) (-3900.360107 4578 133 ) (-3957.090088 4578 133 ) (-3957.090088 4578 128 ) 
4 292 298 (-3957.090088 4578 64 ) (-3900.360107 4578 64 ) (-3900.360107 4578 128 ) (-3957.090088 4578 128 ) 
4 292 296 (-3900.360107 4578 133 ) (-3900.360107 4578 227.692001 ) (-3957.090088 4578 227.692001 ) (-3957.090088 4578 133 ) 
4 292 293 (-3957.090088 4578 64 ) (-3957.090088 4578 227.692001 ) (-3957.090088 4584 227.692001 ) (-3957.090088 4584 64 ) 
4 292 299 (-3957.090088 4584 64 ) (-3900.360107 4584 64 ) (-3900.360107 4578 64 ) (-3957.090088 4578 64 ) 
4 293 297 (-3957.090088 4578 128 ) (-3957.090088 4578 133 ) (-3999.639893 4578 133 ) (-3999.639893 4578 128 ) 
4 293 298 (-3999.639893 4578 64 ) (-3957.090088 4578 64 ) (-3957.090088 4578 128 ) (-3999.639893 4578 128 ) 
4 293 296 (-3957.090088 4578 133 ) (-3957.090088 4578 368 ) (-3999.639893 4578 368 ) (-3999.639893 4578 133 ) 
4 293 295 (-3999.639893 4578 64 ) (-3999.639893 4578 315.385010 ) (-3999.639893 4584 315.385010 ) (-3999.639893 4584 64 ) 
4 293 299 (-3999.639893 4584 64 ) (-3957.090088 4584 64 ) (-3957.090088 4578 64 ) (-3999.639893 4578 64 ) 
4 294 306 (-4096 4584 356.308014 ) (-4096 4584 330 ) (-4096 4578 330 ) (-4096 4578 356.308014 ) 
4 294 296 (-4028 4578 356.308014 ) (-4096 4578 356.308014 ) (-4096 4578 330 ) (-4028 4578 330 ) 
4 295 317 (-4096 4584 128 ) (-4096 4584 64 ) (-4096 4578 64 ) (-4096 4578 128 ) 
4 295 314 (-4096 4584 133 ) (-4096 4584 128 ) (-4096 4578 128 ) (-4096 4578 133 ) 
4 295 307 (-4096 4584 315.385010 ) (-4096 4584 133 ) (-4096 4578 133 ) (-4096 4578 315.385010 ) 
4 295 297 (-3999.639893 4578 128 ) (-3999.639893 4578 133 ) (-4096 4578 133 ) (-4096 4578 128 ) 
4 295 298 (-4096 4578 64 ) (-3999.639893 4578 64 ) (-3999.639893 4578 128 ) (-4096 4578 128 ) 
4 295 296 (-3999.639893 4578 133 ) (-3999.639893 4578 315.385010 ) (-4096 4578 315.385010 ) (-4096 4578 133 ) 
4 295 299 (-4096 4578 64 ) (-4096 4584 64 ) (-3999.639893 4584 64 ) (-3999.639893 4578 64 ) 
4 296 321 (-3072 4096 133 ) (-3072 4096 257.135010 ) (-4096 4096 257.135010 ) (-4096 4096 133 ) 
4 296 320 (-3072 4096 257.135010 ) (-3072 4096 5850.240234 ) (-4096 4096 5850.240234 ) (-4096 4096 257.135010 ) 
4 296 308 (-4096 4096 133 ) (-4096 4096 356.308014 ) (-4096 4578 356.308014 ) (-4096 4578 133 ) 
4 296 305 (-4096 4096 356.308014 ) (-4096 4096 5850.240234 ) (-4096 4578 5850.240234 ) (-4096 4578 356.308014 ) 
4 296 297 (-4096 4428 133 ) (-4096 4578 133 ) (-3072 4578 133 ) (-3072 4428 133 ) 
4 297 314 (-4096 4428 133 ) (-4096 4578 133 ) (-4096 4578 128 ) (-4096 4428 128 ) 
4 297 298 (-4096 4428 128 ) (-4096 4578 128 ) (-3072 4578 128 ) (-3072 4428 128 ) 
4 298 322 (-3072 4096 64 ) (-3072 4096 128 ) (-4096 4096 128 ) (-4096 4096 64 ) 
4 298 317 (-4096 4096 64 ) (-4096 4096 128 ) (-4096 4578 128 ) (-4096 4578 64 ) 
4 298 299 (-3072 4096 64 ) (-4096 4096 64 ) (-4096 4578 64 ) (-3072 4578 64 ) 
4 299 349 (-3072 4096 -128 ) (-3072 4096 64 ) (-3584 4096 64 ) (-3584 4096 -128 ) 
4 299 351 (-3584 4096 64 ) (-4096 4096 64 ) (-4096 4096 -128 ) (-3584 4096 -128 ) 
4 299 318 (-4096 4096 -128 ) (-4096 4096 64 ) (-4096 4608 64 ) (-4096 4608 -128 ) 
4 299 300 (-4096 4096 -128 ) (-4096 4608 -128 ) (-3072 4608 -128 ) (-3072 4096 -128 ) 
4 300 352 (-3072 4096 -1152.239990 ) (-3072 4096 -128 ) (-4096 4096 -128 ) (-4096 4096 -1152.239990 ) 
4 300 319 (-4096 4096 -1152.239990 ) (-4096 4096 -128 ) (-4096 4608 -128 ) (-4096 4608 -1152.239990 ) 
4 301 319 (-4096 4609 -128 ) (-4096 4608 -128 ) (-4608 4608 -128 ) (-4608 4609 -128 ) 
4 301 318 (-4608 4608 -128 ) (-4096 4608 -128 ) (-4096 4608 64 ) (-4608 4608 64 ) 
4 301 303 (-4096 4608 64 ) (-4096 4608 128 ) (-4608 4608 128 ) (-4608 4608 64 ) 
4 301 302 (-4096 4608 400 ) (-4096 4608 5850.240234 ) (-4608 4608 5850.240234 ) (-4608 4608 400 ) 
4 302 313 (-4584 4584 5850.240234 ) (-4608 4584 5850.240234 ) (-4608 4584 400 ) (-4584 4584 400 ) 
4 302 309 (-4148.540039 4584 5850.240234 ) (-4184 4584 5850.240234 ) (-4184 4584 400 ) (-4148.540039 4584 400 ) 
4 302 312 (-4184 4584 5850.240234 ) (-4584 4584 5850.240234 ) (-4584 4584 400 ) (-4184 4584 400 ) 
4 302 304 (-4096 4584 400 ) (-4096 4584 5850.240234 ) (-4148.540039 4584 5850.240234 ) (-4148.540039 4584 400 ) 
4 303 318 (-4608 4608 64 ) (-4096 4608 64 ) (-4096 4584 64 ) (-4608 4584 64 ) 
4 303 317 (-4608 4584 64 ) (-4096 4584 64 ) (-4096 4584 128 ) (-4608 4584 128 ) 
4 304 309 (-4148.540039 4584 5850.240234 ) (-4148.540039 4584 368 ) (-4148.540039 4578 368 ) (-4148.540039 4578 5850.240234 ) 
4 304 305 (-4096 4578 368 ) (-4096 4578 5850.240234 ) (-4148.540039 4578 5850.240234 ) (-4148.540039 4578 368 ) 
4 305 357 (-4096 4096 356.308014 ) (-4096 4096 5850.240234 ) (-4148.540039 4096 5850.240234 ) (-4148.540039 4096 356.308014 ) 
4 305 311 (-4148.540039 4578 356.308014 ) (-4148.540039 4096 356.308014 ) (-4148.540039 4096 5850.240234 ) (-4148.540039 4578 5850.240234 ) 
4 305 308 (-4096 4096 356.308014 ) (-4148.540039 4096 356.308014 ) (-4148.540039 4578 356.308014 ) (-4096 4578 356.308014 ) 
4 306 308 (-4096 4578 356.308014 ) (-4148.540039 4578 356.308014 ) (-4148.540039 4578 330 ) (-4096 4578 330 ) 
4 307 314 (-4148.540039 4578 133 ) (-4148.540039 4584 133 ) (-4096 4584 133 ) (-4096 4578 133 ) 
4 307 310 (-4148.540039 4584 230.615005 ) (-4148.540039 4584 133 ) (-4148.540039 4578 133 ) (-4148.540039 4578 230.615005 ) 
4 307 308 (-4148.540039 4578 315.385010 ) (-4148.540039 4578 133 ) (-4096 4578 133 ) (-4096 4578 315.385010 ) 
4 308 357 (-4096 4096 133 ) (-4096 4096 356.308014 ) (-4148.540039 4096 356.308014 ) (-4148.540039 4096 133 ) 
4 308 314 (-4148.540039 4428 133 ) (-4148.540039 4578 133 ) (-4096 4578 133 ) (-4096 4428 133 ) 
4 308 311 (-4148.540039 4578 133 ) (-4148.540039 4096 133 ) (-4148.540039 4096 356.308014 ) (-4148.540039 4578 356.308014 ) 
4 309 312 (-4184 4578 368 ) (-4184 4578 5850.240234 ) (-4184 4584 5850.240234 ) (-4184 4584 368 ) 
4 309 311 (-4184 4578 5850.240234 ) (-4184 4578 368 ) (-4148.540039 4578 368 ) (-4148.540039 4578 5850.240234 ) 
4 310 314 (-4184 4578 133 ) (-4184 4584 133 ) (-4148.540039 4584 133 ) (-4148.540039 4578 133 ) 
4 310 311 (-4184 4578 230.615005 ) (-4184 4578 133 ) (-4148.540039 4578 133 ) (-4148.540039 4578 230.615005 ) 
4 310 312 (-4184 4584 133 ) (-4184 4578 133 ) (-4184 4578 230.615005 ) (-4184 4584 230.615005 ) 
4 311 357 (-4184 4096 133 ) (-4148.540039 4096 133 ) (-4148.540039 4096 5850.240234 ) (-4184 4096 5850.240234 ) 
4 311 314 (-4184 4428 133 ) (-4184 4578 133 ) (-4148.540039 4578 133 ) (-4148.540039 4428 133 ) 
4 311 312 (-4184 4578 133 ) (-4184 4096 133 ) (-4184 4096 5850.240234 ) (-4184 4578 5850.240234 ) 
4 312 357 (-4584 4096 5850.240234 ) (-4584 4096 133 ) (-4184 4096 133 ) (-4184 4096 5850.240234 ) 
4 312 316 (-4540 4096 133 ) (-4584 4096 133 ) (-4584 4584 133 ) (-4540 4584 133 ) 
4 312 315 (-4516 4096 133 ) (-4540 4096 133 ) (-4540 4264 133 ) (-4516 4264 133 ) 
4 312 314 (-4540 4428 133 ) (-4540 4584 133 ) (-4184 4584 133 ) (-4184 4428 133 ) 
4 312 313 (-4584 4584 5850.240234 ) (-4584 4584 400 ) (-4584 4096 400 ) (-4584 4096 5850.240234 ) 
4 313 361 (-4608 4096 5850.240234 ) (-4608 4096 400 ) (-4584 4096 400 ) (-4584 4096 5850.240234 ) 
4 314 317 (-4540 4428 128 ) (-4540 4584 128 ) (-4096 4584 128 ) (-4096 4428 128 ) 
4 314 316 (-4540 4584 128 ) (-4540 4428 128 ) (-4540 4428 133 ) (-4540 4584 133 ) 
4 315 358 (-4516 4096 133 ) (-4540 4096 133 ) (-4540 4096 128 ) (-4516 4096 128 ) 
4 315 317 (-4516 4096 128 ) (-4540 4096 128 ) (-4540 4264 128 ) (-4516 4264 128 ) 
4 315 316 (-4540 4264 128 ) (-4540 4096 128 ) (-4540 4096 133 ) (-4540 4264 133 ) 
4 316 358 (-4540 4096 133 ) (-4584 4096 133 ) (-4584 4096 128 ) (-4540 4096 128 ) 
4 316 317 (-4540 4096 128 ) (-4584 4096 128 ) (-4584 4584 128 ) (-4540 4584 128 ) 
4 317 362 (-4096 4096 64 ) (-4096 4096 128 ) (-4608 4096 128 ) (-4608 4096 64 ) 
4 317 318 (-4096 4096 64 ) (-4608 4096 64 ) (-4608 4584 64 ) (-4096 4584 64 ) 
4 318 363 (-4096 4096 -128 ) (-4096 4096 64 ) (-4608 4096 64 ) (-4608 4096 -128 ) 
4 318 319 (-4096 4096 -128 ) (-4608 4096 -128 ) (-4608 4608 -128 ) (-4096 4608 -128 ) 
4 319 364 (-4096 4096 -1152.239990 ) (-4096 4096 -128 ) (-4608 4096 -128 ) (-4608 4096 -1152.239990 ) 
4 320 357 (-4096 4096 5850.240234 ) (-4096 4096 257.135010 ) (-4096 3072 257.135010 ) (-4096 3072 5850.240234 ) 
4 320 353 (-3072 3072 257.135010 ) (-3072 3072 5850.240234 ) (-4096 3072 5850.240234 ) (-4096 3072 257.135010 ) 
4 320 325 (-3139.679932 3970 257.135010 ) (-3139 3970 257.135010 ) (-3139 3839.340088 257.135010 ) (-3139.679932 3839.340088 257.135010 ) 
4 320 326 (-3103 3838 257.135010 ) (-3103 3837 257.135010 ) (-3139.679932 3837 257.135010 ) (-3139.679932 3838 257.135010 ) 
4 320 327 (-4096 3837 257.135010 ) (-4096 3970 257.135010 ) (-3139.679932 3970 257.135010 ) (-3139.679932 3837 257.135010 ) 
4 320 324 (-3103 3970 257.135010 ) (-3072 3970 257.135010 ) (-3072 3837 257.135010 ) (-3103 3837 257.135010 ) 
4 320 323 (-4096 3970 257.135010 ) (-4096 3972 257.135010 ) (-3072 3972 257.135010 ) (-3072 3970 257.135010 ) 
4 320 347 (-4096 3072 257.135010 ) (-4096 3837 257.135010 ) (-3072 3837 257.135010 ) (-3072 3072 257.135010 ) 
4 320 321 (-4096 3972 257.135010 ) (-4096 4096 257.135010 ) (-3072 4096 257.135010 ) (-3072 3972 257.135010 ) 
4 321 357 (-4096 4096 257.135010 ) (-4096 4096 133 ) (-4096 3972 133 ) (-4096 3972 257.135010 ) 
4 321 323 (-3072 3972 133 ) (-3072 3972 257.135010 ) (-4096 3972 257.135010 ) (-4096 3972 133 ) 
4 322 362 (-4096 4096 128 ) (-4096 4096 64 ) (-4096 3972 64 ) (-4096 3972 128 ) 
4 322 349 (-3584 4096 64 ) (-3072 4096 64 ) (-3072 3972 64 ) (-3584 3972 64 ) 
4 322 351 (-4096 3972 64 ) (-4096 4096 64 ) (-3584 4096 64 ) (-3584 3972 64 ) 
4 322 348 (-4096 3972 64 ) (-3072 3972 64 ) (-3072 3972 128 ) (-4096 3972 128 ) 
4 323 357 (-4096 3970 257.135010 ) (-4096 3972 257.135010 ) (-4096 3972 133 ) (-4096 3970 133 ) 
4 323 345 (-3310 3970 256.135010 ) (-4096 3970 256.135010 ) (-4096 3970 133 ) (-3310 3970 133 ) 
4 323 335 (-3138.679932 3970 256.135010 ) (-3310 3970 256.135010 ) (-3310 3970 133 ) (-3138.679932 3970 133 ) 
4 323 332 (-3104.679932 3970 256.135010 ) (-3138.679932 3970 256.135010 ) (-3138.679932 3970 133 ) (-3104.679932 3970 133 ) 
4 323 330 (-3103.679932 3970 256.135010 ) (-3104.679932 3970 256.135010 ) (-3104.679932 3970 133 ) (-3103.679932 3970 133 ) 
4 323 328 (-3072 3970 133 ) (-3072 3970 256.135010 ) (-3103.679932 3970 256.135010 ) (-3103.679932 3970 133 ) 
4 323 325 (-3139 3970 257.135010 ) (-3139.679932 3970 257.135010 ) (-3139.679932 3970 256.135010 ) (-3139 3970 256.135010 ) 
4 323 327 (-3139.679932 3970 257.135010 ) (-4096 3970 257.135010 ) (-4096 3970 256.135010 ) (-3139.679932 3970 256.135010 ) 
4 323 324 (-3072 3970 256.135010 ) (-3072 3970 257.135010 ) (-3103 3970 257.135010 ) (-3103 3970 256.135010 ) 
4 324 328 (-3103 3968 256.135010 ) (-3103 3970 256.135010 ) (-3072 3970 256.135010 ) (-3072 3968 256.135010 ) 
4 324 329 (-3072 3837 256.135010 ) (-3103 3837 256.135010 ) (-3103 3968 256.135010 ) (-3072 3968 256.135010 ) 
4 324 326 (-3103 3838 256.135010 ) (-3103 3837 256.135010 ) (-3103 3837 257.135010 ) (-3103 3838 257.135010 ) 
4 324 347 (-3072 3837 256.135010 ) (-3072 3837 257.135010 ) (-3103 3837 257.135010 ) (-3103 3837 256.135010 ) 
4 325 337 (-3139.679932 3839.340088 256.135010 ) (-3139.679932 3968 256.135010 ) (-3139 3968 256.135010 ) (-3139 3839.340088 256.135010 ) 
4 325 335 (-3139.679932 3968 256.135010 ) (-3139.679932 3970 256.135010 ) (-3139 3970 256.135010 ) (-3139 3968 256.135010 ) 
4 325 327 (-3139.679932 3970 257.135010 ) (-3139.679932 3970 256.135010 ) (-3139.679932 3839.340088 256.135010 ) (-3139.679932 3839.340088 257.135010 ) 
4 326 339 (-3103.679932 3837 256.135010 ) (-3139.679932 3837 256.135010 ) (-3139.679932 3838 256.135010 ) (-3103.679932 3838 256.135010 ) 
4 326 329 (-3103 3837 256.135010 ) (-3103.679932 3837 256.135010 ) (-3103.679932 3838 256.135010 ) (-3103 3838 256.135010 ) 
4 326 327 (-3139.679932 3838 256.135010 ) (-3139.679932 3837 256.135010 ) (-3139.679932 3837 257.135010 ) (-3139.679932 3838 257.135010 ) 
4 326 347 (-3103 3837 257.135010 ) (-3139.679932 3837 257.135010 ) (-3139.679932 3837 256.135010 ) (-3103 3837 256.135010 ) 
4 327 357 (-4096 3837 257.135010 ) (-4096 3970 257.135010 ) (-4096 3970 256.135010 ) (-4096 3837 256.135010 ) 
4 327 345 (-4096 3968 256.135010 ) (-4096 3970 256.135010 ) (-3310 3970 256.135010 ) (-3310 3968 256.135010 ) 
4 327 346 (-3310 3837 256.135010 ) (-4096 3837 256.135010 ) (-4096 3968 256.135010 ) (-3310 3968 256.135010 ) 
4 327 340 (-3139.679932 3837 256.135010 ) (-3310 3837 256.135010 ) (-3310 3839.340088 256.135010 ) (-3139.679932 3839.340088 256.135010 ) 
4 327 337 (-3310 3839.340088 256.135010 ) (-3310 3968 256.135010 ) (-3139.679932 3968 256.135010 ) (-3139.679932 3839.340088 256.135010 ) 
4 327 335 (-3310 3968 256.135010 ) (-3310 3970 256.135010 ) (-3139.679932 3970 256.135010 ) (-3139.679932 3968 256.135010 ) 
4 327 347 (-3139.679932 3837 257.135010 ) (-4096 3837 257.135010 ) (-4096 3837 256.135010 ) (-3139.679932 3837 256.135010 ) 
4 328 330 (-3103.679932 3969.340088 256.135010 ) (-3103.679932 3970 256.135010 ) (-3103.679932 3970 133 ) (-3103.679932 3969.340088 133 ) 
4 328 329 (-3103.679932 3968 256.135010 ) (-3103.679932 3968 133 ) (-3072 3968 133 ) (-3072 3968 256.135010 ) 
4 329 342 (-3103.679932 3837 128 ) (-3103.679932 3837 130 ) (-3103.679932 3838.340088 130 ) (-3103.679932 3838.340088 128 ) 
4 329 341 (-3103.679932 3837 130 ) (-3103.679932 3837 131 ) (-3103.679932 3838.340088 131 ) (-3103.679932 3838.340088 130 ) 
4 329 339 (-3103.679932 3837 131 ) (-3103.679932 3837 256.135010 ) (-3103.679932 3838.340088 256.135010 ) (-3103.679932 3838.340088 131 ) 
4 329 348 (-3072 3968 128 ) (-3072 3837 128 ) (-3103.679932 3837 128 ) (-3103.679932 3968 128 ) 
4 329 347 (-3103.679932 3837 128 ) (-3072 3837 128 ) (-3072 3837 256.135010 ) (-3103.679932 3837 256.135010 ) 
4 330 332 (-3104.679932 3969.340088 256.135010 ) (-3104.679932 3970 256.135010 ) (-3104.679932 3970 133 ) (-3104.679932 3969.340088 133 ) 
4 331 348 (-3103.679932 3968 128 ) (-3103.679932 3839.340088 128 ) (-3104.679932 3839.340088 128 ) (-3104.679932 3968 128 ) 
4 332 335 (-3138.679932 3969.340088 256.135010 ) (-3138.679932 3970 256.135010 ) (-3138.679932 3970 133 ) (-3138.679932 3969.340088 133 ) 
4 333 348 (-3104.679932 3968 128 ) (-3104.679932 3967.340088 128 ) (-3138.679932 3967.340088 128 ) (-3138.679932 3968 128 ) 
4 334 336 (-3138.679932 3839.340088 128 ) (-3138.679932 3839.340088 256.135010 ) (-3138.679932 3967.340088 256.135010 ) (-3138.679932 3967.340088 128 ) 
4 334 348 (-3104.679932 3967.340088 128 ) (-3104.679932 3839.340088 128 ) (-3138.679932 3839.340088 128 ) (-3138.679932 3967.340088 128 ) 
4 335 345 (-3310 3968 256.135010 ) (-3310 3970 256.135010 ) (-3310 3970 133 ) (-3310 3968 133 ) 
4 335 337 (-3310 3968 256.135010 ) (-3310 3968 133 ) (-3139 3968 133 ) (-3139 3968 256.135010 ) 
4 335 336 (-3139 3968 133 ) (-3138.679932 3968 133 ) (-3138.679932 3968 256.135010 ) (-3139 3968 256.135010 ) 
4 336 337 (-3139 3968 256.135010 ) (-3139 3968 131 ) (-3139 3839.340088 131 ) (-3139 3839.340088 256.135010 ) 
4 336 338 (-3139 3968 130 ) (-3139 3968 128 ) (-3139 3839.340088 128 ) (-3139 3839.340088 130 ) 
4 336 348 (-3138.679932 3968 128 ) (-3138.679932 3839.340088 128 ) (-3139 3839.340088 128 ) (-3139 3968 128 ) 
4 337 346 (-3310 3839.340088 256.135010 ) (-3310 3968 256.135010 ) (-3310 3968 131 ) (-3310 3839.340088 131 ) 
4 337 340 (-3310 3839.340088 256.135010 ) (-3310 3839.340088 131 ) (-3139.679932 3839.340088 131 ) (-3139.679932 3839.340088 256.135010 ) 
4 338 346 (-3310 3968 130 ) (-3310 3968 128 ) (-3310 3839.340088 128 ) (-3310 3839.340088 130 ) 
4 338 343 (-3310 3839.340088 130 ) (-3310 3839.340088 128 ) (-3139.679932 3839.340088 128 ) (-3139.679932 3839.340088 130 ) 
4 338 348 (-3139 3839.340088 128 ) (-3310 3839.340088 128 ) (-3310 3968 128 ) (-3139 3968 128 ) 
4 339 341 (-3103.679932 3838.340088 131 ) (-3103.679932 3837 131 ) (-3139 3837 131 ) (-3139 3838.340088 131 ) 
4 339 340 (-3139.679932 3838.340088 131 ) (-3139.679932 3837 131 ) (-3139.679932 3837 256.135010 ) (-3139.679932 3838.340088 256.135010 ) 
4 339 347 (-3103.679932 3837 131 ) (-3103.679932 3837 256.135010 ) (-3139.679932 3837 256.135010 ) (-3139.679932 3837 131 ) 
4 340 346 (-3310 3837 131 ) (-3310 3837 256.135010 ) (-3310 3839.340088 256.135010 ) (-3310 3839.340088 131 ) 
4 340 347 (-3139.679932 3837 256.135010 ) (-3310 3837 256.135010 ) (-3310 3837 131 ) (-3139.679932 3837 131 ) 
4 341 342 (-3139 3838.340088 130 ) (-3103.679932 3838.340088 130 ) (-3103.679932 3837 130 ) (-3139 3837 130 ) 
4 341 347 (-3103.679932 3837 130 ) (-3103.679932 3837 131 ) (-3139 3837 131 ) (-3139 3837 130 ) 
4 342 343 (-3139.679932 3838.340088 128.134995 ) (-3139.679932 3837 128.134995 ) (-3139.679932 3837 130 ) (-3139.679932 3838.340088 130 ) 
4 342 344 (-3103.679932 3838.340088 128.134995 ) (-3103.679932 3837 128.134995 ) (-3139.679932 3837 128.134995 ) (-3139.679932 3838.340088 128.134995 ) 
4 342 347 (-3139.679932 3837 128 ) (-3103.679932 3837 128 ) (-3103.679932 3837 130 ) (-3139.679932 3837 130 ) 
4 343 346 (-3310 3837 128 ) (-3310 3837 130 ) (-3310 3839.340088 130 ) (-3310 3839.340088 128 ) 
4 343 347 (-3310 3837 128 ) (-3139.679932 3837 128 ) (-3139.679932 3837 130 ) (-3310 3837 130 ) 
4 343 344 (-3310 3837 128.134995 ) (-3310 3839.340088 128.134995 ) (-3139.679932 3839.340088 128.134995 ) (-3139.679932 3837 128.134995 ) 
4 344 348 (-3103.679932 3839.340088 128 ) (-3103.679932 3837 128 ) (-3310 3837 128 ) (-3310 3839.340088 128 ) 
4 345 357 (-4096 3970 256.135010 ) (-4096 3970 133 ) (-4096 3968 133 ) (-4096 3968 256.135010 ) 
4 345 346 (-3310 3968 133 ) (-3310 3968 256.135010 ) (-4096 3968 256.135010 ) (-4096 3968 133 ) 
4 346 359 (-4096 3968 128 ) (-4096 3837 128 ) (-4096 3837 133 ) (-4096 3968 133 ) 
4 346 357 (-4096 3837 133 ) (-4096 3837 256.135010 ) (-4096 3968 256.135010 ) (-4096 3968 133 ) 
4 346 347 (-4096 3837 128 ) (-3310 3837 128 ) (-3310 3837 256.135010 ) (-4096 3837 256.135010 ) 
4 346 348 (-4096 3837 128 ) (-4096 3968 128 ) (-3310 3968 128 ) (-3310 3837 128 ) 
4 347 359 (-4096 3072 128 ) (-4096 3072 133 ) (-4096 3837 133 ) (-4096 3837 128 ) 
4 347 357 (-4096 3072 133 ) (-4096 3072 257.135010 ) (-4096 3837 257.135010 ) (-4096 3837 133 ) 
4 347 353 (-3072 3072 128 ) (-3072 3072 257.135010 ) (-4096 3072 257.135010 ) (-4096 3072 128 ) 
4 347 348 (-4096 3072 128 ) (-4096 3837 128 ) (-3072 3837 128 ) (-3072 3072 128 ) 
4 348 362 (-4096 3972 64 ) (-4096 3072 64 ) (-4096 3072 128 ) (-4096 3972 128 ) 
4 348 353 (-3072 3072 64 ) (-3072 3072 128 ) (-4096 3072 128 ) (-4096 3072 64 ) 
4 348 350 (-3072 3072 64 ) (-3584 3072 64 ) (-3584 3584 64 ) (-3072 3584 64 ) 
4 348 349 (-3584 3584 64 ) (-3584 3972 64 ) (-3072 3972 64 ) (-3072 3584 64 ) 
4 348 351 (-3584 3072 64 ) (-4096 3072 64 ) (-4096 3972 64 ) (-3584 3972 64 ) 
4 349 352 (-3584 4096 -128 ) (-3072 4096 -128 ) (-3072 3584 -128 ) (-3584 3584 -128 ) 
4 349 350 (-3584 3584 64 ) (-3584 3584 -127 ) (-3072 3584 -127 ) (-3072 3584 64 ) 
4 349 351 (-3584 4096 -128 ) (-3584 3584 -128 ) (-3584 3584 64 ) (-3584 4096 64 ) 
4 350 354 (-3072 3072 -127 ) (-3072 3072 64 ) (-3584 3072 64 ) (-3584 3072 -127 ) 
4 350 351 (-3584 3072 -127 ) (-3584 3072 64 ) (-3584 3584 64 ) (-3584 3584 -127 ) 
4 351 363 (-4096 4096 64 ) (-4096 4096 -128 ) (-4096 3072 -128 ) (-4096 3072 64 ) 
4 351 355 (-3584 3072 64 ) (-4096 3072 64 ) (-4096 3072 -128 ) (-3584 3072 -128 ) 
4 351 352 (-4096 3072 -128 ) (-4096 4096 -128 ) (-3584 4096 -128 ) (-3584 3072 -128 ) 
4 352 364 (-4096 4096 -128 ) (-4096 4096 -1152.239990 ) (-4096 3072 -1152.239990 ) (-4096 3072 -128 ) 
4 352 356 (-3072 3072 -1152.239990 ) (-3072 3072 -128 ) (-4096 3072 -128 ) (-4096 3072 -1152.239990 ) 
4 353 579 (-3072 2048 64 ) (-3072 2048 5850.240234 ) (-4096 2048 5850.240234 ) (-4096 2048 64 ) 
4 353 365 (-4096 2048 64 ) (-4096 2048 5850.240234 ) (-4096 3072 5850.240234 ) (-4096 3072 64 ) 
4 353 354 (-3072 2048 64 ) (-3584 2048 64 ) (-3584 3072 64 ) (-3072 3072 64 ) 
4 353 355 (-3584 2048 64 ) (-4096 2048 64 ) (-4096 3072 64 ) (-3584 3072 64 ) 
4 354 580 (-3072 2048 -127 ) (-3072 2048 64 ) (-3584 2048 64 ) (-3584 2048 -127 ) 
4 354 355 (-3584 2048 -127 ) (-3584 2048 64 ) (-3584 3072 64 ) (-3584 3072 -127 ) 
4 355 581 (-3584 2048 64 ) (-4096 2048 64 ) (-4096 2048 -128 ) (-3584 2048 -128 ) 
4 355 368 (-4096 2048 -128 ) (-4096 2048 64 ) (-4096 3072 64 ) (-4096 3072 -128 ) 
4 355 356 (-3584 2048 -128 ) (-4096 2048 -128 ) (-4096 3072 -128 ) (-3584 3072 -128 ) 
4 356 582 (-3072 2048 -1152.239990 ) (-3072 2048 -128 ) (-4096 2048 -128 ) (-4096 2048 -1152.239990 ) 
4 356 369 (-4096 2048 -1152.239990 ) (-4096 2048 -128 ) (-4096 3072 -128 ) (-4096 3072 -1152.239990 ) 
4 357 365 (-4096 3072 133 ) (-4096 3072 5850.240234 ) (-4584 3072 5850.240234 ) (-4584 3072 133 ) 
4 357 361 (-4584 3072 400 ) (-4584 3072 5850.240234 ) (-4584 4096 5850.240234 ) (-4584 4096 400 ) 
4 357 359 (-4096 3968 133 ) (-4096 3072 133 ) (-4516 3072 133 ) (-4516 3968 133 ) 
4 357 360 (-4584 3072 133 ) (-4584 3972 133 ) (-4516 3972 133 ) (-4516 3072 133 ) 
4 357 358 (-4584 3972 133 ) (-4584 4096 133 ) (-4516 4096 133 ) (-4516 3972 133 ) 
4 358 360 (-4516 3972 133 ) (-4584 3972 133 ) (-4584 3972 128 ) (-4516 3972 128 ) 
4 358 362 (-4584 4096 128 ) (-4516 4096 128 ) (-4516 3972 128 ) (-4584 3972 128 ) 
4 359 365 (-4096 3072 128 ) (-4096 3072 133 ) (-4516 3072 133 ) (-4516 3072 128 ) 
4 359 360 (-4516 3968 128 ) (-4516 3072 128 ) (-4516 3072 133 ) (-4516 3968 133 ) 
4 359 362 (-4096 3968 128 ) (-4096 3072 128 ) (-4516 3072 128 ) (-4516 3968 128 ) 
4 360 365 (-4516 3072 133 ) (-4584 3072 133 ) (-4584 3072 128 ) (-4516 3072 128 ) 
4 360 362 (-4516 3072 128 ) (-4584 3072 128 ) (-4584 3972 128 ) (-4516 3972 128 ) 
4 361 366 (-4608 3072 5850.240234 ) (-4608 3072 400 ) (-4584 3072 400 ) (-4584 3072 5850.240234 ) 
4 362 367 (-4584 3072 128 ) (-4608 3072 128 ) (-4608 3072 64 ) (-4584 3072 64 ) 
4 362 365 (-4096 3072 64 ) (-4096 3072 128 ) (-4584 3072 128 ) (-4584 3072 64 ) 
4 362 363 (-4608 4096 64 ) (-4096 4096 64 ) (-4096 3072 64 ) (-4608 3072 64 ) 
4 363 368 (-4096 3072 -128 ) (-4096 3072 64 ) (-4608 3072 64 ) (-4608 3072 -128 ) 
4 363 364 (-4096 3072 -128 ) (-4608 3072 -128 ) (-4608 4096 -128 ) (-4096 4096 -128 ) 
4 364 369 (-4096 3072 -1152.239990 ) (-4096 3072 -128 ) (-4608 3072 -128 ) (-4608 3072 -1152.239990 ) 
4 365 583 (-4096 2048 64 ) (-4096 2048 5850.240234 ) (-4584 2048 5850.240234 ) (-4584 2048 64 ) 
4 365 368 (-4096 2048 64 ) (-4584 2048 64 ) (-4584 3072 64 ) (-4096 3072 64 ) 
4 365 367 (-4584 3072 64 ) (-4584 2048 64 ) (-4584 2048 128 ) (-4584 3072 128 ) 
4 365 366 (-4584 2048 400 ) (-4584 2048 5850.240234 ) (-4584 3072 5850.240234 ) (-4584 3072 400 ) 
4 366 584 (-4584 2048 5850.240234 ) (-4608 2048 5850.240234 ) (-4608 2048 400 ) (-4584 2048 400 ) 
4 367 585 (-4608 2048 128 ) (-4608 2048 64 ) (-4584 2048 64 ) (-4584 2048 128 ) 
4 367 368 (-4584 2048 64 ) (-4608 2048 64 ) (-4608 3072 64 ) (-4584 3072 64 ) 
4 368 586 (-4096 2048 -128 ) (-4096 2048 64 ) (-4608 2048 64 ) (-4608 2048 -128 ) 
4 368 369 (-4608 3072 -128 ) (-4096 3072 -128 ) (-4096 2048 -128 ) (-4608 2048 -128 ) 
4 369 587 (-4096 2048 -1152.239990 ) (-4096 2048 -128 ) (-4608 2048 -128 ) (-4608 2048 -1152.239990 ) 
4 370 379 (4608 1024 400 ) (4608 1024 5850.240234 ) (4584 1024 5850.240234 ) (4584 1024 400 ) 
4 370 372 (4584 1024 400 ) (4584 1024 5850.240234 ) (4584 2048 5850.240234 ) (4584 2048 400 ) 
4 371 380 (4584 1024 64 ) (4608 1024 64 ) (4608 1024 128 ) (4584 1024 128 ) 
4 371 373 (4608 1024 64 ) (4584 1024 64 ) (4584 2048 64 ) (4608 2048 64 ) 
4 371 372 (4584 2048 64 ) (4584 1024 64 ) (4584 1024 128 ) (4584 2048 128 ) 
4 372 381 (4096 1024 5850.240234 ) (4096 1024 64 ) (4584 1024 64 ) (4584 1024 5850.240234 ) 
4 372 375 (4096 1024 64 ) (4096 1024 5850.240234 ) (4096 2048 5850.240234 ) (4096 2048 64 ) 
4 372 373 (4584 1024 64 ) (4096 1024 64 ) (4096 2048 64 ) (4584 2048 64 ) 
4 373 382 (4608 1024 64 ) (4096 1024 64 ) (4096 1024 -128 ) (4608 1024 -128 ) 
4 373 376 (4096 1024 -128 ) (4096 1024 64 ) (4096 2048 64 ) (4096 2048 -128 ) 
4 373 374 (4096 2048 -128 ) (4608 2048 -128 ) (4608 1024 -128 ) (4096 1024 -128 ) 
4 374 383 (4608 1024 -128 ) (4096 1024 -128 ) (4096 1024 -1152.239990 ) (4608 1024 -1152.239990 ) 
4 374 378 (4096 1024 -1152.239990 ) (4096 1024 -128 ) (4096 2048 -128 ) (4096 2048 -1152.239990 ) 
4 375 397 (3072 2048 5850.240234 ) (3072 2048 64 ) (3072 1024 64 ) (3072 1024 5850.240234 ) 
4 375 384 (4096 1024 64 ) (4096 1024 5850.240234 ) (3072 1024 5850.240234 ) (3072 1024 64 ) 
4 375 377 (3072 1024 64 ) (3072 2048 64 ) (3584 2048 64 ) (3584 1024 64 ) 
4 375 376 (3584 2048 64 ) (4096 2048 64 ) (4096 1024 64 ) (3584 1024 64 ) 
4 376 385 (4096 1024 -128 ) (4096 1024 64 ) (3584 1024 64 ) (3584 1024 -128 ) 
4 376 378 (4096 1024 -128 ) (3584 1024 -128 ) (3584 2048 -128 ) (4096 2048 -128 ) 
4 376 377 (3584 1024 -127 ) (3584 1024 64 ) (3584 2048 64 ) (3584 2048 -127 ) 
4 377 398 (3072 2048 64 ) (3072 2048 -127 ) (3072 1024 -127 ) (3072 1024 64 ) 
4 377 386 (3584 1024 64 ) (3072 1024 64 ) (3072 1024 -127 ) (3584 1024 -127 ) 
4 378 399 (3072 2048 -128 ) (3072 2048 -1152.239990 ) (3072 1024 -1152.239990 ) (3072 1024 -128 ) 
4 378 387 (4096 1024 -1152.239990 ) (4096 1024 -128 ) (3072 1024 -128 ) (3072 1024 -1152.239990 ) 
4 379 388 (4608 0 400 ) (4608 0 5850.240234 ) (4584 0 5850.240234 ) (4584 0 400 ) 
4 379 381 (4584 0 400 ) (4584 0 5850.240234 ) (4584 1024 5850.240234 ) (4584 1024 400 ) 
4 380 389 (4584 0 64 ) (4608 0 64 ) (4608 0 128 ) (4584 0 128 ) 
4 380 382 (4584 1024 64 ) (4608 1024 64 ) (4608 0 64 ) (4584 0 64 ) 
4 380 381 (4584 1024 64 ) (4584 0 64 ) (4584 0 128 ) (4584 1024 128 ) 
4 381 390 (4096 0 5850.240234 ) (4096 0 64 ) (4584 0 64 ) (4584 0 5850.240234 ) 
4 381 384 (4096 1024 5850.240234 ) (4096 1024 64 ) (4096 0 64 ) (4096 0 5850.240234 ) 
4 381 382 (4096 0 64 ) (4096 1024 64 ) (4584 1024 64 ) (4584 0 64 ) 
4 382 391 (4608 0 64 ) (4096 0 64 ) (4096 0 -128 ) (4608 0 -128 ) 
4 382 385 (4096 1024 64 ) (4096 1024 -128 ) (4096 0 -128 ) (4096 0 64 ) 
4 382 383 (4608 0 -128 ) (4096 0 -128 ) (4096 1024 -128 ) (4608 1024 -128 ) 
4 383 392 (4608 0 -128 ) (4096 0 -128 ) (4096 0 -1152.239990 ) (4608 0 -1152.239990 ) 
4 383 387 (4096 1024 -128 ) (4096 1024 -1152.239990 ) (4096 0 -1152.239990 ) (4096 0 -128 ) 
4 384 410 (3072 0 64 ) (3072 0 5850.240234 ) (3072 1024 5850.240234 ) (3072 1024 64 ) 
4 384 393 (4096 0 64 ) (4096 0 5850.240234 ) (3072 0 5850.240234 ) (3072 0 64 ) 
4 384 386 (3584 0 64 ) (3072 0 64 ) (3072 1024 64 ) (3584 1024 64 ) 
4 384 385 (4096 1024 64 ) (4096 0 64 ) (3584 0 64 ) (3584 1024 64 ) 
4 385 394 (4096 0 -128 ) (4096 0 64 ) (3584 0 64 ) (3584 0 -128 ) 
4 385 387 (4096 0 -128 ) (3584 0 -128 ) (3584 1024 -128 ) (4096 1024 -128 ) 
4 385 386 (3584 0 -127 ) (3584 0 64 ) (3584 1024 64 ) (3584 1024 -127 ) 
4 386 411 (3072 0 -127 ) (3072 0 64 ) (3072 1024 64 ) (3072 1024 -127 ) 
4 386 395 (3584 0 64 ) (3072 0 64 ) (3072 0 -127 ) (3584 0 -127 ) 
4 387 412 (3072 0 -1152.239990 ) (3072 0 -128 ) (3072 1024 -128 ) (3072 1024 -1152.239990 ) 
4 387 396 (4096 0 -1152.239990 ) (4096 0 -128 ) (3072 0 -128 ) (3072 0 -1152.239990 ) 
4 388 442 (4608 -1024 400 ) (4608 -1024 5850.240234 ) (4584 -1024 5850.240234 ) (4584 -1024 400 ) 
4 388 390 (4584 -1024 400 ) (4584 -1024 5850.240234 ) (4584 0 5850.240234 ) (4584 0 400 ) 
4 389 443 (4584 -1024 64 ) (4608 -1024 64 ) (4608 -1024 128 ) (4584 -1024 128 ) 
4 389 391 (4584 0 64 ) (4608 0 64 ) (4608 -1024 64 ) (4584 -1024 64 ) 
4 389 390 (4584 0 64 ) (4584 -1024 64 ) (4584 -1024 128 ) (4584 0 128 ) 
4 390 444 (4096 -1024 5850.240234 ) (4096 -1024 64 ) (4584 -1024 64 ) (4584 -1024 5850.240234 ) 
4 390 393 (4096 0 5850.240234 ) (4096 0 64 ) (4096 -1024 64 ) (4096 -1024 5850.240234 ) 
4 390 391 (4096 -1024 64 ) (4096 0 64 ) (4584 0 64 ) (4584 -1024 64 ) 
4 391 445 (4608 -1024 64 ) (4096 -1024 64 ) (4096 -1024 -128 ) (4608 -1024 -128 ) 
4 391 394 (4096 0 64 ) (4096 0 -128 ) (4096 -1024 -128 ) (4096 -1024 64 ) 
4 391 392 (4608 -1024 -128 ) (4096 -1024 -128 ) (4096 0 -128 ) (4608 0 -128 ) 
4 392 446 (4608 -1024 -128 ) (4096 -1024 -128 ) (4096 -1024 -1152.239990 ) (4608 -1024 -1152.239990 ) 
4 392 396 (4096 0 -128 ) (4096 0 -1152.239990 ) (4096 -1024 -1152.239990 ) (4096 -1024 -128 ) 
4 393 447 (4096 -1024 64 ) (4096 -1024 5850.240234 ) (3072 -1024 5850.240234 ) (3072 -1024 64 ) 
4 393 413 (3072 -1024 64 ) (3072 -1024 5850.240234 ) (3072 0 5850.240234 ) (3072 0 64 ) 
4 393 395 (3584 -1024 64 ) (3072 -1024 64 ) (3072 0 64 ) (3584 0 64 ) 
4 393 394 (4096 0 64 ) (4096 -1024 64 ) (3584 -1024 64 ) (3584 0 64 ) 
4 394 448 (4096 -1024 -128 ) (4096 -1024 64 ) (3584 -1024 64 ) (3584 -1024 -128 ) 
4 394 396 (4096 -1024 -128 ) (3584 -1024 -128 ) (3584 0 -128 ) (4096 0 -128 ) 
4 394 395 (3584 -1024 -127 ) (3584 -1024 64 ) (3584 0 64 ) (3584 0 -127 ) 
4 395 449 (3584 -1024 64 ) (3072 -1024 64 ) (3072 -1024 -127 ) (3584 -1024 -127 ) 
4 395 414 (3072 -1024 -127 ) (3072 -1024 64 ) (3072 0 64 ) (3072 0 -127 ) 
4 396 450 (4096 -1024 -1152.239990 ) (4096 -1024 -128 ) (3072 -1024 -128 ) (3072 -1024 -1152.239990 ) 
4 396 415 (3072 -1024 -1152.239990 ) (3072 -1024 -128 ) (3072 0 -128 ) (3072 0 -1152.239990 ) 
4 397 410 (3072 1024 64 ) (3072 1024 5850.240234 ) (2048 1024 5850.240234 ) (2048 1024 64 ) 
4 397 400 (2048 2048 5850.240234 ) (2048 2048 64 ) (2048 1024 64 ) (2048 1024 5850.240234 ) 
4 397 398 (3072 1024 64 ) (2048 1024 64 ) (2048 2048 64 ) (3072 2048 64 ) 
4 398 411 (3072 1024 -127 ) (3072 1024 64 ) (2048 1024 64 ) (2048 1024 -127 ) 
4 398 401 (2048 2048 64 ) (2048 2048 -127 ) (2048 1024 -127 ) (2048 1024 64 ) 
4 399 412 (3072 1024 -1152.239990 ) (3072 1024 -128 ) (2048 1024 -128 ) (2048 1024 -1152.239990 ) 
4 399 402 (2048 2048 -128 ) (2048 2048 -1152.239990 ) (2048 1024 -1152.239990 ) (2048 1024 -128 ) 
4 400 416 (2048 1024 64 ) (2048 1024 5850.240234 ) (1024 1024 5850.240234 ) (1024 1024 64 ) 
4 400 404 (1024 1024 128 ) (1024 1024 168 ) (1024 2048 168 ) (1024 2048 128 ) 
4 400 403 (1024 1024 168 ) (1024 1024 5850.240234 ) (1024 2048 5850.240234 ) (1024 2048 168 ) 
4 400 407 (1024 1024 64 ) (1024 1024 128 ) (1024 2048 128 ) (1024 2048 64 ) 
4 400 401 (2048 1024 64 ) (1024 1024 64 ) (1024 2048 64 ) (2048 2048 64 ) 
4 401 417 (2048 1024 -127 ) (2048 1024 64 ) (1024 1024 64 ) (1024 1024 -127 ) 
4 401 408 (1024 1024 -127 ) (1024 1024 64 ) (1024 2048 64 ) (1024 2048 -127 ) 
4 402 418 (2048 1024 -1152.239990 ) (2048 1024 -128 ) (1024 1024 -128 ) (1024 1024 -1152.239990 ) 
4 402 409 (1024 1024 -1152.239990 ) (1024 1024 -128 ) (1024 2048 -128 ) (1024 2048 -1152.239990 ) 
4 403 552 (0 2048 5850.240234 ) (0 2048 168 ) (0 1024 168 ) (0 1024 5850.240234 ) 
4 403 419 (1024 1024 168 ) (1024 1024 5850.240234 ) (0 1024 5850.240234 ) (0 1024 168 ) 
4 403 406 (0 1024 168 ) (0 2048 168 ) (48 2048 168 ) (48 1024 168 ) 
4 403 405 (64 2048 168 ) (192 2048 168 ) (192 1024 168 ) (64 1024 168 ) 
4 403 404 (208 2048 168 ) (1024 2048 168 ) (1024 1024 168 ) (208 1024 168 ) 
4 404 420 (1024 1024 128 ) (1024 1024 168 ) (208 1024 168 ) (208 1024 128 ) 
4 404 407 (1024 1024 128 ) (208 1024 128 ) (208 2048 128 ) (1024 2048 128 ) 
4 405 421 (192 1024 168 ) (64 1024 168 ) (64 1024 144 ) (192 1024 144 ) 
4 406 552 (0 2048 168 ) (0 2048 128 ) (0 1024 128 ) (0 1024 168 ) 
4 406 422 (48 1024 168 ) (0 1024 168 ) (0 1024 128 ) (48 1024 128 ) 
4 406 407 (48 1024 128 ) (0 1024 128 ) (0 2048 128 ) (48 2048 128 ) 
4 407 552 (0 2048 128 ) (0 2048 64 ) (0 1024 64 ) (0 1024 128 ) 
4 407 424 (160 1024 128 ) (96 1024 128 ) (96 1024 64 ) (160 1024 64 ) 
4 407 423 (1024 1024 64 ) (1024 1024 128 ) (160 1024 128 ) (160 1024 64 ) 
4 407 426 (96 1024 128 ) (0 1024 128 ) (0 1024 64 ) (96 1024 64 ) 
4 407 408 (0 1024 64 ) (0 2048 64 ) (1024 2048 64 ) (1024 1024 64 ) 
4 408 553 (0 2048 64 ) (0 2048 -127 ) (0 1024 -127 ) (0 1024 64 ) 
4 408 428 (160 1024 64 ) (96 1024 64 ) (96 1024 -127 ) (160 1024 -127 ) 
4 408 427 (1024 1024 -127 ) (1024 1024 64 ) (160 1024 64 ) (160 1024 -127 ) 
4 408 430 (96 1024 64 ) (0 1024 64 ) (0 1024 -127 ) (96 1024 -127 ) 
4 409 554 (0 2048 -128 ) (0 2048 -1152.239990 ) (0 1024 -1152.239990 ) (0 1024 -128 ) 
4 409 431 (1024 1024 -1152.239990 ) (1024 1024 -128 ) (0 1024 -128 ) (0 1024 -1152.239990 ) 
4 410 416 (2048 1024 5850.240234 ) (2048 1024 64 ) (2048 0 64 ) (2048 0 5850.240234 ) 
4 410 413 (3072 0 64 ) (3072 0 5850.240234 ) (2048 0 5850.240234 ) (2048 0 64 ) 
4 410 411 (2048 0 64 ) (2048 1024 64 ) (3072 1024 64 ) (3072 0 64 ) 
4 411 417 (2048 1024 64 ) (2048 1024 -127 ) (2048 0 -127 ) (2048 0 64 ) 
4 411 414 (3072 0 -127 ) (3072 0 64 ) (2048 0 64 ) (2048 0 -127 ) 
4 412 418 (2048 1024 -128 ) (2048 1024 -1152.239990 ) (2048 0 -1152.239990 ) (2048 0 -128 ) 
4 412 415 (3072 0 -1152.239990 ) (3072 0 -128 ) (2048 0 -128 ) (2048 0 -1152.239990 ) 
4 413 473 (3072 -1024 64 ) (3072 -1024 5850.240234 ) (2048 -1024 5850.240234 ) (2048 -1024 64 ) 
4 413 432 (2048 -1024 64 ) (2048 -1024 5850.240234 ) (2048 0 5850.240234 ) (2048 0 64 ) 
4 413 414 (3072 -1024 64 ) (2048 -1024 64 ) (2048 0 64 ) (3072 0 64 ) 
4 414 474 (3072 -1024 -127 ) (3072 -1024 64 ) (2048 -1024 64 ) (2048 -1024 -127 ) 
4 414 433 (2048 -1024 -127 ) (2048 -1024 64 ) (2048 0 64 ) (2048 0 -127 ) 
4 415 475 (3072 -1024 -1152.239990 ) (3072 -1024 -128 ) (2048 -1024 -128 ) (2048 -1024 -1152.239990 ) 
4 415 434 (2048 -1024 -1152.239990 ) (2048 -1024 -128 ) (2048 0 -128 ) (2048 0 -1152.239990 ) 
4 416 432 (2048 0 64 ) (2048 0 5850.240234 ) (1024 0 5850.240234 ) (1024 0 64 ) 
4 416 423 (1024 1024 128 ) (1024 1024 64 ) (1024 0 64 ) (1024 0 128 ) 
4 416 420 (1024 1024 168 ) (1024 1024 128 ) (1024 0 128 ) (1024 0 168 ) 
4 416 419 (1024 1024 5850.240234 ) (1024 1024 168 ) (1024 0 168 ) (1024 0 5850.240234 ) 
4 416 417 (2048 0 64 ) (1024 0 64 ) (1024 1024 64 ) (2048 1024 64 ) 
4 417 433 (2048 0 -127 ) (2048 0 64 ) (1024 0 64 ) (1024 0 -127 ) 
4 417 427 (1024 1024 64 ) (1024 1024 -127 ) (1024 0 -127 ) (1024 0 64 ) 
4 418 434 (2048 0 -1152.239990 ) (2048 0 -128 ) (1024 0 -128 ) (1024 0 -1152.239990 ) 
4 418 431 (1024 1024 -128 ) (1024 1024 -1152.239990 ) (1024 0 -1152.239990 ) (1024 0 -128 ) 
4 419 561 (0 0 168 ) (0 0 5850.240234 ) (0 1024 5850.240234 ) (0 1024 168 ) 
4 419 435 (1024 0 168 ) (1024 0 5850.240234 ) (0 0 5850.240234 ) (0 0 168 ) 
4 419 422 (48 0 168 ) (0 0 168 ) (0 1024 168 ) (48 1024 168 ) 
4 419 421 (192 0 168 ) (64 0 168 ) (64 1024 168 ) (192 1024 168 ) 
4 419 420 (1024 1024 168 ) (1024 0 168 ) (208 0 168 ) (208 1024 168 ) 
4 420 436 (1024 0 128 ) (1024 0 168 ) (208 0 168 ) (208 0 128 ) 
4 420 423 (1024 0 128 ) (208 0 128 ) (208 1024 128 ) (1024 1024 128 ) 
4 421 437 (192 0 168 ) (64 0 168 ) (64 0 144 ) (192 0 144 ) 
4 422 561 (0 0 128 ) (0 0 168 ) (0 1024 168 ) (0 1024 128 ) 
4 422 438 (48 0 168 ) (0 0 168 ) (0 0 128 ) (48 0 128 ) 
4 422 426 (48 0 128 ) (0 0 128 ) (0 1024 128 ) (48 1024 128 ) 
4 423 439 (1024 0 64 ) (1024 0 128 ) (160 0 128 ) (160 0 64 ) 
4 423 427 (1024 1024 64 ) (1024 0 64 ) (160 0 64 ) (160 1024 64 ) 
4 423 424 (160 1024 64 ) (160 576 64 ) (160 576 128 ) (160 1024 128 ) 
4 423 425 (160 512 64 ) (160 0 64 ) (160 0 128 ) (160 512 128 ) 
4 424 428 (96 576 64 ) (96 1024 64 ) (160 1024 64 ) (160 576 64 ) 
4 424 426 (96 1024 64 ) (96 576 64 ) (96 576 128 ) (96 1024 128 ) 
4 425 439 (160 0 128 ) (96 0 128 ) (96 0 64 ) (160 0 64 ) 
4 425 429 (160 0 64 ) (96 0 64 ) (96 512 64 ) (160 512 64 ) 
4 425 426 (96 512 64 ) (96 0 64 ) (96 0 128 ) (96 512 128 ) 
4 426 561 (0 0 64 ) (0 0 128 ) (0 1024 128 ) (0 1024 64 ) 
4 426 439 (96 0 128 ) (0 0 128 ) (0 0 64 ) (96 0 64 ) 
4 426 430 (96 0 64 ) (0 0 64 ) (0 1024 64 ) (96 1024 64 ) 
4 427 440 (1024 0 -127 ) (1024 0 64 ) (160 0 64 ) (160 0 -127 ) 
4 427 428 (160 1024 -127 ) (160 576 -127 ) (160 576 64 ) (160 1024 64 ) 
4 427 429 (160 512 -127 ) (160 0 -127 ) (160 0 64 ) (160 512 64 ) 
4 428 430 (96 1024 -127 ) (96 576 -127 ) (96 576 64 ) (96 1024 64 ) 
4 429 440 (160 0 64 ) (96 0 64 ) (96 0 -127 ) (160 0 -127 ) 
4 429 430 (96 512 -127 ) (96 0 -127 ) (96 0 64 ) (96 512 64 ) 
4 430 562 (0 0 -127 ) (0 0 64 ) (0 1024 64 ) (0 1024 -127 ) 
4 430 440 (96 0 64 ) (0 0 64 ) (0 0 -127 ) (96 0 -127 ) 
4 431 563 (0 0 -1152.239990 ) (0 0 -128 ) (0 1024 -128 ) (0 1024 -1152.239990 ) 
4 431 441 (1024 0 -1152.239990 ) (1024 0 -128 ) (0 0 -128 ) (0 0 -1152.239990 ) 
4 432 480 (2048 -1024 64 ) (2048 -1024 5850.240234 ) (1024 -1024 5850.240234 ) (1024 -1024 64 ) 
4 432 436 (1024 0 168 ) (1024 0 128 ) (1024 -1024 128 ) (1024 -1024 168 ) 
4 432 435 (1024 0 5850.240234 ) (1024 0 168 ) (1024 -1024 168 ) (1024 -1024 5850.240234 ) 
4 432 439 (1024 0 128 ) (1024 0 64 ) (1024 -1024 64 ) (1024 -1024 128 ) 
4 432 433 (1024 0 64 ) (2048 0 64 ) (2048 -1024 64 ) (1024 -1024 64 ) 
4 433 481 (2048 -1024 -127 ) (2048 -1024 64 ) (1024 -1024 64 ) (1024 -1024 -127 ) 
4 433 440 (1024 0 64 ) (1024 0 -127 ) (1024 -1024 -127 ) (1024 -1024 64 ) 
4 434 482 (2048 -1024 -1152.239990 ) (2048 -1024 -128 ) (1024 -1024 -128 ) (1024 -1024 -1152.239990 ) 
4 434 441 (1024 0 -128 ) (1024 0 -1152.239990 ) (1024 -1024 -1152.239990 ) (1024 -1024 -128 ) 
4 435 564 (0 -1024 168 ) (0 -1024 5850.240234 ) (0 0 5850.240234 ) (0 0 168 ) 
4 435 483 (1024 -1024 168 ) (1024 -1024 5850.240234 ) (0 -1024 5850.240234 ) (0 -1024 168 ) 
4 435 438 (48 -1024 168 ) (0 -1024 168 ) (0 0 168 ) (48 0 168 ) 
4 435 437 (192 -1024 168 ) (64 -1024 168 ) (64 0 168 ) (192 0 168 ) 
4 435 436 (1024 0 168 ) (1024 -1024 168 ) (208 -1024 168 ) (208 0 168 ) 
4 436 484 (1024 -1024 128 ) (1024 -1024 168 ) (208 -1024 168 ) (208 -1024 128 ) 
4 436 439 (1024 -1024 128 ) (208 -1024 128 ) (208 0 128 ) (1024 0 128 ) 
4 437 485 (192 -1024 168 ) (64 -1024 168 ) (64 -1024 144 ) (192 -1024 144 ) 
4 438 564 (0 -1024 128 ) (0 -1024 168 ) (0 0 168 ) (0 0 128 ) 
4 438 486 (48 -1024 168 ) (0 -1024 168 ) (0 -1024 128 ) (48 -1024 128 ) 
4 438 439 (48 -1024 128 ) (0 -1024 128 ) (0 0 128 ) (48 0 128 ) 
4 439 564 (0 -1024 64 ) (0 -1024 128 ) (0 0 128 ) (0 0 64 ) 
4 439 488 (160 -1024 128 ) (96 -1024 128 ) (96 -1024 64 ) (160 -1024 64 ) 
4 439 487 (1024 -1024 64 ) (1024 -1024 128 ) (160 -1024 128 ) (160 -1024 64 ) 
4 439 490 (96 -1024 128 ) (0 -1024 128 ) (0 -1024 64 ) (96 -1024 64 ) 
4 439 440 (1024 0 64 ) (1024 -1024 64 ) (0 -1024 64 ) (0 0 64 ) 
4 440 565 (0 -1024 -127 ) (0 -1024 64 ) (0 0 64 ) (0 0 -127 ) 
4 440 492 (160 -1024 64 ) (96 -1024 64 ) (96 -1024 -127 ) (160 -1024 -127 ) 
4 440 491 (1024 -1024 -127 ) (1024 -1024 64 ) (160 -1024 64 ) (160 -1024 -127 ) 
4 440 494 (96 -1024 64 ) (0 -1024 64 ) (0 -1024 -127 ) (96 -1024 -127 ) 
4 441 566 (0 -1024 -1152.239990 ) (0 -1024 -128 ) (0 0 -128 ) (0 0 -1152.239990 ) 
4 441 495 (1024 -1024 -1152.239990 ) (1024 -1024 -128 ) (0 -1024 -128 ) (0 -1024 -1152.239990 ) 
4 442 451 (4608 -2048 400 ) (4608 -2048 5850.240234 ) (4584 -2048 5850.240234 ) (4584 -2048 400 ) 
4 442 444 (4584 -2048 400 ) (4584 -2048 5850.240234 ) (4584 -1024 5850.240234 ) (4584 -1024 400 ) 
4 443 452 (4584 -2048 64 ) (4608 -2048 64 ) (4608 -2048 128 ) (4584 -2048 128 ) 
4 443 445 (4584 -1024 64 ) (4608 -1024 64 ) (4608 -2048 64 ) (4584 -2048 64 ) 
4 443 444 (4584 -1024 64 ) (4584 -2048 64 ) (4584 -2048 128 ) (4584 -1024 128 ) 
4 444 453 (4096 -2048 5850.240234 ) (4096 -2048 64 ) (4584 -2048 64 ) (4584 -2048 5850.240234 ) 
4 444 447 (4096 -1024 5850.240234 ) (4096 -1024 64 ) (4096 -2048 64 ) (4096 -2048 5850.240234 ) 
4 444 445 (4096 -2048 64 ) (4096 -1024 64 ) (4584 -1024 64 ) (4584 -2048 64 ) 
4 445 454 (4608 -2048 64 ) (4096 -2048 64 ) (4096 -2048 -128 ) (4608 -2048 -128 ) 
4 445 448 (4096 -1024 64 ) (4096 -1024 -128 ) (4096 -2048 -128 ) (4096 -2048 64 ) 
4 445 446 (4608 -2048 -128 ) (4096 -2048 -128 ) (4096 -1024 -128 ) (4608 -1024 -128 ) 
4 446 455 (4608 -2048 -128 ) (4096 -2048 -128 ) (4096 -2048 -1152.239990 ) (4608 -2048 -1152.239990 ) 
4 446 450 (4096 -1024 -128 ) (4096 -1024 -1152.239990 ) (4096 -2048 -1152.239990 ) (4096 -2048 -128 ) 
4 447 473 (3072 -1024 5850.240234 ) (3072 -1024 64 ) (3072 -2048 64 ) (3072 -2048 5850.240234 ) 
4 447 456 (4096 -2048 64 ) (4096 -2048 5850.240234 ) (3072 -2048 5850.240234 ) (3072 -2048 64 ) 
4 447 449 (3072 -1024 64 ) (3584 -1024 64 ) (3584 -2048 64 ) (3072 -2048 64 ) 
4 447 448 (3584 -1024 64 ) (4096 -1024 64 ) (4096 -2048 64 ) (3584 -2048 64 ) 
4 448 457 (4096 -2048 -128 ) (4096 -2048 64 ) (3584 -2048 64 ) (3584 -2048 -128 ) 
4 448 450 (4096 -2048 -128 ) (3584 -2048 -128 ) (3584 -1024 -128 ) (4096 -1024 -128 ) 
4 448 449 (3584 -2048 -127 ) (3584 -2048 64 ) (3584 -1024 64 ) (3584 -1024 -127 ) 
4 449 474 (3072 -1024 64 ) (3072 -1024 -127 ) (3072 -2048 -127 ) (3072 -2048 64 ) 
4 449 458 (3584 -2048 64 ) (3072 -2048 64 ) (3072 -2048 -127 ) (3584 -2048 -127 ) 
4 450 475 (3072 -1024 -128 ) (3072 -1024 -1152.239990 ) (3072 -2048 -1152.239990 ) (3072 -2048 -128 ) 
4 450 460 (4096 -2048 -1152.239990 ) (4096 -2048 -128 ) (3072 -2048 -128 ) (3072 -2048 -1152.239990 ) 
4 451 461 (4608 -3072 400 ) (4608 -3072 5850.240234 ) (4584 -3072 5850.240234 ) (4584 -3072 400 ) 
4 451 453 (4584 -3072 400 ) (4584 -3072 5850.240234 ) (4584 -2048 5850.240234 ) (4584 -2048 400 ) 
4 452 462 (4584 -3072 64 ) (4608 -3072 64 ) (4608 -3072 128 ) (4584 -3072 128 ) 
4 452 454 (4584 -2048 64 ) (4608 -2048 64 ) (4608 -3072 64 ) (4584 -3072 64 ) 
4 452 453 (4584 -2048 64 ) (4584 -3072 64 ) (4584 -3072 128 ) (4584 -2048 128 ) 
4 453 464 (4096 -3072 400 ) (4096 -3072 64 ) (4584 -3072 64 ) (4584 -3072 400 ) 
4 453 461 (4096 -3072 5850.240234 ) (4096 -3072 400 ) (4584 -3072 400 ) (4584 -3072 5850.240234 ) 
4 453 456 (4096 -2048 5850.240234 ) (4096 -2048 64 ) (4096 -3072 64 ) (4096 -3072 5850.240234 ) 
4 453 454 (4096 -3072 64 ) (4096 -2048 64 ) (4584 -2048 64 ) (4584 -3072 64 ) 
4 454 466 (4608 -3072 64 ) (4096 -3072 64 ) (4096 -3072 -128 ) (4608 -3072 -128 ) 
4 454 457 (4096 -2048 64 ) (4096 -2048 -128 ) (4096 -3072 -128 ) (4096 -3072 64 ) 
4 454 455 (4608 -3072 -128 ) (4096 -3072 -128 ) (4096 -2048 -128 ) (4608 -2048 -128 ) 
4 455 467 (4608 -3072 -128 ) (4096 -3072 -128 ) (4096 -3072 -1152.239990 ) (4608 -3072 -1152.239990 ) 
4 455 460 (4096 -2048 -128 ) (4096 -2048 -1152.239990 ) (4096 -3072 -1152.239990 ) (4096 -3072 -128 ) 
4 456 476 (3072 -3072 64 ) (3072 -3072 5850.240234 ) (3072 -2048 5850.240234 ) (3072 -2048 64 ) 
4 456 468 (4096 -3072 64 ) (4096 -3072 5850.240234 ) (3072 -3072 5850.240234 ) (3072 -3072 64 ) 
4 456 458 (3072 -2560 64 ) (3072 -2048 64 ) (3584 -2048 64 ) (3584 -2560 64 ) 
4 456 459 (3584 -3072 64 ) (3072 -3072 64 ) (3072 -2560 64 ) (3584 -2560 64 ) 
4 456 457 (4096 -2048 64 ) (4096 -3072 64 ) (3584 -3072 64 ) (3584 -2048 64 ) 
4 457 471 (4096 -3072 -128 ) (4096 -3072 64 ) (3584 -3072 64 ) (3584 -3072 -128 ) 
4 457 460 (4096 -3072 -128 ) (3584 -3072 -128 ) (3584 -2048 -128 ) (4096 -2048 -128 ) 
4 457 458 (3584 -2560 -127 ) (3584 -2560 64 ) (3584 -2048 64 ) (3584 -2048 -127 ) 
4 457 459 (3584 -2560 -128 ) (3584 -3072 -128 ) (3584 -3072 64 ) (3584 -2560 64 ) 
4 458 477 (3072 -2560 64 ) (3072 -2048 64 ) (3072 -2048 -127 ) (3072 -2560 -127 ) 
4 458 459 (3584 -2560 -127 ) (3584 -2560 64 ) (3072 -2560 64 ) (3072 -2560 -127 ) 
4 459 478 (3072 -3072 -128 ) (3072 -3072 64 ) (3072 -2560 64 ) (3072 -2560 -128 ) 
4 459 471 (3584 -3072 64 ) (3072 -3072 64 ) (3072 -3072 -128 ) (3584 -3072 -128 ) 
4 459 460 (3584 -3072 -128 ) (3072 -3072 -128 ) (3072 -2560 -128 ) (3584 -2560 -128 ) 
4 460 479 (3072 -3072 -1152.239990 ) (3072 -3072 -128 ) (3072 -2048 -128 ) (3072 -2048 -1152.239990 ) 
4 460 472 (4096 -3072 -1152.239990 ) (4096 -3072 -128 ) (3072 -3072 -128 ) (3072 -3072 -1152.239990 ) 
4 461 469 (4096 -3560 400 ) (4096 -3584 400 ) (4096 -3584 5850.240234 ) (4096 -3560 5850.240234 ) 
4 461 468 (4096 -3072 5850.240234 ) (4096 -3072 400 ) (4096 -3560 400 ) (4096 -3560 5850.240234 ) 
4 461 464 (4096 -3560 400 ) (4096 -3072 400 ) (4584 -3072 400 ) (4584 -3560 400 ) 
4 462 466 (4584 -3072 64 ) (4608 -3072 64 ) (4608 -3560 64 ) (4584 -3560 64 ) 
4 462 464 (4584 -3072 64 ) (4584 -3560 64 ) (4584 -3560 128 ) (4584 -3072 128 ) 
4 462 463 (4584 -3560 128 ) (4584 -3560 64 ) (4608 -3560 64 ) (4608 -3560 128 ) 
4 463 466 (4608 -3560 64 ) (4608 -3584 64 ) (4584 -3584 64 ) (4584 -3560 64 ) 
4 463 465 (4584 -3560 64 ) (4584 -3584 64 ) (4584 -3584 128 ) (4584 -3560 128 ) 
4 464 468 (4096 -3072 400 ) (4096 -3072 64 ) (4096 -3560 64 ) (4096 -3560 400 ) 
4 464 466 (4096 -3560 64 ) (4096 -3072 64 ) (4584 -3072 64 ) (4584 -3560 64 ) 
4 464 465 (4096 -3560 64 ) (4584 -3560 64 ) (4584 -3560 128 ) (4096 -3560 128 ) 
4 465 470 (4096 -3560 64 ) (4096 -3584 64 ) (4096 -3584 128 ) (4096 -3560 128 ) 
4 465 466 (4096 -3584 64 ) (4096 -3560 64 ) (4584 -3560 64 ) (4584 -3584 64 ) 
4 466 471 (4096 -3072 64 ) (4096 -3072 -128 ) (4096 -3584 -128 ) (4096 -3584 64 ) 
4 466 467 (4096 -3584 -128 ) (4096 -3072 -128 ) (4608 -3072 -128 ) (4608 -3584 -128 ) 
4 467 472 (4096 -3072 -128 ) (4096 -3072 -1152.239990 ) (4096 -3584 -1152.239990 ) (4096 -3584 -128 ) 
4 468 531 (3072 -3072 5850.240234 ) (3072 -3072 64 ) (3072 -3560 64 ) (3072 -3560 5850.240234 ) 
4 468 471 (3072 -3560 64 ) (3072 -3072 64 ) (4096 -3072 64 ) (4096 -3560 64 ) 
4 468 470 (3072 -3560 64 ) (4096 -3560 64 ) (4096 -3560 128 ) (3072 -3560 128 ) 
4 468 469 (4096 -3560 400 ) (4096 -3560 5850.240234 ) (3072 -3560 5850.240234 ) (3072 -3560 400 ) 
4 469 532 (3072 -3584 400 ) (3072 -3584 5850.240234 ) (3072 -3560 5850.240234 ) (3072 -3560 400 ) 
4 470 533 (3072 -3560 64 ) (3072 -3584 64 ) (3072 -3584 128 ) (3072 -3560 128 ) 
4 470 471 (3072 -3584 64 ) (3072 -3560 64 ) (4096 -3560 64 ) (4096 -3584 64 ) 
4 471 534 (3072 -3584 64 ) (3072 -3072 64 ) (3072 -3072 -128 ) (3072 -3584 -128 ) 
4 471 472 (4096 -3072 -128 ) (4096 -3584 -128 ) (3072 -3584 -128 ) (3072 -3072 -128 ) 
4 472 535 (3072 -3584 -128 ) (3072 -3072 -128 ) (3072 -3072 -1152.239990 ) (3072 -3584 -1152.239990 ) 
4 473 480 (2048 -1024 5850.240234 ) (2048 -1024 64 ) (2048 -2048 64 ) (2048 -2048 5850.240234 ) 
4 473 476 (3072 -2048 64 ) (3072 -2048 5850.240234 ) (2048 -2048 5850.240234 ) (2048 -2048 64 ) 
4 473 474 (2048 -2048 64 ) (2048 -1024 64 ) (3072 -1024 64 ) (3072 -2048 64 ) 
4 474 481 (2048 -1024 64 ) (2048 -1024 -127 ) (2048 -2048 -127 ) (2048 -2048 64 ) 
4 474 477 (3072 -2048 -127 ) (3072 -2048 64 ) (2048 -2048 64 ) (2048 -2048 -127 ) 
4 475 482 (2048 -1024 -128 ) (2048 -1024 -1152.239990 ) (2048 -2048 -1152.239990 ) (2048 -2048 -128 ) 
4 475 479 (3072 -2048 -1152.239990 ) (3072 -2048 -128 ) (2048 -2048 -128 ) (2048 -2048 -1152.239990 ) 
4 476 531 (3072 -3072 64 ) (3072 -3072 5850.240234 ) (2048 -3072 5850.240234 ) (2048 -3072 64 ) 
4 476 496 (2048 -3072 64 ) (2048 -3072 5850.240234 ) (2048 -2048 5850.240234 ) (2048 -2048 64 ) 
4 476 477 (2048 -2560 64 ) (2048 -2048 64 ) (3072 -2048 64 ) (3072 -2560 64 ) 
4 476 478 (2048 -3072 64 ) (2048 -2560 64 ) (3072 -2560 64 ) (3072 -3072 64 ) 
4 477 497 (2048 -2560 64 ) (2048 -2048 64 ) (2048 -2048 -127 ) (2048 -2560 -127 ) 
4 477 478 (3072 -2560 -127 ) (3072 -2560 64 ) (2048 -2560 64 ) (2048 -2560 -127 ) 
4 478 534 (3072 -3072 -128 ) (3072 -3072 64 ) (2048 -3072 64 ) (2048 -3072 -128 ) 
4 478 498 (2048 -3072 -128 ) (2048 -3072 64 ) (2048 -2560 64 ) (2048 -2560 -128 ) 
4 478 479 (3072 -3072 -128 ) (2048 -3072 -128 ) (2048 -2560 -128 ) (3072 -2560 -128 ) 
4 479 535 (3072 -3072 -1152.239990 ) (3072 -3072 -128 ) (2048 -3072 -128 ) (2048 -3072 -1152.239990 ) 
4 479 499 (2048 -3072 -1152.239990 ) (2048 -3072 -128 ) (2048 -2048 -128 ) (2048 -2048 -1152.239990 ) 
4 480 496 (2048 -2048 64 ) (2048 -2048 5850.240234 ) (1024 -2048 5850.240234 ) (1024 -2048 64 ) 
4 480 487 (1024 -1024 128 ) (1024 -1024 64 ) (1024 -2048 64 ) (1024 -2048 128 ) 
4 480 484 (1024 -1024 168 ) (1024 -1024 128 ) (1024 -2048 128 ) (1024 -2048 168 ) 
4 480 483 (1024 -1024 5850.240234 ) (1024 -1024 168 ) (1024 -2048 168 ) (1024 -2048 5850.240234 ) 
4 480 481 (2048 -2048 64 ) (1024 -2048 64 ) (1024 -1024 64 ) (2048 -1024 64 ) 
4 481 497 (2048 -2048 -127 ) (2048 -2048 64 ) (1024 -2048 64 ) (1024 -2048 -127 ) 
4 481 491 (1024 -1024 64 ) (1024 -1024 -127 ) (1024 -2048 -127 ) (1024 -2048 64 ) 
4 482 499 (2048 -2048 -1152.239990 ) (2048 -2048 -128 ) (1024 -2048 -128 ) (1024 -2048 -1152.239990 ) 
4 482 495 (1024 -1024 -128 ) (1024 -1024 -1152.239990 ) (1024 -2048 -1152.239990 ) (1024 -2048 -128 ) 
4 483 606 (0 -2048 168 ) (0 -2048 5850.240234 ) (0 -1024 5850.240234 ) (0 -1024 168 ) 
4 483 500 (1024 -2048 168 ) (1024 -2048 5850.240234 ) (0 -2048 5850.240234 ) (0 -2048 168 ) 
4 483 486 (48 -2048 168 ) (0 -2048 168 ) (0 -1024 168 ) (48 -1024 168 ) 
4 483 485 (192 -2048 168 ) (64 -2048 168 ) (64 -1024 168 ) (192 -1024 168 ) 
4 483 484 (1024 -1024 168 ) (1024 -2048 168 ) (208 -2048 168 ) (208 -1024 168 ) 
4 484 501 (1024 -2048 128 ) (1024 -2048 168 ) (208 -2048 168 ) (208 -2048 128 ) 
4 484 487 (1024 -2048 128 ) (208 -2048 128 ) (208 -1024 128 ) (1024 -1024 128 ) 
4 485 502 (192 -2048 168 ) (64 -2048 168 ) (64 -2048 144 ) (192 -2048 144 ) 
4 486 606 (0 -2048 128 ) (0 -2048 168 ) (0 -1024 168 ) (0 -1024 128 ) 
4 486 503 (48 -2048 168 ) (0 -2048 168 ) (0 -2048 128 ) (48 -2048 128 ) 
4 486 490 (48 -2048 128 ) (0 -2048 128 ) (0 -1024 128 ) (48 -1024 128 ) 
4 487 504 (1024 -2048 64 ) (1024 -2048 128 ) (160 -2048 128 ) (160 -2048 64 ) 
4 487 491 (1024 -1024 64 ) (1024 -2048 64 ) (160 -2048 64 ) (160 -1024 64 ) 
4 487 488 (160 -1024 64 ) (160 -1408 64 ) (160 -1408 128 ) (160 -1024 128 ) 
4 487 489 (160 -1472 64 ) (160 -2048 64 ) (160 -2048 128 ) (160 -1472 128 ) 
4 488 492 (96 -1408 64 ) (96 -1024 64 ) (160 -1024 64 ) (160 -1408 64 ) 
4 488 490 (96 -1024 64 ) (96 -1408 64 ) (96 -1408 128 ) (96 -1024 128 ) 
4 489 504 (160 -2048 128 ) (96 -2048 128 ) (96 -2048 64 ) (160 -2048 64 ) 
4 489 493 (160 -2048 64 ) (96 -2048 64 ) (96 -1472 64 ) (160 -1472 64 ) 
4 489 490 (96 -1472 64 ) (96 -2048 64 ) (96 -2048 128 ) (96 -1472 128 ) 
4 490 606 (0 -2048 64 ) (0 -2048 128 ) (0 -1024 128 ) (0 -1024 64 ) 
4 490 504 (96 -2048 128 ) (0 -2048 128 ) (0 -2048 64 ) (96 -2048 64 ) 
4 490 494 (96 -2048 64 ) (0 -2048 64 ) (0 -1024 64 ) (96 -1024 64 ) 
4 491 524 (1024 -2048 -127 ) (1024 -2048 64 ) (160 -2048 64 ) (160 -2048 -127 ) 
4 491 492 (160 -1024 -127 ) (160 -1408 -127 ) (160 -1408 64 ) (160 -1024 64 ) 
4 491 493 (160 -1472 -127 ) (160 -2048 -127 ) (160 -2048 64 ) (160 -1472 64 ) 
4 492 494 (96 -1024 -127 ) (96 -1408 -127 ) (96 -1408 64 ) (96 -1024 64 ) 
4 493 524 (160 -2048 64 ) (96 -2048 64 ) (96 -2048 -127 ) (160 -2048 -127 ) 
4 493 494 (96 -1472 -127 ) (96 -2048 -127 ) (96 -2048 64 ) (96 -1472 64 ) 
4 494 607 (0 -2048 -127 ) (0 -2048 64 ) (0 -1024 64 ) (0 -1024 -127 ) 
4 494 524 (96 -2048 64 ) (0 -2048 64 ) (0 -2048 -127 ) (96 -2048 -127 ) 
4 495 608 (0 -2048 -1152.239990 ) (0 -2048 -128 ) (0 -1024 -128 ) (0 -1024 -1152.239990 ) 
4 495 530 (1024 -2048 -1152.239990 ) (1024 -2048 -128 ) (0 -2048 -128 ) (0 -2048 -1152.239990 ) 
4 496 536 (2048 -3072 64 ) (2048 -3072 5850.240234 ) (1024 -3072 5850.240234 ) (1024 -3072 64 ) 
4 496 517 (1024 -3072 120 ) (1024 -3072 136 ) (1024 -2984 136 ) (1024 -2984 120 ) 
4 496 516 (1024 -3072 136 ) (1024 -3072 5850.240234 ) (1024 -2984 5850.240234 ) (1024 -2984 136 ) 
4 496 511 (1024 -2984 5850.240234 ) (1024 -2688 5850.240234 ) (1024 -2688 120 ) (1024 -2984 120 ) 
4 496 523 (1024 -2688 64 ) (1024 -3072 64 ) (1024 -3072 120 ) (1024 -2688 120 ) 
4 496 505 (1024 -2560 64 ) (1024 -2688 64 ) (1024 -2688 5850.240234 ) (1024 -2560 5850.240234 ) 
4 496 501 (1024 -2048 168 ) (1024 -2048 128 ) (1024 -2560 128 ) (1024 -2560 168 ) 
4 496 500 (1024 -2048 5850.240234 ) (1024 -2048 168 ) (1024 -2560 168 ) (1024 -2560 5850.240234 ) 
4 496 504 (1024 -2048 128 ) (1024 -2048 64 ) (1024 -2560 64 ) (1024 -2560 128 ) 
4 496 497 (1024 -2048 64 ) (2048 -2048 64 ) (2048 -2560 64 ) (1024 -2560 64 ) 
4 496 498 (2048 -2560 64 ) (2048 -3072 64 ) (1024 -3072 64 ) (1024 -2560 64 ) 
4 497 524 (1024 -2048 64 ) (1024 -2048 -127 ) (1024 -2560 -127 ) (1024 -2560 64 ) 
4 497 498 (2048 -2560 -127 ) (2048 -2560 64 ) (1024 -2560 64 ) (1024 -2560 -127 ) 
4 498 539 (2048 -3072 -128 ) (2048 -3072 64 ) (1024 -3072 64 ) (1024 -3072 -128 ) 
4 498 525 (1024 -2688 -112 ) (1024 -2688 64 ) (1024 -2560 64 ) (1024 -2560 -112 ) 
4 498 528 (1024 -2560 -128 ) (1024 -2688 -128 ) (1024 -2688 -112 ) (1024 -2560 -112 ) 
4 498 529 (1024 -2688 -128 ) (1024 -3072 -128 ) (1024 -3072 64 ) (1024 -2688 64 ) 
4 498 499 (2048 -3072 -128 ) (1024 -3072 -128 ) (1024 -2560 -128 ) (2048 -2560 -128 ) 
4 499 540 (2048 -3072 -1152.239990 ) (2048 -3072 -128 ) (1024 -3072 -128 ) (1024 -3072 -1152.239990 ) 
4 499 530 (1024 -2048 -128 ) (1024 -2048 -1152.239990 ) (1024 -3072 -1152.239990 ) (1024 -3072 -128 ) 
4 500 609 (0 -2048 5850.240234 ) (0 -2048 168 ) (0 -2560 168 ) (0 -2560 5850.240234 ) 
4 500 509 (48 -2560 168 ) (64 -2560 168 ) (64 -2560 5850.240234 ) (48 -2560 5850.240234 ) 
4 500 510 (0 -2560 5850.240234 ) (0 -2560 168 ) (48 -2560 168 ) (48 -2560 5850.240234 ) 
4 500 507 (64 -2560 168 ) (192 -2560 168 ) (192 -2560 5850.240234 ) (64 -2560 5850.240234 ) 
4 500 506 (192 -2560 168 ) (208 -2560 168 ) (208 -2560 5850.240234 ) (192 -2560 5850.240234 ) 
4 500 505 (208 -2560 168 ) (1024 -2560 168 ) (1024 -2560 5850.240234 ) (208 -2560 5850.240234 ) 
4 500 503 (48 -2560 168 ) (0 -2560 168 ) (0 -2048 168 ) (48 -2048 168 ) 
4 500 502 (192 -2560 168 ) (64 -2560 168 ) (64 -2048 168 ) (192 -2048 168 ) 
4 500 501 (1024 -2560 168 ) (208 -2560 168 ) (208 -2048 168 ) (1024 -2048 168 ) 
4 501 505 (208 -2560 128 ) (1024 -2560 128 ) (1024 -2560 168 ) (208 -2560 168 ) 
4 501 504 (1024 -2560 128 ) (208 -2560 128 ) (208 -2048 128 ) (1024 -2048 128 ) 
4 502 507 (192 -2560 144 ) (192 -2560 168 ) (64 -2560 168 ) (64 -2560 144 ) 
4 503 609 (0 -2048 168 ) (0 -2048 128 ) (0 -2560 128 ) (0 -2560 168 ) 
4 503 510 (0 -2560 168 ) (0 -2560 128 ) (48 -2560 128 ) (48 -2560 168 ) 
4 503 504 (48 -2560 128 ) (0 -2560 128 ) (0 -2048 128 ) (48 -2048 128 ) 
4 504 609 (0 -2048 128 ) (0 -2048 64 ) (0 -2560 64 ) (0 -2560 128 ) 
4 504 524 (1024 -2048 64 ) (1024 -2560 64 ) (0 -2560 64 ) (0 -2048 64 ) 
4 504 510 (0 -2560 128 ) (0 -2560 64 ) (48 -2560 64 ) (48 -2560 128 ) 
4 504 508 (64 -2560 64 ) (192 -2560 64 ) (192 -2560 128 ) (64 -2560 128 ) 
4 504 505 (208 -2560 64 ) (1024 -2560 64 ) (1024 -2560 128 ) (208 -2560 128 ) 
4 505 525 (1024 -2560 64 ) (1024 -2688 64 ) (208 -2688 64 ) (208 -2560 64 ) 
4 505 512 (576 -2688 5850.240234 ) (320 -2688 5850.240234 ) (320 -2688 144 ) (576 -2688 144 ) 
4 505 513 (320 -2688 128 ) (320 -2688 120 ) (576 -2688 120 ) (576 -2688 128 ) 
4 505 511 (1024 -2688 120 ) (1024 -2688 5850.240234 ) (576 -2688 5850.240234 ) (576 -2688 120 ) 
4 505 515 (320 -2688 5850.240234 ) (208 -2688 5850.240234 ) (208 -2688 120 ) (320 -2688 120 ) 
4 505 523 (208 -2688 64 ) (1024 -2688 64 ) (1024 -2688 120 ) (208 -2688 120 ) 
4 505 506 (208 -2688 143.988998 ) (208 -2688 5850.240234 ) (208 -2560 5850.240234 ) (208 -2560 167.988892 ) 
4 506 515 (208 -2688 143.988998 ) (208 -2688 5850.240234 ) (192 -2688 5850.240234 ) (192 -2688 143.989944 ) 
4 506 507 (192 -2560 5850.240234 ) (192 -2560 167.989914 ) (192 -2688 143.989990 ) (192 -2688 5850.240234 ) 
4 507 515 (192 -2688 128 ) (192 -2688 5850.240234 ) (64 -2688 5850.240234 ) (64 -2688 128 ) 
4 507 509 (64 -2560 5850.240234 ) (64 -2560 167.998108 ) (64 -2688 143.998016 ) (64 -2688 5850.240234 ) 
4 508 526 (192 -2688 64 ) (64 -2688 64 ) (64 -2560 64 ) (192 -2560 64 ) 
4 508 515 (192 -2688 120 ) (192 -2688 128 ) (64 -2688 128 ) (64 -2688 120 ) 
4 508 523 (64 -2688 64 ) (192 -2688 64 ) (192 -2688 120 ) (64 -2688 120 ) 
4 509 515 (64 -2688 143.998001 ) (64 -2688 5850.240234 ) (48 -2688 5850.240234 ) (48 -2688 144 ) 
4 509 510 (48 -2688 144 ) (48 -2688 5850.240234 ) (48 -2560 5850.240234 ) (48 -2560 168 ) 
4 510 609 (0 -2560 5850.240234 ) (0 -2560 64 ) (0 -2688 64 ) (0 -2688 5850.240234 ) 
4 510 527 (48 -2688 64 ) (0 -2688 64 ) (0 -2560 64 ) (48 -2560 64 ) 
4 510 515 (48 -2688 120 ) (48 -2688 5850.240234 ) (0 -2688 5850.240234 ) (0 -2688 120 ) 
4 510 523 (0 -2688 64 ) (48 -2688 64 ) (48 -2688 120 ) (0 -2688 120 ) 
4 511 517 (576 -2984 120 ) (1024 -2984 120 ) (1024 -2984 136 ) (576 -2984 136 ) 
4 511 516 (1024 -2984 136 ) (1024 -2984 5850.240234 ) (576 -2984 5850.240234 ) (576 -2984 136 ) 
4 511 512 (576 -2944 144 ) (576 -2944 5850.240234 ) (576 -2688 5850.240234 ) (576 -2688 144 ) 
4 511 513 (576 -2688 120 ) (576 -2944 120 ) (576 -2944 128 ) (576 -2688 128 ) 
4 511 514 (576 -2944 120 ) (576 -2984 120 ) (576 -2984 5850.240234 ) (576 -2944 5850.240234 ) 
4 511 523 (576 -2688 120 ) (1024 -2688 120 ) (1024 -2984 120 ) (576 -2984 120 ) 
4 512 515 (320 -2944 144 ) (320 -2944 5850.240234 ) (320 -2688 5850.240234 ) (320 -2688 144 ) 
4 512 514 (320 -2944 5850.240234 ) (320 -2944 144 ) (576 -2944 144 ) (576 -2944 5850.240234 ) 
4 513 514 (320 -2944 128 ) (320 -2944 120 ) (576 -2944 120 ) (576 -2944 128 ) 
4 513 515 (320 -2688 120 ) (320 -2944 120 ) (320 -2944 128 ) (320 -2688 128 ) 
4 513 523 (320 -2688 120 ) (576 -2688 120 ) (576 -2944 120 ) (320 -2944 120 ) 
4 514 520 (416 -2984 120 ) (448 -2984 120 ) (448 -2984 136 ) (416 -2984 136 ) 
4 514 522 (320 -2984 120 ) (408 -2984 120 ) (408 -2984 136 ) (320 -2984 136 ) 
4 514 518 (456 -2984 120 ) (496 -2984 120 ) (496 -2984 136 ) (456 -2984 136 ) 
4 514 517 (504 -2984 120 ) (576 -2984 120 ) (576 -2984 136 ) (504 -2984 136 ) 
4 514 516 (576 -2984 136 ) (576 -2984 5850.240234 ) (320 -2984 5850.240234 ) (320 -2984 136 ) 
4 514 523 (576 -2944 120 ) (576 -2984 120 ) (320 -2984 120 ) (320 -2944 120 ) 
4 514 515 (320 -2944 120 ) (320 -2984 120 ) (320 -2984 5850.240234 ) (320 -2944 5850.240234 ) 
4 515 609 (0 -2688 5850.240234 ) (0 -2688 120 ) (0 -2984 120 ) (0 -2984 5850.240234 ) 
4 515 522 (0 -2984 120 ) (320 -2984 120 ) (320 -2984 136 ) (0 -2984 136 ) 
4 515 516 (320 -2984 136 ) (320 -2984 5850.240234 ) (0 -2984 5850.240234 ) (0 -2984 136 ) 
4 515 523 (0 -2984 120 ) (0 -2688 120 ) (320 -2688 120 ) (320 -2984 120 ) 
4 516 609 (0 -3072 136 ) (0 -3072 5850.240234 ) (0 -2984 5850.240234 ) (0 -2984 136 ) 
4 516 541 (1024 -3072 136 ) (1024 -3072 5850.240234 ) (0 -3072 5850.240234 ) (0 -3072 136 ) 
4 516 521 (416 -3072 136 ) (408 -3072 136 ) (408 -3064 136 ) (416 -3064 136 ) 
4 516 520 (448 -3072 136 ) (416 -3072 136 ) (416 -2984 136 ) (448 -2984 136 ) 
4 516 522 (408 -3072 136 ) (0 -3072 136 ) (0 -2984 136 ) (408 -2984 136 ) 
4 516 519 (496 -3072 136 ) (448 -3072 136 ) (448 -3056 136 ) (496 -3056 136 ) 
4 516 518 (456 -2984 136 ) (496 -2984 136 ) (496 -3048 136 ) (456 -3048 136 ) 
4 516 517 (1024 -3072 136 ) (504 -3072 136 ) (504 -2984 136 ) (1024 -2984 136 ) 
4 517 542 (1024 -3072 120 ) (1024 -3072 136 ) (504 -3072 136 ) (504 -3072 120 ) 
4 517 523 (1024 -3072 120 ) (504 -3072 120 ) (504 -2984 120 ) (1024 -2984 120 ) 
4 518 523 (456 -2984 120 ) (496 -2984 120 ) (496 -3048 120 ) (456 -3048 120 ) 
4 519 544 (496 -3072 136 ) (448 -3072 136 ) (448 -3072 120 ) (496 -3072 120 ) 
4 519 520 (448 -3072 136 ) (448 -3056 136 ) (448 -3056 120 ) (448 -3072 120 ) 
4 519 523 (496 -3072 120 ) (448 -3072 120 ) (448 -3056 120 ) (496 -3056 120 ) 
4 520 544 (448 -3072 136 ) (416 -3072 136 ) (416 -3072 120 ) (448 -3072 120 ) 
4 520 521 (416 -3072 136 ) (416 -3064 136 ) (416 -3064 120 ) (416 -3072 120 ) 
4 520 523 (448 -3072 120 ) (416 -3072 120 ) (416 -2984 120 ) (448 -2984 120 ) 
4 521 523 (416 -3072 120 ) (408 -3072 120 ) (408 -3064 120 ) (416 -3064 120 ) 
4 521 522 (408 -3072 136 ) (408 -3064 136 ) (408 -3064 120 ) (408 -3072 120 ) 
4 522 609 (0 -3072 120 ) (0 -3072 136 ) (0 -2984 136 ) (0 -2984 120 ) 
4 522 546 (408 -3072 136 ) (0 -3072 136 ) (0 -3072 120 ) (408 -3072 120 ) 
4 522 523 (408 -3072 120 ) (0 -3072 120 ) (0 -2984 120 ) (408 -2984 120 ) 
4 523 609 (0 -3072 64 ) (0 -3072 120 ) (0 -2688 120 ) (0 -2688 64 ) 
4 523 549 (1024 -3072 64 ) (1024 -3072 120 ) (0 -3072 120 ) (0 -3072 64 ) 
4 523 529 (1024 -2688 64 ) (1024 -3072 64 ) (0 -3072 64 ) (0 -2688 64 ) 
4 524 610 (0 -2560 64 ) (0 -2048 64 ) (0 -2048 -127 ) (0 -2560 -127 ) 
4 524 526 (192 -2560 64 ) (64 -2560 64 ) (64 -2560 -112 ) (192 -2560 -112 ) 
4 524 527 (48 -2560 64 ) (0 -2560 64 ) (0 -2560 -112 ) (48 -2560 -112 ) 
4 524 525 (1024 -2560 -112 ) (1024 -2560 64 ) (208 -2560 64 ) (208 -2560 -112 ) 
4 524 528 (1024 -2560 -127 ) (1024 -2560 -112 ) (0 -2560 -112 ) (0 -2560 -127 ) 
4 525 529 (1024 -2688 -112 ) (1024 -2688 64 ) (208 -2688 64 ) (208 -2688 -112 ) 
4 525 528 (1024 -2688 -112 ) (208 -2688 -112 ) (208 -2560 -112 ) (1024 -2560 -112 ) 
4 526 528 (192 -2688 -112 ) (64 -2688 -112 ) (64 -2560 -112 ) (192 -2560 -112 ) 
4 526 529 (192 -2688 64 ) (64 -2688 64 ) (64 -2688 -112 ) (192 -2688 -112 ) 
4 527 611 (0 -2688 64 ) (0 -2560 64 ) (0 -2560 -112 ) (0 -2688 -112 ) 
4 527 529 (48 -2688 64 ) (0 -2688 64 ) (0 -2688 -112 ) (48 -2688 -112 ) 
4 527 528 (48 -2688 -112 ) (0 -2688 -112 ) (0 -2560 -112 ) (48 -2560 -112 ) 
4 528 611 (0 -2560 -112 ) (0 -2560 -128 ) (0 -2688 -128 ) (0 -2688 -112 ) 
4 528 530 (0 -2688 -128 ) (0 -2560 -128 ) (1024 -2560 -128 ) (1024 -2688 -128 ) 
4 528 529 (0 -2688 -128 ) (1024 -2688 -128 ) (1024 -2688 -112 ) (0 -2688 -112 ) 
4 529 611 (0 -3072 -128 ) (0 -3072 64 ) (0 -2688 64 ) (0 -2688 -128 ) 
4 529 550 (1024 -3072 -128 ) (1024 -3072 64 ) (0 -3072 64 ) (0 -3072 -128 ) 
4 529 530 (1024 -3072 -128 ) (0 -3072 -128 ) (0 -2688 -128 ) (1024 -2688 -128 ) 
4 530 612 (0 -3072 -1152.239990 ) (0 -3072 -128 ) (0 -2048 -128 ) (0 -2048 -1152.239990 ) 
4 530 551 (1024 -3072 -1152.239990 ) (1024 -3072 -128 ) (0 -3072 -128 ) (0 -3072 -1152.239990 ) 
4 531 536 (2048 -3072 5850.240234 ) (2048 -3072 64 ) (2048 -3560 64 ) (2048 -3560 5850.240234 ) 
4 531 534 (2048 -3560 64 ) (2048 -3072 64 ) (3072 -3072 64 ) (3072 -3560 64 ) 
4 531 533 (2048 -3560 64 ) (3072 -3560 64 ) (3072 -3560 128 ) (2048 -3560 128 ) 
4 531 532 (3072 -3560 400 ) (3072 -3560 5850.240234 ) (2048 -3560 5850.240234 ) (2048 -3560 400 ) 
4 532 537 (2048 -3584 400 ) (2048 -3584 5850.240234 ) (2048 -3560 5850.240234 ) (2048 -3560 400 ) 
4 533 538 (2048 -3560 64 ) (2048 -3584 64 ) (2048 -3584 128 ) (2048 -3560 128 ) 
4 533 534 (2048 -3584 64 ) (2048 -3560 64 ) (3072 -3560 64 ) (3072 -3584 64 ) 
4 534 539 (2048 -3072 64 ) (2048 -3072 -128 ) (2048 -3584 -128 ) (2048 -3584 64 ) 
4 534 535 (2048 -3584 -128 ) (2048 -3072 -128 ) (3072 -3072 -128 ) (3072 -3584 -128 ) 
4 535 540 (2048 -3072 -128 ) (2048 -3072 -1152.239990 ) (2048 -3584 -1152.239990 ) (2048 -3584 -128 ) 
4 536 542 (1024 -3072 136 ) (1024 -3072 120 ) (1024 -3560 120 ) (1024 -3560 136 ) 
4 536 541 (1024 -3072 5850.240234 ) (1024 -3072 136 ) (1024 -3560 136 ) (1024 -3560 5850.240234 ) 
4 536 549 (1024 -3072 120 ) (1024 -3072 64 ) (1024 -3560 64 ) (1024 -3560 120 ) 
4 536 539 (1024 -3560 64 ) (1024 -3072 64 ) (2048 -3072 64 ) (2048 -3560 64 ) 
4 536 538 (1024 -3560 64 ) (2048 -3560 64 ) (2048 -3560 128 ) (1024 -3560 128 ) 
4 536 537 (2048 -3560 400 ) (2048 -3560 5850.240234 ) (1024 -3560 5850.240234 ) (1024 -3560 400 ) 
4 537 547 (1024 -3584 400 ) (1024 -3584 5850.240234 ) (1024 -3560 5850.240234 ) (1024 -3560 400 ) 
4 538 548 (1024 -3584 120 ) (1024 -3584 128 ) (1024 -3560 128 ) (1024 -3560 120 ) 
4 538 549 (1024 -3560 64 ) (1024 -3584 64 ) (1024 -3584 120 ) (1024 -3560 120 ) 
4 538 539 (1024 -3584 64 ) (1024 -3560 64 ) (2048 -3560 64 ) (2048 -3584 64 ) 
4 539 550 (1024 -3072 64 ) (1024 -3072 -128 ) (1024 -3584 -128 ) (1024 -3584 64 ) 
4 539 540 (1024 -3584 -128 ) (1024 -3072 -128 ) (2048 -3072 -128 ) (2048 -3584 -128 ) 
4 540 551 (1024 -3072 -128 ) (1024 -3072 -1152.239990 ) (1024 -3584 -1152.239990 ) (1024 -3584 -128 ) 
4 541 627 (0 -3072 5850.240234 ) (0 -3072 136 ) (0 -3560 136 ) (0 -3560 5850.240234 ) 
4 541 547 (1024 -3560 400 ) (1024 -3560 5850.240234 ) (0 -3560 5850.240234 ) (0 -3560 400 ) 
4 541 545 (416 -3560 136 ) (408 -3560 136 ) (408 -3080 136 ) (416 -3080 136 ) 
4 541 544 (496 -3560 136 ) (416 -3560 136 ) (416 -3072 136 ) (496 -3072 136 ) 
4 541 546 (408 -3560 136 ) (0 -3560 136 ) (0 -3072 136 ) (408 -3072 136 ) 
4 541 543 (504 -3560 136 ) (496 -3560 136 ) (496 -3112 136 ) (504 -3112 136 ) 
4 541 542 (1024 -3560 136 ) (504 -3560 136 ) (504 -3072 136 ) (1024 -3072 136 ) 
4 542 548 (504 -3560 120 ) (1024 -3560 120 ) (1024 -3560 128 ) (504 -3560 128 ) 
4 542 543 (504 -3112 120 ) (504 -3560 120 ) (504 -3560 136 ) (504 -3112 136 ) 
4 542 549 (504 -3072 120 ) (1024 -3072 120 ) (1024 -3560 120 ) (504 -3560 120 ) 
4 543 548 (496 -3560 120 ) (504 -3560 120 ) (504 -3560 128 ) (496 -3560 128 ) 
4 543 544 (496 -3112 120 ) (496 -3560 120 ) (496 -3560 136 ) (496 -3112 136 ) 
4 543 549 (504 -3112 120 ) (504 -3560 120 ) (496 -3560 120 ) (496 -3112 120 ) 
4 544 548 (416 -3560 120 ) (496 -3560 120 ) (496 -3560 128 ) (416 -3560 128 ) 
4 544 545 (416 -3080 120 ) (416 -3560 120 ) (416 -3560 136 ) (416 -3080 136 ) 
4 544 549 (416 -3072 120 ) (496 -3072 120 ) (496 -3560 120 ) (416 -3560 120 ) 
4 545 548 (408 -3560 120 ) (416 -3560 120 ) (416 -3560 128 ) (408 -3560 128 ) 
4 545 549 (416 -3080 120 ) (416 -3560 120 ) (408 -3560 120 ) (408 -3080 120 ) 
4 545 546 (408 -3080 120 ) (408 -3560 120 ) (408 -3560 136 ) (408 -3080 136 ) 
4 546 627 (0 -3072 136 ) (0 -3072 120 ) (0 -3560 120 ) (0 -3560 136 ) 
4 546 548 (0 -3560 120 ) (408 -3560 120 ) (408 -3560 128 ) (0 -3560 128 ) 
4 546 549 (0 -3560 120 ) (0 -3072 120 ) (408 -3072 120 ) (408 -3560 120 ) 
4 547 628 (0 -3560 5850.240234 ) (0 -3560 400 ) (0 -3584 400 ) (0 -3584 5850.240234 ) 
4 548 629 (0 -3560 128 ) (0 -3560 120 ) (0 -3584 120 ) (0 -3584 128 ) 
4 548 549 (1024 -3584 120 ) (0 -3584 120 ) (0 -3560 120 ) (1024 -3560 120 ) 
4 549 629 (0 -3560 64 ) (0 -3584 64 ) (0 -3584 120 ) (0 -3560 120 ) 
4 549 627 (0 -3072 120 ) (0 -3072 64 ) (0 -3560 64 ) (0 -3560 120 ) 
4 549 550 (0 -3584 64 ) (0 -3072 64 ) (1024 -3072 64 ) (1024 -3584 64 ) 
4 550 630 (0 -3584 64 ) (0 -3072 64 ) (0 -3072 -128 ) (0 -3584 -128 ) 
4 550 551 (1024 -3072 -128 ) (1024 -3584 -128 ) (0 -3584 -128 ) (0 -3072 -128 ) 
4 551 631 (0 -3584 -128 ) (0 -3072 -128 ) (0 -3072 -1152.239990 ) (0 -3584 -1152.239990 ) 
4 552 561 (0 1024 64 ) (0 1024 5850.240234 ) (-1024 1024 5850.240234 ) (-1024 1024 64 ) 
4 552 555 (-1024 2048 5850.240234 ) (-1024 2048 64 ) (-1024 1024 64 ) (-1024 1024 5850.240234 ) 
4 552 553 (0 1024 64 ) (-1024 1024 64 ) (-1024 2048 64 ) (0 2048 64 ) 
4 553 562 (0 1024 -127 ) (0 1024 64 ) (-1024 1024 64 ) (-1024 1024 -127 ) 
4 553 556 (-1024 2048 64 ) (-1024 2048 -127 ) (-1024 1024 -127 ) (-1024 1024 64 ) 
4 554 563 (0 1024 -1152.239990 ) (0 1024 -128 ) (-1024 1024 -128 ) (-1024 1024 -1152.239990 ) 
4 554 557 (-1024 2048 -128 ) (-1024 2048 -1152.239990 ) (-1024 1024 -1152.239990 ) (-1024 1024 -128 ) 
4 555 567 (-1024 1024 64 ) (-1024 1024 5850.240234 ) (-2048 1024 5850.240234 ) (-2048 1024 64 ) 
4 555 558 (-2048 1024 64 ) (-2048 1024 5850.240234 ) (-2048 2048 5850.240234 ) (-2048 2048 64 ) 
4 555 556 (-1024 1024 64 ) (-2048 1024 64 ) (-2048 2048 64 ) (-1024 2048 64 ) 
4 556 568 (-1024 1024 -127 ) (-1024 1024 64 ) (-2048 1024 64 ) (-2048 1024 -127 ) 
4 556 559 (-2048 1024 -127 ) (-2048 1024 64 ) (-2048 2048 64 ) (-2048 2048 -127 ) 
4 557 569 (-1024 1024 -1152.239990 ) (-1024 1024 -128 ) (-2048 1024 -128 ) (-2048 1024 -1152.239990 ) 
4 557 560 (-2048 1024 -1152.239990 ) (-2048 1024 -128 ) (-2048 2048 -128 ) (-2048 2048 -1152.239990 ) 
4 558 579 (-3072 2048 5850.240234 ) (-3072 2048 64 ) (-3072 1024 64 ) (-3072 1024 5850.240234 ) 
4 558 570 (-2048 1024 64 ) (-2048 1024 5850.240234 ) (-3072 1024 5850.240234 ) (-3072 1024 64 ) 
4 558 559 (-3072 1024 64 ) (-3072 2048 64 ) (-2048 2048 64 ) (-2048 1024 64 ) 
4 559 580 (-3072 2048 64 ) (-3072 2048 -127 ) (-3072 1024 -127 ) (-3072 1024 64 ) 
4 559 571 (-2048 1024 -127 ) (-2048 1024 64 ) (-3072 1024 64 ) (-3072 1024 -127 ) 
4 560 582 (-3072 2048 -128 ) (-3072 2048 -1152.239990 ) (-3072 1024 -1152.239990 ) (-3072 1024 -128 ) 
4 560 572 (-2048 1024 -1152.239990 ) (-2048 1024 -128 ) (-3072 1024 -128 ) (-3072 1024 -1152.239990 ) 
4 561 567 (-1024 1024 5850.240234 ) (-1024 1024 64 ) (-1024 0 64 ) (-1024 0 5850.240234 ) 
4 561 564 (0 0 64 ) (0 0 5850.240234 ) (-1024 0 5850.240234 ) (-1024 0 64 ) 
4 561 562 (-1024 0 64 ) (-1024 1024 64 ) (0 1024 64 ) (0 0 64 ) 
4 562 568 (-1024 1024 64 ) (-1024 1024 -127 ) (-1024 0 -127 ) (-1024 0 64 ) 
4 562 565 (0 0 -127 ) (0 0 64 ) (-1024 0 64 ) (-1024 0 -127 ) 
4 563 569 (-1024 1024 -128 ) (-1024 1024 -1152.239990 ) (-1024 0 -1152.239990 ) (-1024 0 -128 ) 
4 563 566 (0 0 -1152.239990 ) (0 0 -128 ) (-1024 0 -128 ) (-1024 0 -1152.239990 ) 
4 564 606 (0 -1024 64 ) (0 -1024 5850.240234 ) (-1024 -1024 5850.240234 ) (-1024 -1024 64 ) 
4 564 573 (-1024 -1024 64 ) (-1024 -1024 5850.240234 ) (-1024 0 5850.240234 ) (-1024 0 64 ) 
4 564 565 (-1024 -1024 64 ) (-1024 0 64 ) (0 0 64 ) (0 -1024 64 ) 
4 565 607 (0 -1024 -127 ) (0 -1024 64 ) (-1024 -1024 64 ) (-1024 -1024 -127 ) 
4 565 574 (-1024 -1024 -127 ) (-1024 -1024 64 ) (-1024 0 64 ) (-1024 0 -127 ) 
4 566 608 (0 -1024 -1152.239990 ) (0 -1024 -128 ) (-1024 -1024 -128 ) (-1024 -1024 -1152.239990 ) 
4 566 575 (-1024 -1024 -1152.239990 ) (-1024 -1024 -128 ) (-1024 0 -128 ) (-1024 0 -1152.239990 ) 
4 567 573 (-1024 0 64 ) (-1024 0 5850.240234 ) (-2048 0 5850.240234 ) (-2048 0 64 ) 
4 567 570 (-2048 1024 5850.240234 ) (-2048 1024 64 ) (-2048 0 64 ) (-2048 0 5850.240234 ) 
4 567 568 (-1024 0 64 ) (-2048 0 64 ) (-2048 1024 64 ) (-1024 1024 64 ) 
4 568 574 (-1024 0 -127 ) (-1024 0 64 ) (-2048 0 64 ) (-2048 0 -127 ) 
4 568 571 (-2048 1024 64 ) (-2048 1024 -127 ) (-2048 0 -127 ) (-2048 0 64 ) 
4 569 575 (-1024 0 -1152.239990 ) (-1024 0 -128 ) (-2048 0 -128 ) (-2048 0 -1152.239990 ) 
4 569 572 (-2048 1024 -128 ) (-2048 1024 -1152.239990 ) (-2048 0 -1152.239990 ) (-2048 0 -128 ) 
4 570 588 (-3072 0 64 ) (-3072 0 5850.240234 ) (-3072 1024 5850.240234 ) (-3072 1024 64 ) 
4 570 576 (-2048 0 64 ) (-2048 0 5850.240234 ) (-3072 0 5850.240234 ) (-3072 0 64 ) 
4 570 571 (-2048 1024 64 ) (-2048 0 64 ) (-3072 0 64 ) (-3072 1024 64 ) 
4 571 589 (-3072 0 -127 ) (-3072 0 64 ) (-3072 1024 64 ) (-3072 1024 -127 ) 
4 571 577 (-2048 0 -127 ) (-2048 0 64 ) (-3072 0 64 ) (-3072 0 -127 ) 
4 572 591 (-3072 0 -1152.239990 ) (-3072 0 -128 ) (-3072 1024 -128 ) (-3072 1024 -1152.239990 ) 
4 572 578 (-2048 0 -1152.239990 ) (-2048 0 -128 ) (-3072 0 -128 ) (-3072 0 -1152.239990 ) 
4 573 613 (-1024 -1024 64 ) (-1024 -1024 5850.240234 ) (-2048 -1024 5850.240234 ) (-2048 -1024 64 ) 
4 573 576 (-2048 0 5850.240234 ) (-2048 0 64 ) (-2048 -1024 64 ) (-2048 -1024 5850.240234 ) 
4 573 574 (-2048 0 64 ) (-1024 0 64 ) (-1024 -1024 64 ) (-2048 -1024 64 ) 
4 574 614 (-1024 -1024 -127 ) (-1024 -1024 64 ) (-2048 -1024 64 ) (-2048 -1024 -127 ) 
4 574 577 (-2048 0 64 ) (-2048 0 -127 ) (-2048 -1024 -127 ) (-2048 -1024 64 ) 
4 575 615 (-1024 -1024 -1152.239990 ) (-1024 -1024 -128 ) (-2048 -1024 -128 ) (-2048 -1024 -1152.239990 ) 
4 575 578 (-2048 0 -128 ) (-2048 0 -1152.239990 ) (-2048 -1024 -1152.239990 ) (-2048 -1024 -128 ) 
4 576 616 (-2048 -1024 64 ) (-2048 -1024 5850.240234 ) (-3072 -1024 5850.240234 ) (-3072 -1024 64 ) 
4 576 592 (-3072 -1024 64 ) (-3072 -1024 5850.240234 ) (-3072 0 5850.240234 ) (-3072 0 64 ) 
4 576 577 (-2048 0 64 ) (-2048 -1024 64 ) (-3072 -1024 64 ) (-3072 0 64 ) 
4 577 617 (-2048 -1024 -127 ) (-2048 -1024 64 ) (-3072 -1024 64 ) (-3072 -1024 -127 ) 
4 577 593 (-3072 -1024 -127 ) (-3072 -1024 64 ) (-3072 0 64 ) (-3072 0 -127 ) 
4 578 618 (-2048 -1024 -1152.239990 ) (-2048 -1024 -128 ) (-3072 -1024 -128 ) (-3072 -1024 -1152.239990 ) 
4 578 595 (-3072 -1024 -1152.239990 ) (-3072 -1024 -128 ) (-3072 0 -128 ) (-3072 0 -1152.239990 ) 
4 579 588 (-3072 1024 64 ) (-3072 1024 5850.240234 ) (-4096 1024 5850.240234 ) (-4096 1024 64 ) 
4 579 583 (-4096 2048 5850.240234 ) (-4096 2048 64 ) (-4096 1024 64 ) (-4096 1024 5850.240234 ) 
4 579 580 (-3072 1024 64 ) (-3584 1024 64 ) (-3584 2048 64 ) (-3072 2048 64 ) 
4 579 581 (-3584 1024 64 ) (-4096 1024 64 ) (-4096 2048 64 ) (-3584 2048 64 ) 
4 580 589 (-3072 1024 -127 ) (-3072 1024 64 ) (-3584 1024 64 ) (-3584 1024 -127 ) 
4 580 581 (-3584 1024 -127 ) (-3584 1024 64 ) (-3584 2048 64 ) (-3584 2048 -127 ) 
4 581 590 (-3584 1024 64 ) (-4096 1024 64 ) (-4096 1024 -128 ) (-3584 1024 -128 ) 
4 581 586 (-4096 2048 64 ) (-4096 2048 -128 ) (-4096 1024 -128 ) (-4096 1024 64 ) 
4 581 582 (-4096 1024 -128 ) (-4096 2048 -128 ) (-3584 2048 -128 ) (-3584 1024 -128 ) 
4 582 591 (-3072 1024 -1152.239990 ) (-3072 1024 -128 ) (-4096 1024 -128 ) (-4096 1024 -1152.239990 ) 
4 582 587 (-4096 2048 -128 ) (-4096 2048 -1152.239990 ) (-4096 1024 -1152.239990 ) (-4096 1024 -128 ) 
4 583 596 (-4096 1024 64 ) (-4096 1024 5850.240234 ) (-4584 1024 5850.240234 ) (-4584 1024 64 ) 
4 583 586 (-4584 2048 64 ) (-4096 2048 64 ) (-4096 1024 64 ) (-4584 1024 64 ) 
4 583 585 (-4584 2048 64 ) (-4584 1024 64 ) (-4584 1024 128 ) (-4584 2048 128 ) 
4 583 584 (-4584 1024 400 ) (-4584 1024 5850.240234 ) (-4584 2048 5850.240234 ) (-4584 2048 400 ) 
4 584 597 (-4584 1024 5850.240234 ) (-4608 1024 5850.240234 ) (-4608 1024 400 ) (-4584 1024 400 ) 
4 585 598 (-4608 1024 128 ) (-4608 1024 64 ) (-4584 1024 64 ) (-4584 1024 128 ) 
4 585 586 (-4608 2048 64 ) (-4584 2048 64 ) (-4584 1024 64 ) (-4608 1024 64 ) 
4 586 599 (-4096 1024 -128 ) (-4096 1024 64 ) (-4608 1024 64 ) (-4608 1024 -128 ) 
4 586 587 (-4096 1024 -128 ) (-4608 1024 -128 ) (-4608 2048 -128 ) (-4096 2048 -128 ) 
4 587 600 (-4096 1024 -1152.239990 ) (-4096 1024 -128 ) (-4608 1024 -128 ) (-4608 1024 -1152.239990 ) 
4 588 596 (-4096 1024 5850.240234 ) (-4096 1024 64 ) (-4096 0 64 ) (-4096 0 5850.240234 ) 
4 588 592 (-3072 0 64 ) (-3072 0 5850.240234 ) (-4096 0 5850.240234 ) (-4096 0 64 ) 
4 588 589 (-3584 1024 64 ) (-3072 1024 64 ) (-3072 0 64 ) (-3584 0 64 ) 
4 588 590 (-4096 0 64 ) (-4096 1024 64 ) (-3584 1024 64 ) (-3584 0 64 ) 
4 589 593 (-3072 0 -127 ) (-3072 0 64 ) (-3584 0 64 ) (-3584 0 -127 ) 
4 589 590 (-3584 0 -127 ) (-3584 0 64 ) (-3584 1024 64 ) (-3584 1024 -127 ) 
4 590 599 (-4096 1024 64 ) (-4096 1024 -128 ) (-4096 0 -128 ) (-4096 0 64 ) 
4 590 594 (-3584 0 64 ) (-4096 0 64 ) (-4096 0 -128 ) (-3584 0 -128 ) 
4 590 591 (-3584 0 -128 ) (-4096 0 -128 ) (-4096 1024 -128 ) (-3584 1024 -128 ) 
4 591 600 (-4096 1024 -128 ) (-4096 1024 -1152.239990 ) (-4096 0 -1152.239990 ) (-4096 0 -128 ) 
4 591 595 (-3072 0 -1152.239990 ) (-3072 0 -128 ) (-4096 0 -128 ) (-4096 0 -1152.239990 ) 
4 592 642 (-3072 -1024 64 ) (-3072 -1024 5850.240234 ) (-4096 -1024 5850.240234 ) (-4096 -1024 64 ) 
4 592 601 (-4096 -1024 64 ) (-4096 -1024 5850.240234 ) (-4096 0 5850.240234 ) (-4096 0 64 ) 
4 592 593 (-3072 -1024 64 ) (-3584 -1024 64 ) (-3584 0 64 ) (-3072 0 64 ) 
4 592 594 (-3584 -1024 64 ) (-4096 -1024 64 ) (-4096 0 64 ) (-3584 0 64 ) 
4 593 643 (-3072 -1024 -127 ) (-3072 -1024 64 ) (-3584 -1024 64 ) (-3584 -1024 -127 ) 
4 593 594 (-3584 -1024 -127 ) (-3584 -1024 64 ) (-3584 0 64 ) (-3584 0 -127 ) 
4 594 644 (-3584 -1024 64 ) (-4096 -1024 64 ) (-4096 -1024 -128 ) (-3584 -1024 -128 ) 
4 594 604 (-4096 -1024 -128 ) (-4096 -1024 64 ) (-4096 0 64 ) (-4096 0 -128 ) 
4 594 595 (-3584 -1024 -128 ) (-4096 -1024 -128 ) (-4096 0 -128 ) (-3584 0 -128 ) 
4 595 645 (-3072 -1024 -1152.239990 ) (-3072 -1024 -128 ) (-4096 -1024 -128 ) (-4096 -1024 -1152.239990 ) 
4 595 605 (-4096 -1024 -1152.239990 ) (-4096 -1024 -128 ) (-4096 0 -128 ) (-4096 0 -1152.239990 ) 
4 596 601 (-4096 0 64 ) (-4096 0 5850.240234 ) (-4584 0 5850.240234 ) (-4584 0 64 ) 
4 596 599 (-4584 1024 64 ) (-4096 1024 64 ) (-4096 0 64 ) (-4584 0 64 ) 
4 596 598 (-4584 1024 64 ) (-4584 0 64 ) (-4584 0 128 ) (-4584 1024 128 ) 
4 596 597 (-4584 0 400 ) (-4584 0 5850.240234 ) (-4584 1024 5850.240234 ) (-4584 1024 400 ) 
4 597 602 (-4584 0 5850.240234 ) (-4608 0 5850.240234 ) (-4608 0 400 ) (-4584 0 400 ) 
4 598 603 (-4608 0 128 ) (-4608 0 64 ) (-4584 0 64 ) (-4584 0 128 ) 
4 598 599 (-4608 1024 64 ) (-4584 1024 64 ) (-4584 0 64 ) (-4608 0 64 ) 
4 599 604 (-4096 0 -128 ) (-4096 0 64 ) (-4608 0 64 ) (-4608 0 -128 ) 
4 599 600 (-4096 0 -128 ) (-4608 0 -128 ) (-4608 1024 -128 ) (-4096 1024 -128 ) 
4 600 605 (-4096 0 -1152.239990 ) (-4096 0 -128 ) (-4608 0 -128 ) (-4608 0 -1152.239990 ) 
4 601 651 (-4096 -1024 64 ) (-4096 -1024 5850.240234 ) (-4584 -1024 5850.240234 ) (-4584 -1024 64 ) 
4 601 604 (-4096 -1024 64 ) (-4584 -1024 64 ) (-4584 0 64 ) (-4096 0 64 ) 
4 601 603 (-4584 0 64 ) (-4584 -1024 64 ) (-4584 -1024 128 ) (-4584 0 128 ) 
4 601 602 (-4584 -1024 400 ) (-4584 -1024 5850.240234 ) (-4584 0 5850.240234 ) (-4584 0 400 ) 
4 602 652 (-4584 -1024 5850.240234 ) (-4608 -1024 5850.240234 ) (-4608 -1024 400 ) (-4584 -1024 400 ) 
4 603 653 (-4608 -1024 128 ) (-4608 -1024 64 ) (-4584 -1024 64 ) (-4584 -1024 128 ) 
4 603 604 (-4584 -1024 64 ) (-4608 -1024 64 ) (-4608 0 64 ) (-4584 0 64 ) 
4 604 654 (-4096 -1024 -128 ) (-4096 -1024 64 ) (-4608 -1024 64 ) (-4608 -1024 -128 ) 
4 604 605 (-4608 0 -128 ) (-4096 0 -128 ) (-4096 -1024 -128 ) (-4608 -1024 -128 ) 
4 605 655 (-4096 -1024 -1152.239990 ) (-4096 -1024 -128 ) (-4608 -1024 -128 ) (-4608 -1024 -1152.239990 ) 
4 606 613 (-1024 -1024 5850.240234 ) (-1024 -1024 64 ) (-1024 -2048 64 ) (-1024 -2048 5850.240234 ) 
4 606 609 (0 -2048 64 ) (0 -2048 5850.240234 ) (-1024 -2048 5850.240234 ) (-1024 -2048 64 ) 
4 606 607 (-1024 -2048 64 ) (-1024 -1024 64 ) (0 -1024 64 ) (0 -2048 64 ) 
4 607 614 (-1024 -1024 64 ) (-1024 -1024 -127 ) (-1024 -2048 -127 ) (-1024 -2048 64 ) 
4 607 610 (0 -2048 -127 ) (0 -2048 64 ) (-1024 -2048 64 ) (-1024 -2048 -127 ) 
4 608 615 (-1024 -1024 -128 ) (-1024 -1024 -1152.239990 ) (-1024 -2048 -1152.239990 ) (-1024 -2048 -128 ) 
4 608 612 (0 -2048 -1152.239990 ) (0 -2048 -128 ) (-1024 -2048 -128 ) (-1024 -2048 -1152.239990 ) 
4 609 627 (0 -3072 64 ) (0 -3072 5850.240234 ) (-1024 -3072 5850.240234 ) (-1024 -3072 64 ) 
4 609 619 (-1024 -3072 64 ) (-1024 -3072 5850.240234 ) (-1024 -2048 5850.240234 ) (-1024 -2048 64 ) 
4 609 610 (-1024 -2560 64 ) (-1024 -2048 64 ) (0 -2048 64 ) (0 -2560 64 ) 
4 609 611 (-1024 -3072 64 ) (-1024 -2560 64 ) (0 -2560 64 ) (0 -3072 64 ) 
4 610 620 (-1024 -2560 64 ) (-1024 -2048 64 ) (-1024 -2048 -127 ) (-1024 -2560 -127 ) 
4 610 611 (0 -2560 -127 ) (0 -2560 64 ) (-1024 -2560 64 ) (-1024 -2560 -127 ) 
4 611 630 (0 -3072 -128 ) (0 -3072 64 ) (-1024 -3072 64 ) (-1024 -3072 -128 ) 
4 611 621 (-1024 -3072 -128 ) (-1024 -3072 64 ) (-1024 -2560 64 ) (-1024 -2560 -128 ) 
4 611 612 (0 -3072 -128 ) (-1024 -3072 -128 ) (-1024 -2560 -128 ) (0 -2560 -128 ) 
4 612 631 (0 -3072 -1152.239990 ) (0 -3072 -128 ) (-1024 -3072 -128 ) (-1024 -3072 -1152.239990 ) 
4 612 622 (-1024 -3072 -1152.239990 ) (-1024 -3072 -128 ) (-1024 -2048 -128 ) (-1024 -2048 -1152.239990 ) 
4 613 619 (-1024 -2048 64 ) (-1024 -2048 5850.240234 ) (-2048 -2048 5850.240234 ) (-2048 -2048 64 ) 
4 613 616 (-2048 -1024 5850.240234 ) (-2048 -1024 64 ) (-2048 -2048 64 ) (-2048 -2048 5850.240234 ) 
4 613 614 (-1024 -2048 64 ) (-2048 -2048 64 ) (-2048 -1024 64 ) (-1024 -1024 64 ) 
4 614 620 (-1024 -2048 -127 ) (-1024 -2048 64 ) (-2048 -2048 64 ) (-2048 -2048 -127 ) 
4 614 617 (-2048 -1024 64 ) (-2048 -1024 -127 ) (-2048 -2048 -127 ) (-2048 -2048 64 ) 
4 615 622 (-1024 -2048 -1152.239990 ) (-1024 -2048 -128 ) (-2048 -2048 -128 ) (-2048 -2048 -1152.239990 ) 
4 615 618 (-2048 -1024 -128 ) (-2048 -1024 -1152.239990 ) (-2048 -2048 -1152.239990 ) (-2048 -2048 -128 ) 
4 616 642 (-3072 -1024 5850.240234 ) (-3072 -1024 64 ) (-3072 -2048 64 ) (-3072 -2048 5850.240234 ) 
4 616 623 (-2048 -2048 64 ) (-2048 -2048 5850.240234 ) (-3072 -2048 5850.240234 ) (-3072 -2048 64 ) 
4 616 617 (-3072 -1024 64 ) (-2048 -1024 64 ) (-2048 -2048 64 ) (-3072 -2048 64 ) 
4 617 643 (-3072 -1024 64 ) (-3072 -1024 -127 ) (-3072 -2048 -127 ) (-3072 -2048 64 ) 
4 617 624 (-2048 -2048 -127 ) (-2048 -2048 64 ) (-3072 -2048 64 ) (-3072 -2048 -127 ) 
4 618 645 (-3072 -1024 -128 ) (-3072 -1024 -1152.239990 ) (-3072 -2048 -1152.239990 ) (-3072 -2048 -128 ) 
4 618 626 (-2048 -2048 -1152.239990 ) (-2048 -2048 -128 ) (-3072 -2048 -128 ) (-3072 -2048 -1152.239990 ) 
4 619 632 (-1024 -3072 64 ) (-1024 -3072 5850.240234 ) (-2048 -3072 5850.240234 ) (-2048 -3072 64 ) 
4 619 623 (-2048 -2048 5850.240234 ) (-2048 -2048 64 ) (-2048 -3072 64 ) (-2048 -3072 5850.240234 ) 
4 619 620 (-2048 -2048 64 ) (-1024 -2048 64 ) (-1024 -2560 64 ) (-2048 -2560 64 ) 
4 619 621 (-1024 -2560 64 ) (-1024 -3072 64 ) (-2048 -3072 64 ) (-2048 -2560 64 ) 
4 620 624 (-2048 -2048 64 ) (-2048 -2048 -127 ) (-2048 -2560 -127 ) (-2048 -2560 64 ) 
4 620 621 (-1024 -2560 -127 ) (-1024 -2560 64 ) (-2048 -2560 64 ) (-2048 -2560 -127 ) 
4 621 635 (-1024 -3072 -128 ) (-1024 -3072 64 ) (-2048 -3072 64 ) (-2048 -3072 -128 ) 
4 621 625 (-2048 -2560 -128 ) (-2048 -3072 -128 ) (-2048 -3072 64 ) (-2048 -2560 64 ) 
4 621 622 (-1024 -3072 -128 ) (-2048 -3072 -128 ) (-2048 -2560 -128 ) (-1024 -2560 -128 ) 
4 622 636 (-1024 -3072 -1152.239990 ) (-1024 -3072 -128 ) (-2048 -3072 -128 ) (-2048 -3072 -1152.239990 ) 
4 622 626 (-2048 -2048 -128 ) (-2048 -2048 -1152.239990 ) (-2048 -3072 -1152.239990 ) (-2048 -3072 -128 ) 
4 623 646 (-3072 -3072 64 ) (-3072 -3072 5850.240234 ) (-3072 -2048 5850.240234 ) (-3072 -2048 64 ) 
4 623 637 (-2048 -3072 64 ) (-2048 -3072 5850.240234 ) (-3072 -3072 5850.240234 ) (-3072 -3072 64 ) 
4 623 624 (-2048 -2048 64 ) (-2048 -2560 64 ) (-3072 -2560 64 ) (-3072 -2048 64 ) 
4 623 625 (-2048 -2560 64 ) (-2048 -3072 64 ) (-3072 -3072 64 ) (-3072 -2560 64 ) 
4 624 647 (-3072 -2560 64 ) (-3072 -2048 64 ) (-3072 -2048 -127 ) (-3072 -2560 -127 ) 
4 624 625 (-2048 -2560 -127 ) (-2048 -2560 64 ) (-3072 -2560 64 ) (-3072 -2560 -127 ) 
4 625 648 (-3072 -3072 -128 ) (-3072 -3072 64 ) (-3072 -2560 64 ) (-3072 -2560 -128 ) 
4 625 640 (-2048 -3072 -128 ) (-2048 -3072 64 ) (-3072 -3072 64 ) (-3072 -3072 -128 ) 
4 625 626 (-2048 -3072 -128 ) (-3072 -3072 -128 ) (-3072 -2560 -128 ) (-2048 -2560 -128 ) 
4 626 650 (-3072 -3072 -1152.239990 ) (-3072 -3072 -128 ) (-3072 -2048 -128 ) (-3072 -2048 -1152.239990 ) 
4 626 641 (-2048 -3072 -1152.239990 ) (-2048 -3072 -128 ) (-3072 -3072 -128 ) (-3072 -3072 -1152.239990 ) 
4 627 632 (-1024 -3072 5850.240234 ) (-1024 -3072 64 ) (-1024 -3560 64 ) (-1024 -3560 5850.240234 ) 
4 627 630 (-1024 -3560 64 ) (-1024 -3072 64 ) (0 -3072 64 ) (0 -3560 64 ) 
4 627 629 (-1024 -3560 64 ) (0 -3560 64 ) (0 -3560 128 ) (-1024 -3560 128 ) 
4 627 628 (0 -3560 400 ) (0 -3560 5850.240234 ) (-1024 -3560 5850.240234 ) (-1024 -3560 400 ) 
4 628 633 (-1024 -3584 400 ) (-1024 -3584 5850.240234 ) (-1024 -3560 5850.240234 ) (-1024 -3560 400 ) 
4 629 634 (-1024 -3560 64 ) (-1024 -3584 64 ) (-1024 -3584 128 ) (-1024 -3560 128 ) 
4 629 630 (-1024 -3584 64 ) (-1024 -3560 64 ) (0 -3560 64 ) (0 -3584 64 ) 
4 630 635 (-1024 -3072 64 ) (-1024 -3072 -128 ) (-1024 -3584 -128 ) (-1024 -3584 64 ) 
4 630 631 (-1024 -3584 -128 ) (-1024 -3072 -128 ) (0 -3072 -128 ) (0 -3584 -128 ) 
4 631 636 (-1024 -3072 -128 ) (-1024 -3072 -1152.239990 ) (-1024 -3584 -1152.239990 ) (-1024 -3584 -128 ) 
4 632 637 (-2048 -3072 5850.240234 ) (-2048 -3072 64 ) (-2048 -3560 64 ) (-2048 -3560 5850.240234 ) 
4 632 635 (-2048 -3560 64 ) (-2048 -3072 64 ) (-1024 -3072 64 ) (-1024 -3560 64 ) 
4 632 634 (-2048 -3560 64 ) (-1024 -3560 64 ) (-1024 -3560 128 ) (-2048 -3560 128 ) 
4 632 633 (-1024 -3560 400 ) (-1024 -3560 5850.240234 ) (-2048 -3560 5850.240234 ) (-2048 -3560 400 ) 
4 633 638 (-2048 -3584 400 ) (-2048 -3584 5850.240234 ) (-2048 -3560 5850.240234 ) (-2048 -3560 400 ) 
4 634 639 (-2048 -3560 64 ) (-2048 -3584 64 ) (-2048 -3584 128 ) (-2048 -3560 128 ) 
4 634 635 (-2048 -3584 64 ) (-2048 -3560 64 ) (-1024 -3560 64 ) (-1024 -3584 64 ) 
4 635 640 (-2048 -3072 64 ) (-2048 -3072 -128 ) (-2048 -3584 -128 ) (-2048 -3584 64 ) 
4 635 636 (-2048 -3584 -128 ) (-2048 -3072 -128 ) (-1024 -3072 -128 ) (-1024 -3584 -128 ) 
4 636 641 (-2048 -3072 -128 ) (-2048 -3072 -1152.239990 ) (-2048 -3584 -1152.239990 ) (-2048 -3584 -128 ) 
4 637 661 (-3072 -3072 5850.240234 ) (-3072 -3072 64 ) (-3072 -3560 64 ) (-3072 -3560 5850.240234 ) 
4 637 640 (-3072 -3560 64 ) (-3072 -3072 64 ) (-2048 -3072 64 ) (-2048 -3560 64 ) 
4 637 639 (-3072 -3560 64 ) (-2048 -3560 64 ) (-2048 -3560 128 ) (-3072 -3560 128 ) 
4 637 638 (-2048 -3560 400 ) (-2048 -3560 5850.240234 ) (-3072 -3560 5850.240234 ) (-3072 -3560 400 ) 
4 638 662 (-3072 -3584 400 ) (-3072 -3584 5850.240234 ) (-3072 -3560 5850.240234 ) (-3072 -3560 400 ) 
4 639 663 (-3072 -3560 64 ) (-3072 -3584 64 ) (-3072 -3584 128 ) (-3072 -3560 128 ) 
4 639 640 (-3072 -3584 64 ) (-3072 -3560 64 ) (-2048 -3560 64 ) (-2048 -3584 64 ) 
4 640 664 (-3072 -3584 64 ) (-3072 -3072 64 ) (-3072 -3072 -128 ) (-3072 -3584 -128 ) 
4 640 641 (-2048 -3072 -128 ) (-2048 -3584 -128 ) (-3072 -3584 -128 ) (-3072 -3072 -128 ) 
4 641 665 (-3072 -3584 -128 ) (-3072 -3072 -128 ) (-3072 -3072 -1152.239990 ) (-3072 -3584 -1152.239990 ) 
4 642 651 (-4096 -1024 5850.240234 ) (-4096 -1024 64 ) (-4096 -2048 64 ) (-4096 -2048 5850.240234 ) 
4 642 646 (-3072 -2048 64 ) (-3072 -2048 5850.240234 ) (-4096 -2048 5850.240234 ) (-4096 -2048 64 ) 
4 642 643 (-3584 -1024 64 ) (-3072 -1024 64 ) (-3072 -2048 64 ) (-3584 -2048 64 ) 
4 642 644 (-4096 -2048 64 ) (-4096 -1024 64 ) (-3584 -1024 64 ) (-3584 -2048 64 ) 
4 643 647 (-3072 -2048 -127 ) (-3072 -2048 64 ) (-3584 -2048 64 ) (-3584 -2048 -127 ) 
4 643 644 (-3584 -2048 -127 ) (-3584 -2048 64 ) (-3584 -1024 64 ) (-3584 -1024 -127 ) 
4 644 654 (-4096 -1024 64 ) (-4096 -1024 -128 ) (-4096 -2048 -128 ) (-4096 -2048 64 ) 
4 644 649 (-3584 -2048 64 ) (-4096 -2048 64 ) (-4096 -2048 -128 ) (-3584 -2048 -128 ) 
4 644 645 (-3584 -2048 -128 ) (-4096 -2048 -128 ) (-4096 -1024 -128 ) (-3584 -1024 -128 ) 
4 645 655 (-4096 -1024 -128 ) (-4096 -1024 -1152.239990 ) (-4096 -2048 -1152.239990 ) (-4096 -2048 -128 ) 
4 645 650 (-3072 -2048 -1152.239990 ) (-3072 -2048 -128 ) (-4096 -2048 -128 ) (-4096 -2048 -1152.239990 ) 
4 646 661 (-3072 -3072 64 ) (-3072 -3072 5850.240234 ) (-4096 -3072 5850.240234 ) (-4096 -3072 64 ) 
4 646 656 (-4096 -3072 64 ) (-4096 -3072 5850.240234 ) (-4096 -2048 5850.240234 ) (-4096 -2048 64 ) 
4 646 647 (-3584 -2048 64 ) (-3072 -2048 64 ) (-3072 -2560 64 ) (-3584 -2560 64 ) 
4 646 648 (-3072 -2560 64 ) (-3072 -3072 64 ) (-3584 -3072 64 ) (-3584 -2560 64 ) 
4 646 649 (-4096 -3072 64 ) (-4096 -2048 64 ) (-3584 -2048 64 ) (-3584 -3072 64 ) 
4 647 648 (-3584 -2560 64 ) (-3584 -2560 -127 ) (-3072 -2560 -127 ) (-3072 -2560 64 ) 
4 647 649 (-3584 -2560 -127 ) (-3584 -2560 64 ) (-3584 -2048 64 ) (-3584 -2048 -127 ) 
4 648 664 (-3072 -3072 -128 ) (-3072 -3072 64 ) (-3584 -3072 64 ) (-3584 -3072 -128 ) 
4 648 650 (-3072 -3072 -128 ) (-3584 -3072 -128 ) (-3584 -2560 -128 ) (-3072 -2560 -128 ) 
4 648 649 (-3584 -2560 -128 ) (-3584 -3072 -128 ) (-3584 -3072 64 ) (-3584 -2560 64 ) 
4 649 664 (-3584 -3072 64 ) (-4096 -3072 64 ) (-4096 -3072 -128 ) (-3584 -3072 -128 ) 
4 649 659 (-4096 -3072 -128 ) (-4096 -3072 64 ) (-4096 -2048 64 ) (-4096 -2048 -128 ) 
4 649 650 (-3584 -3072 -128 ) (-4096 -3072 -128 ) (-4096 -2048 -128 ) (-3584 -2048 -128 ) 
4 650 665 (-3072 -3072 -1152.239990 ) (-3072 -3072 -128 ) (-4096 -3072 -128 ) (-4096 -3072 -1152.239990 ) 
4 650 660 (-4096 -3072 -1152.239990 ) (-4096 -3072 -128 ) (-4096 -2048 -128 ) (-4096 -2048 -1152.239990 ) 
4 651 656 (-4096 -2048 64 ) (-4096 -2048 5850.240234 ) (-4584 -2048 5850.240234 ) (-4584 -2048 64 ) 
4 651 654 (-4584 -1024 64 ) (-4096 -1024 64 ) (-4096 -2048 64 ) (-4584 -2048 64 ) 
4 651 653 (-4584 -1024 64 ) (-4584 -2048 64 ) (-4584 -2048 128 ) (-4584 -1024 128 ) 
4 651 652 (-4584 -2048 400 ) (-4584 -2048 5850.240234 ) (-4584 -1024 5850.240234 ) (-4584 -1024 400 ) 
4 652 657 (-4584 -2048 5850.240234 ) (-4608 -2048 5850.240234 ) (-4608 -2048 400 ) (-4584 -2048 400 ) 
4 653 658 (-4608 -2048 128 ) (-4608 -2048 64 ) (-4584 -2048 64 ) (-4584 -2048 128 ) 
4 653 654 (-4608 -1024 64 ) (-4584 -1024 64 ) (-4584 -2048 64 ) (-4608 -2048 64 ) 
4 654 659 (-4096 -2048 -128 ) (-4096 -2048 64 ) (-4608 -2048 64 ) (-4608 -2048 -128 ) 
4 654 655 (-4096 -2048 -128 ) (-4608 -2048 -128 ) (-4608 -1024 -128 ) (-4096 -1024 -128 ) 
4 655 660 (-4096 -2048 -1152.239990 ) (-4096 -2048 -128 ) (-4608 -2048 -128 ) (-4608 -2048 -1152.239990 ) 
4 656 667 (-4096 -3072 64 ) (-4096 -3072 400 ) (-4584 -3072 400 ) (-4584 -3072 64 ) 
4 656 666 (-4096 -3072 400 ) (-4096 -3072 5850.240234 ) (-4584 -3072 5850.240234 ) (-4584 -3072 400 ) 
4 656 659 (-4096 -3072 64 ) (-4584 -3072 64 ) (-4584 -2048 64 ) (-4096 -2048 64 ) 
4 656 658 (-4584 -2048 64 ) (-4584 -3072 64 ) (-4584 -3072 128 ) (-4584 -2048 128 ) 
4 656 657 (-4584 -3072 400 ) (-4584 -3072 5850.240234 ) (-4584 -2048 5850.240234 ) (-4584 -2048 400 ) 
4 657 669 (-4584 -3072 5850.240234 ) (-4608 -3072 5850.240234 ) (-4608 -3072 400 ) (-4584 -3072 400 ) 
4 658 670 (-4608 -3072 128 ) (-4608 -3072 64 ) (-4584 -3072 64 ) (-4584 -3072 128 ) 
4 658 659 (-4584 -3072 64 ) (-4608 -3072 64 ) (-4608 -2048 64 ) (-4584 -2048 64 ) 
4 659 671 (-4096 -3072 -128 ) (-4096 -3072 64 ) (-4608 -3072 64 ) (-4608 -3072 -128 ) 
4 659 660 (-4608 -2048 -128 ) (-4096 -2048 -128 ) (-4096 -3072 -128 ) (-4608 -3072 -128 ) 
4 660 672 (-4096 -3072 -1152.239990 ) (-4096 -3072 -128 ) (-4608 -3072 -128 ) (-4608 -3072 -1152.239990 ) 
4 661 667 (-4096 -3072 400 ) (-4096 -3072 64 ) (-4096 -3560 64 ) (-4096 -3560 400 ) 
4 661 666 (-4096 -3072 5850.240234 ) (-4096 -3072 400 ) (-4096 -3560 400 ) (-4096 -3560 5850.240234 ) 
4 661 664 (-4096 -3560 64 ) (-4096 -3072 64 ) (-3072 -3072 64 ) (-3072 -3560 64 ) 
4 661 663 (-4096 -3560 64 ) (-3072 -3560 64 ) (-3072 -3560 128 ) (-4096 -3560 128 ) 
4 661 662 (-3072 -3560 400 ) (-3072 -3560 5850.240234 ) (-4096 -3560 5850.240234 ) (-4096 -3560 400 ) 
4 662 666 (-4096 -3584 400 ) (-4096 -3584 5850.240234 ) (-4096 -3560 5850.240234 ) (-4096 -3560 400 ) 
4 663 668 (-4096 -3560 64 ) (-4096 -3584 64 ) (-4096 -3584 128 ) (-4096 -3560 128 ) 
4 663 664 (-4096 -3584 64 ) (-4096 -3560 64 ) (-3072 -3560 64 ) (-3072 -3584 64 ) 
4 664 671 (-4096 -3072 64 ) (-4096 -3072 -128 ) (-4096 -3584 -128 ) (-4096 -3584 64 ) 
4 664 665 (-4096 -3584 -128 ) (-4096 -3072 -128 ) (-3072 -3072 -128 ) (-3072 -3584 -128 ) 
4 665 672 (-4096 -3072 -128 ) (-4096 -3072 -1152.239990 ) (-4096 -3584 -1152.239990 ) (-4096 -3584 -128 ) 
4 666 669 (-4584 -3072 5850.240234 ) (-4584 -3072 400 ) (-4584 -3584 400 ) (-4584 -3584 5850.240234 ) 
4 666 667 (-4584 -3560 400 ) (-4584 -3072 400 ) (-4096 -3072 400 ) (-4096 -3560 400 ) 
4 667 671 (-4584 -3072 64 ) (-4096 -3072 64 ) (-4096 -3560 64 ) (-4584 -3560 64 ) 
4 667 670 (-4584 -3072 128 ) (-4584 -3072 64 ) (-4584 -3560 64 ) (-4584 -3560 128 ) 
4 667 668 (-4584 -3560 128 ) (-4584 -3560 64 ) (-4096 -3560 64 ) (-4096 -3560 128 ) 
4 668 671 (-4096 -3560 64 ) (-4096 -3584 64 ) (-4584 -3584 64 ) (-4584 -3560 64 ) 
4 668 670 (-4584 -3560 64 ) (-4584 -3584 64 ) (-4584 -3584 128 ) (-4584 -3560 128 ) 
4 670 671 (-4608 -3072 64 ) (-4584 -3072 64 ) (-4584 -3584 64 ) (-4608 -3584 64 ) 
4 671 672 (-4608 -3584 -128 ) (-4608 -3072 -128 ) (-4096 -3072 -128 ) (-4096 -3584 -128 ) 
